0 verbose cli /usr/local/bin/node /usr/local/bin/npm
1 info using npm@11.7.0
2 info using node@v24.11.0
3 silly config load:file:/usr/local/lib/node_modules/npm/npmrc
4 silly config load:file:/Users/benjamin/Projects/Kuva-v2/kuva-latest/.npmrc
5 silly config load:file:/Users/benjamin/.npmrc
6 silly config load:file:/usr/local/etc/npmrc
7 verbose title npm install
8 verbose argv "install"
9 verbose logfile logs-max:10 dir:/Users/benjamin/Projects/Kuva-v2/kuva-latest/.npm-cache/_logs/2026-04-29T05_06_55_732Z-
10 verbose logfile /Users/benjamin/Projects/Kuva-v2/kuva-latest/.npm-cache/_logs/2026-04-29T05_06_55_732Z-debug-0.log
11 silly logfile done cleaning log files
12 silly packumentCache heap:4496293888 maxSize:1124073472 maxEntrySize:562036736
13 silly idealTree buildDeps
14 silly fetch manifest react@^18.2.0
15 silly packumentCache full:https://registry.npmjs.org/react cache-miss
16 http fetch GET 200 https://registry.npmjs.org/npm 119ms
17 http fetch GET 200 https://registry.npmjs.org/react 503ms (cache miss)
18 silly packumentCache full:https://registry.npmjs.org/react set size:undefined disposed:false
19 silly fetch manifest react-dom@^18.2.0
20 silly packumentCache full:https://registry.npmjs.org/react-dom cache-miss
21 http fetch GET 200 https://registry.npmjs.org/react-dom 149ms (cache miss)
22 silly packumentCache full:https://registry.npmjs.org/react-dom set size:undefined disposed:false
23 silly fetch manifest next@14.2.3
24 silly packumentCache full:https://registry.npmjs.org/next cache-miss
25 http fetch GET 200 https://registry.npmjs.org/next 382ms (cache miss)
26 silly packumentCache full:https://registry.npmjs.org/next set size:undefined disposed:false
27 silly fetch manifest @opentelemetry/api@^1.1.0
28 silly packumentCache full:https://registry.npmjs.org/@opentelemetry%2fapi cache-miss
29 http fetch GET 200 https://registry.npmjs.org/@opentelemetry%2fapi 232ms (cache miss)
30 silly packumentCache full:https://registry.npmjs.org/@opentelemetry%2fapi set size:undefined disposed:false
31 silly fetch manifest @playwright/test@^1.41.2
32 silly packumentCache full:https://registry.npmjs.org/@playwright%2ftest cache-miss
33 http fetch GET 200 https://registry.npmjs.org/@playwright%2ftest 637ms (cache miss)
34 silly packumentCache full:https://registry.npmjs.org/@playwright%2ftest set size:undefined disposed:false
35 silly fetch manifest sass@^1.3.0
36 silly packumentCache full:https://registry.npmjs.org/sass cache-miss
37 http fetch GET 200 https://registry.npmjs.org/sass 252ms (cache miss)
38 silly packumentCache full:https://registry.npmjs.org/sass set size:undefined disposed:false
39 silly fetch manifest @supabase/supabase-js@^2.43.4
40 silly packumentCache full:https://registry.npmjs.org/@supabase%2fsupabase-js cache-miss
41 http fetch GET 200 https://registry.npmjs.org/@supabase%2fsupabase-js 457ms (cache miss)
42 silly packumentCache full:https://registry.npmjs.org/@supabase%2fsupabase-js set size:undefined disposed:false
43 silly fetch manifest lucide-react@^0.379.0
44 silly packumentCache full:https://registry.npmjs.org/lucide-react cache-miss
45 http fetch GET 200 https://registry.npmjs.org/lucide-react 271ms (cache miss)
46 silly packumentCache full:https://registry.npmjs.org/lucide-react set size:undefined disposed:false
47 silly fetch manifest typescript@^5.4.5
48 silly packumentCache full:https://registry.npmjs.org/typescript cache-miss
49 http fetch GET 200 https://registry.npmjs.org/typescript 413ms (cache miss)
50 silly packumentCache full:https://registry.npmjs.org/typescript set size:undefined disposed:false
51 silly fetch manifest @types/node@^20.12.12
52 silly packumentCache full:https://registry.npmjs.org/@types%2fnode cache-miss
53 http fetch GET 200 https://registry.npmjs.org/@types%2fnode 349ms (cache miss)
54 silly packumentCache full:https://registry.npmjs.org/@types%2fnode set size:undefined disposed:false
55 silly fetch manifest @types/react@^18.3.2
56 silly packumentCache full:https://registry.npmjs.org/@types%2freact cache-miss
57 http fetch GET 200 https://registry.npmjs.org/@types%2freact 279ms (cache miss)
58 silly packumentCache full:https://registry.npmjs.org/@types%2freact set size:undefined disposed:false
59 silly fetch manifest @types/react-dom@^18.3.0
60 silly packumentCache full:https://registry.npmjs.org/@types%2freact-dom cache-miss
61 http fetch GET 200 https://registry.npmjs.org/@types%2freact-dom 59ms (cache miss)
62 silly packumentCache full:https://registry.npmjs.org/@types%2freact-dom set size:undefined disposed:false
63 silly fetch manifest postcss@^8.4.38
64 silly packumentCache full:https://registry.npmjs.org/postcss cache-miss
65 http fetch GET 200 https://registry.npmjs.org/postcss 55ms (cache miss)
66 silly packumentCache full:https://registry.npmjs.org/postcss set size:undefined disposed:false
67 silly fetch manifest tailwindcss@^3.4.3
68 silly packumentCache full:https://registry.npmjs.org/tailwindcss cache-miss
69 http fetch GET 200 https://registry.npmjs.org/tailwindcss 368ms (cache miss)
70 silly packumentCache full:https://registry.npmjs.org/tailwindcss set size:undefined disposed:false
71 silly fetch manifest eslint@^8.57.0
72 silly packumentCache full:https://registry.npmjs.org/eslint cache-miss
73 http fetch GET 200 https://registry.npmjs.org/eslint 272ms (cache miss)
74 silly packumentCache full:https://registry.npmjs.org/eslint set size:undefined disposed:false
75 silly fetch manifest eslint-config-next@14.2.3
76 silly packumentCache full:https://registry.npmjs.org/eslint-config-next cache-miss
77 http fetch GET 200 https://registry.npmjs.org/eslint-config-next 153ms (cache miss)
78 silly packumentCache full:https://registry.npmjs.org/eslint-config-next set size:undefined disposed:false
79 silly placeDep ROOT @supabase/supabase-js@2.105.1 OK for: kuva-marketplace@0.1.0 want: ^2.43.4
80 silly placeDep ROOT @types/node@20.19.39 OK for: kuva-marketplace@0.1.0 want: ^20.12.12
81 silly placeDep ROOT @types/react@18.3.28 OK for: kuva-marketplace@0.1.0 want: ^18.3.2
82 silly placeDep ROOT @types/react-dom@18.3.7 OK for: kuva-marketplace@0.1.0 want: ^18.3.0
83 silly placeDep ROOT eslint@8.57.1 OK for: kuva-marketplace@0.1.0 want: ^8.57.0
84 silly placeDep ROOT eslint-config-next@14.2.3 OK for: kuva-marketplace@0.1.0 want: 14.2.3
85 silly placeDep ROOT lucide-react@0.379.0 OK for: kuva-marketplace@0.1.0 want: ^0.379.0
86 silly placeDep ROOT react@18.3.1 OK for: lucide-react@0.379.0 want: ^16.5.1 || ^17.0.0 || ^18.0.0
87 silly placeDep ROOT next@14.2.3 OK for: kuva-marketplace@0.1.0 want: 14.2.3
88 silly placeDep ROOT react-dom@18.3.1 OK for: next@14.2.3 want: ^18.2.0
89 silly placeDep ROOT postcss@8.5.12 OK for: kuva-marketplace@0.1.0 want: ^8.4.38
90 silly placeDep ROOT tailwindcss@3.4.19 OK for: kuva-marketplace@0.1.0 want: ^3.4.3
91 silly placeDep ROOT typescript@5.9.3 OK for: kuva-marketplace@0.1.0 want: ^5.4.5
92 silly fetch manifest @supabase/auth-js@2.105.1
93 silly packumentCache full:https://registry.npmjs.org/@supabase%2fauth-js cache-miss
94 silly fetch manifest @supabase/storage-js@2.105.1
95 silly packumentCache full:https://registry.npmjs.org/@supabase%2fstorage-js cache-miss
96 silly fetch manifest @supabase/realtime-js@2.105.1
97 silly packumentCache full:https://registry.npmjs.org/@supabase%2frealtime-js cache-miss
98 silly fetch manifest @supabase/functions-js@2.105.1
99 silly packumentCache full:https://registry.npmjs.org/@supabase%2ffunctions-js cache-miss
100 silly fetch manifest @supabase/postgrest-js@2.105.1
101 silly packumentCache full:https://registry.npmjs.org/@supabase%2fpostgrest-js cache-miss
102 silly fetch manifest undici-types@~6.21.0
103 silly packumentCache full:https://registry.npmjs.org/undici-types cache-miss
104 silly fetch manifest csstype@^3.2.2
105 silly packumentCache full:https://registry.npmjs.org/csstype cache-miss
106 http fetch GET 200 https://registry.npmjs.org/undici-types 59ms (cache miss)
107 silly packumentCache full:https://registry.npmjs.org/undici-types set size:undefined disposed:false
108 silly fetch manifest @types/prop-types@*
109 silly packumentCache full:https://registry.npmjs.org/@types%2fprop-types cache-miss
110 http fetch GET 200 https://registry.npmjs.org/@supabase%2ffunctions-js 273ms (cache miss)
111 silly packumentCache full:https://registry.npmjs.org/@supabase%2ffunctions-js set size:undefined disposed:false
112 silly fetch manifest ajv@^6.12.4
113 silly packumentCache full:https://registry.npmjs.org/ajv cache-miss
114 http fetch GET 200 https://registry.npmjs.org/csstype 278ms (cache miss)
115 silly packumentCache full:https://registry.npmjs.org/csstype set size:undefined disposed:false
116 silly fetch manifest levn@^0.4.1
117 silly packumentCache full:https://registry.npmjs.org/levn cache-miss
118 http fetch GET 200 https://registry.npmjs.org/levn 27ms (cache miss)
119 silly packumentCache full:https://registry.npmjs.org/levn set size:undefined disposed:false
120 silly fetch manifest chalk@^4.0.0
121 silly packumentCache full:https://registry.npmjs.org/chalk cache-miss
122 http fetch GET 200 https://registry.npmjs.org/@supabase%2fpostgrest-js 320ms (cache miss)
123 silly packumentCache full:https://registry.npmjs.org/@supabase%2fpostgrest-js set size:undefined disposed:false
124 silly fetch manifest debug@^4.3.2
125 silly packumentCache full:https://registry.npmjs.org/debug cache-miss
126 http fetch GET 200 https://registry.npmjs.org/ajv 55ms (cache miss)
127 silly packumentCache full:https://registry.npmjs.org/ajv set size:undefined disposed:false
128 silly fetch manifest espree@^9.6.1
129 silly packumentCache full:https://registry.npmjs.org/espree cache-miss
130 http fetch GET 200 https://registry.npmjs.org/@supabase%2fauth-js 414ms (cache miss)
131 silly packumentCache full:https://registry.npmjs.org/@supabase%2fauth-js set size:undefined disposed:false
132 silly fetch manifest ignore@^5.2.0
133 silly packumentCache full:https://registry.npmjs.org/ignore cache-miss
134 http fetch GET 200 https://registry.npmjs.org/@supabase%2fstorage-js 419ms (cache miss)
135 silly packumentCache full:https://registry.npmjs.org/@supabase%2fstorage-js set size:undefined disposed:false
136 silly fetch manifest esquery@^1.4.2
137 silly packumentCache full:https://registry.npmjs.org/esquery cache-miss
138 http fetch GET 200 https://registry.npmjs.org/esquery 22ms (cache miss)
139 silly packumentCache full:https://registry.npmjs.org/esquery set size:undefined disposed:false
140 silly fetch manifest esutils@^2.0.2
141 silly packumentCache full:https://registry.npmjs.org/esutils cache-miss
142 http fetch GET 200 https://registry.npmjs.org/ignore 34ms (cache miss)
143 silly packumentCache full:https://registry.npmjs.org/ignore set size:undefined disposed:false
144 silly fetch manifest find-up@^5.0.0
145 silly packumentCache full:https://registry.npmjs.org/find-up cache-miss
146 http fetch GET 200 https://registry.npmjs.org/@types%2fprop-types 422ms (cache miss)
147 silly packumentCache full:https://registry.npmjs.org/@types%2fprop-types set size:undefined disposed:false
148 silly fetch manifest globals@^13.19.0
149 silly packumentCache full:https://registry.npmjs.org/globals cache-miss
150 http fetch GET 200 https://registry.npmjs.org/chalk 238ms (cache miss)
151 silly packumentCache full:https://registry.npmjs.org/chalk set size:undefined disposed:false
152 silly fetch manifest is-glob@^4.0.0
153 silly packumentCache full:https://registry.npmjs.org/is-glob cache-miss
154 http fetch GET 200 https://registry.npmjs.org/debug 221ms (cache miss)
155 silly packumentCache full:https://registry.npmjs.org/debug set size:undefined disposed:false
156 silly fetch manifest js-yaml@^4.1.0
157 silly packumentCache full:https://registry.npmjs.org/js-yaml cache-miss
158 http fetch GET 200 https://registry.npmjs.org/espree 222ms (cache miss)
159 silly packumentCache full:https://registry.npmjs.org/espree set size:undefined disposed:false
160 silly fetch manifest doctrine@^3.0.0
161 silly packumentCache full:https://registry.npmjs.org/doctrine cache-miss
162 http fetch GET 200 https://registry.npmjs.org/js-yaml 26ms (cache miss)
163 silly packumentCache full:https://registry.npmjs.org/js-yaml set size:undefined disposed:false
164 silly fetch manifest graphemer@^1.4.0
165 silly packumentCache full:https://registry.npmjs.org/graphemer cache-miss
166 http fetch GET 200 https://registry.npmjs.org/esutils 212ms (cache miss)
167 silly packumentCache full:https://registry.npmjs.org/esutils set size:undefined disposed:false
168 silly fetch manifest minimatch@^3.1.2
169 silly packumentCache full:https://registry.npmjs.org/minimatch cache-miss
170 http fetch GET 200 https://registry.npmjs.org/@supabase%2frealtime-js 672ms (cache miss)
171 silly packumentCache full:https://registry.npmjs.org/@supabase%2frealtime-js set size:undefined disposed:false
172 silly fetch manifest @eslint/js@8.57.1
173 silly packumentCache full:https://registry.npmjs.org/@eslint%2fjs cache-miss
174 http fetch GET 200 https://registry.npmjs.org/find-up 225ms (cache miss)
175 silly packumentCache full:https://registry.npmjs.org/find-up set size:undefined disposed:false
176 silly fetch manifest optionator@^0.9.3
177 silly packumentCache full:https://registry.npmjs.org/optionator cache-miss
178 http fetch GET 200 https://registry.npmjs.org/minimatch 35ms (cache miss)
179 silly packumentCache full:https://registry.npmjs.org/minimatch set size:undefined disposed:false
180 silly fetch manifest strip-ansi@^6.0.1
181 silly packumentCache full:https://registry.npmjs.org/strip-ansi cache-miss
182 http fetch GET 200 https://registry.npmjs.org/@eslint%2fjs 40ms (cache miss)
183 silly packumentCache full:https://registry.npmjs.org/@eslint%2fjs set size:undefined disposed:false
184 silly fetch manifest text-table@^0.2.0
185 silly packumentCache full:https://registry.npmjs.org/text-table cache-miss
186 http fetch GET 200 https://registry.npmjs.org/strip-ansi 22ms (cache miss)
187 silly packumentCache full:https://registry.npmjs.org/strip-ansi set size:undefined disposed:false
188 silly fetch manifest cross-spawn@^7.0.2
189 silly packumentCache full:https://registry.npmjs.org/cross-spawn cache-miss
190 http fetch GET 200 https://registry.npmjs.org/cross-spawn 28ms (cache miss)
191 silly packumentCache full:https://registry.npmjs.org/cross-spawn set size:undefined disposed:false
192 silly fetch manifest glob-parent@^6.0.2
193 silly packumentCache full:https://registry.npmjs.org/glob-parent cache-miss
194 http fetch GET 200 https://registry.npmjs.org/glob-parent 22ms (cache miss)
195 silly packumentCache full:https://registry.npmjs.org/glob-parent set size:undefined disposed:false
196 silly fetch manifest imurmurhash@^0.1.4
197 silly packumentCache full:https://registry.npmjs.org/imurmurhash cache-miss
198 http fetch GET 200 https://registry.npmjs.org/is-glob 224ms (cache miss)
199 silly packumentCache full:https://registry.npmjs.org/is-glob set size:undefined disposed:false
200 silly fetch manifest eslint-scope@^7.2.2
201 silly packumentCache full:https://registry.npmjs.org/eslint-scope cache-miss
202 http fetch GET 200 https://registry.npmjs.org/doctrine 218ms (cache miss)
203 silly packumentCache full:https://registry.npmjs.org/doctrine set size:undefined disposed:false
204 silly fetch manifest lodash.merge@^4.6.2
205 silly packumentCache full:https://registry.npmjs.org/lodash.merge cache-miss
206 http fetch GET 200 https://registry.npmjs.org/graphemer 219ms (cache miss)
207 silly packumentCache full:https://registry.npmjs.org/graphemer set size:undefined disposed:false
208 silly fetch manifest is-path-inside@^3.0.3
209 silly packumentCache full:https://registry.npmjs.org/is-path-inside cache-miss
210 http fetch GET 200 https://registry.npmjs.org/imurmurhash 33ms (cache miss)
211 silly packumentCache full:https://registry.npmjs.org/imurmurhash set size:undefined disposed:false
212 silly fetch manifest fast-deep-equal@^3.1.3
213 silly packumentCache full:https://registry.npmjs.org/fast-deep-equal cache-miss
214 http fetch GET 200 https://registry.npmjs.org/is-path-inside 27ms (cache miss)
215 silly packumentCache full:https://registry.npmjs.org/is-path-inside set size:undefined disposed:false
216 silly fetch manifest natural-compare@^1.4.0
217 silly packumentCache full:https://registry.npmjs.org/natural-compare cache-miss
218 http fetch GET 200 https://registry.npmjs.org/optionator 221ms (cache miss)
219 silly packumentCache full:https://registry.npmjs.org/optionator set size:undefined disposed:false
220 silly fetch manifest @eslint/eslintrc@^2.1.4
221 silly packumentCache full:https://registry.npmjs.org/@eslint%2feslintrc cache-miss
222 http fetch GET 200 https://registry.npmjs.org/text-table 227ms (cache miss)
223 silly packumentCache full:https://registry.npmjs.org/text-table set size:undefined disposed:false
224 silly fetch manifest @nodelib/fs.walk@^1.2.8
225 silly packumentCache full:https://registry.npmjs.org/@nodelib%2ffs.walk cache-miss
226 http fetch GET 200 https://registry.npmjs.org/eslint-scope 213ms (cache miss)
227 silly packumentCache full:https://registry.npmjs.org/eslint-scope set size:undefined disposed:false
228 silly fetch manifest file-entry-cache@^6.0.1
229 silly packumentCache full:https://registry.npmjs.org/file-entry-cache cache-miss
230 http fetch GET 200 https://registry.npmjs.org/lodash.merge 226ms (cache miss)
231 silly packumentCache full:https://registry.npmjs.org/lodash.merge set size:undefined disposed:false
232 silly fetch manifest eslint-visitor-keys@^3.4.3
233 silly packumentCache full:https://registry.npmjs.org/eslint-visitor-keys cache-miss
234 http fetch GET 200 https://registry.npmjs.org/fast-deep-equal 217ms (cache miss)
235 silly packumentCache full:https://registry.npmjs.org/fast-deep-equal set size:undefined disposed:false
236 silly fetch manifest escape-string-regexp@^4.0.0
237 silly packumentCache full:https://registry.npmjs.org/escape-string-regexp cache-miss
238 http fetch GET 200 https://registry.npmjs.org/eslint-visitor-keys 24ms (cache miss)
239 silly packumentCache full:https://registry.npmjs.org/eslint-visitor-keys set size:undefined disposed:false
240 silly fetch manifest @ungap/structured-clone@^1.2.0
241 silly packumentCache full:https://registry.npmjs.org/@ungap%2fstructured-clone cache-miss
242 http fetch GET 200 https://registry.npmjs.org/natural-compare 226ms (cache miss)
243 silly packumentCache full:https://registry.npmjs.org/natural-compare set size:undefined disposed:false
244 silly fetch manifest @eslint-community/regexpp@^4.6.1
245 silly packumentCache full:https://registry.npmjs.org/@eslint-community%2fregexpp cache-miss
246 http fetch GET 200 https://registry.npmjs.org/escape-string-regexp 28ms (cache miss)
247 silly packumentCache full:https://registry.npmjs.org/escape-string-regexp set size:undefined disposed:false
248 silly fetch manifest @humanwhocodes/config-array@^0.13.0
249 silly packumentCache full:https://registry.npmjs.org/@humanwhocodes%2fconfig-array cache-miss
250 http fetch GET 200 https://registry.npmjs.org/globals 627ms (cache miss)
251 silly packumentCache full:https://registry.npmjs.org/globals set size:undefined disposed:false
252 silly fetch manifest @eslint-community/eslint-utils@^4.2.0
253 silly packumentCache full:https://registry.npmjs.org/@eslint-community%2feslint-utils cache-miss
254 http fetch GET 200 https://registry.npmjs.org/@eslint%2feslintrc 242ms (cache miss)
255 silly packumentCache full:https://registry.npmjs.org/@eslint%2feslintrc set size:undefined disposed:false
256 silly fetch manifest @humanwhocodes/module-importer@^1.0.1
257 silly packumentCache full:https://registry.npmjs.org/@humanwhocodes%2fmodule-importer cache-miss
258 http fetch GET 200 https://registry.npmjs.org/@nodelib%2ffs.walk 226ms (cache miss)
259 silly packumentCache full:https://registry.npmjs.org/@nodelib%2ffs.walk set size:undefined disposed:false
260 silly fetch manifest json-stable-stringify-without-jsonify@^1.0.1
261 silly packumentCache full:https://registry.npmjs.org/json-stable-stringify-without-jsonify cache-miss
262 http fetch GET 200 https://registry.npmjs.org/file-entry-cache 223ms (cache miss)
263 silly packumentCache full:https://registry.npmjs.org/file-entry-cache set size:undefined disposed:false
264 silly fetch manifest eslint-plugin-react@^7.33.2
265 silly packumentCache full:https://registry.npmjs.org/eslint-plugin-react cache-miss
266 http fetch GET 200 https://registry.npmjs.org/eslint-plugin-react 36ms (cache miss)
267 silly packumentCache full:https://registry.npmjs.org/eslint-plugin-react set size:undefined disposed:false
268 silly fetch manifest eslint-plugin-import@^2.28.1
269 silly packumentCache full:https://registry.npmjs.org/eslint-plugin-import cache-miss
270 http fetch GET 200 https://registry.npmjs.org/@eslint-community%2fregexpp 225ms (cache miss)
271 silly packumentCache full:https://registry.npmjs.org/@eslint-community%2fregexpp set size:undefined disposed:false
272 silly fetch manifest eslint-plugin-jsx-a11y@^6.7.1
273 silly packumentCache full:https://registry.npmjs.org/eslint-plugin-jsx-a11y cache-miss
274 http fetch GET 200 https://registry.npmjs.org/json-stable-stringify-without-jsonify 217ms (cache miss)
275 silly packumentCache full:https://registry.npmjs.org/json-stable-stringify-without-jsonify set size:undefined disposed:false
276 silly fetch manifest @rushstack/eslint-patch@^1.3.3
277 silly packumentCache full:https://registry.npmjs.org/@rushstack%2feslint-patch cache-miss
278 http fetch GET 200 https://registry.npmjs.org/@humanwhocodes%2fconfig-array 418ms (cache miss)
279 silly packumentCache full:https://registry.npmjs.org/@humanwhocodes%2fconfig-array set size:undefined disposed:false
280 silly fetch manifest @next/eslint-plugin-next@14.2.3
281 silly packumentCache full:https://registry.npmjs.org/@next%2feslint-plugin-next cache-miss
282 http fetch GET 200 https://registry.npmjs.org/eslint-plugin-import 222ms (cache miss)
283 silly packumentCache full:https://registry.npmjs.org/eslint-plugin-import set size:undefined disposed:false
284 silly fetch manifest @typescript-eslint/parser@^5.4.2 || ^6.0.0 || 7.0.0 - 7.2.0
285 silly packumentCache full:https://registry.npmjs.org/@typescript-eslint%2fparser cache-miss
286 http fetch GET 200 https://registry.npmjs.org/eslint-plugin-jsx-a11y 225ms (cache miss)
287 silly packumentCache full:https://registry.npmjs.org/eslint-plugin-jsx-a11y set size:undefined disposed:false
288 silly fetch manifest eslint-plugin-react-hooks@^4.5.0 || 5.0.0-canary-7118f5dd7-20230705
289 silly packumentCache full:https://registry.npmjs.org/eslint-plugin-react-hooks cache-miss
290 http fetch GET 200 https://registry.npmjs.org/@eslint-community%2feslint-utils 420ms (cache miss)
291 silly packumentCache full:https://registry.npmjs.org/@eslint-community%2feslint-utils set size:undefined disposed:false
292 silly fetch manifest eslint-import-resolver-node@^0.3.6
293 silly packumentCache full:https://registry.npmjs.org/eslint-import-resolver-node cache-miss
294 http fetch GET 200 https://registry.npmjs.org/@humanwhocodes%2fmodule-importer 415ms (cache miss)
295 silly packumentCache full:https://registry.npmjs.org/@humanwhocodes%2fmodule-importer set size:undefined disposed:false
296 silly fetch manifest eslint-import-resolver-typescript@^3.5.2
297 silly packumentCache full:https://registry.npmjs.org/eslint-import-resolver-typescript cache-miss
298 http fetch GET 200 https://registry.npmjs.org/@rushstack%2feslint-patch 213ms (cache miss)
299 silly packumentCache full:https://registry.npmjs.org/@rushstack%2feslint-patch set size:undefined disposed:false
300 silly fetch manifest loose-envify@^1.1.0
301 silly packumentCache full:https://registry.npmjs.org/loose-envify cache-miss
302 http fetch GET 200 https://registry.npmjs.org/@ungap%2fstructured-clone 602ms (cache miss)
303 silly packumentCache full:https://registry.npmjs.org/@ungap%2fstructured-clone set size:undefined disposed:false
304 silly fetch manifest busboy@1.6.0
305 silly packumentCache full:https://registry.npmjs.org/busboy cache-miss
306 http fetch GET 200 https://registry.npmjs.org/loose-envify 29ms (cache miss)
307 silly packumentCache full:https://registry.npmjs.org/loose-envify set size:undefined disposed:false
308 silly fetch manifest postcss@8.4.31
309 silly packumentCache full:https://registry.npmjs.org/postcss cache-miss
310 http cache https://registry.npmjs.org/postcss 5ms (cache hit)
311 silly packumentCache full:https://registry.npmjs.org/postcss set size:714272 disposed:false
312 silly fetch manifest @next/env@14.2.3
313 silly packumentCache full:https://registry.npmjs.org/@next%2fenv cache-miss
314 http fetch GET 200 https://registry.npmjs.org/eslint-import-resolver-node 216ms (cache miss)
315 silly packumentCache full:https://registry.npmjs.org/eslint-import-resolver-node set size:undefined disposed:false
316 silly fetch manifest styled-jsx@5.1.1
317 silly packumentCache full:https://registry.npmjs.org/styled-jsx cache-miss
318 http fetch GET 200 https://registry.npmjs.org/eslint-import-resolver-typescript 231ms (cache miss)
319 silly packumentCache full:https://registry.npmjs.org/eslint-import-resolver-typescript set size:undefined disposed:false
320 silly fetch manifest graceful-fs@^4.2.11
321 silly packumentCache full:https://registry.npmjs.org/graceful-fs cache-miss
322 http fetch GET 200 https://registry.npmjs.org/styled-jsx 45ms (cache miss)
323 silly packumentCache full:https://registry.npmjs.org/styled-jsx set size:undefined disposed:false
324 silly fetch manifest @swc/helpers@0.5.5
325 silly packumentCache full:https://registry.npmjs.org/@swc%2fhelpers cache-miss
326 http fetch GET 200 https://registry.npmjs.org/graceful-fs 27ms (cache miss)
327 silly packumentCache full:https://registry.npmjs.org/graceful-fs set size:undefined disposed:false
328 silly fetch manifest caniuse-lite@^1.0.30001579
329 silly packumentCache full:https://registry.npmjs.org/caniuse-lite cache-miss
330 http fetch GET 200 https://registry.npmjs.org/eslint-plugin-react-hooks 346ms (cache miss)
331 silly packumentCache full:https://registry.npmjs.org/eslint-plugin-react-hooks set size:undefined disposed:false
332 silly fetch manifest @next/swc-darwin-x64@14.2.3
333 silly packumentCache full:https://registry.npmjs.org/@next%2fswc-darwin-x64 cache-miss
334 http fetch GET 200 https://registry.npmjs.org/busboy 243ms (cache miss)
335 silly packumentCache full:https://registry.npmjs.org/busboy set size:undefined disposed:false
336 silly fetch manifest @next/swc-darwin-arm64@14.2.3
337 silly packumentCache full:https://registry.npmjs.org/@next%2fswc-darwin-arm64 cache-miss
338 http fetch GET 200 https://registry.npmjs.org/@typescript-eslint%2fparser 480ms (cache miss)
339 silly packumentCache full:https://registry.npmjs.org/@typescript-eslint%2fparser set size:undefined disposed:false
340 silly fetch manifest @next/swc-linux-x64-gnu@14.2.3
341 silly packumentCache full:https://registry.npmjs.org/@next%2fswc-linux-x64-gnu cache-miss
342 http fetch GET 200 https://registry.npmjs.org/caniuse-lite 296ms (cache miss)
343 silly packumentCache full:https://registry.npmjs.org/caniuse-lite set size:undefined disposed:false
344 silly fetch manifest @next/swc-linux-x64-musl@14.2.3
345 silly packumentCache full:https://registry.npmjs.org/@next%2fswc-linux-x64-musl cache-miss
346 http fetch GET 200 https://registry.npmjs.org/@next%2fenv 532ms (cache miss)
347 silly packumentCache full:https://registry.npmjs.org/@next%2fenv set size:undefined disposed:false
348 silly fetch manifest @next/swc-win32-x64-msvc@14.2.3
349 silly packumentCache full:https://registry.npmjs.org/@next%2fswc-win32-x64-msvc cache-miss
350 http fetch GET 200 https://registry.npmjs.org/@next%2fswc-darwin-x64 342ms (cache miss)
351 silly packumentCache full:https://registry.npmjs.org/@next%2fswc-darwin-x64 set size:undefined disposed:false
352 silly fetch manifest @next/swc-linux-arm64-gnu@14.2.3
353 silly packumentCache full:https://registry.npmjs.org/@next%2fswc-linux-arm64-gnu cache-miss
354 http fetch GET 200 https://registry.npmjs.org/@next%2fswc-darwin-arm64 356ms (cache miss)
355 silly packumentCache full:https://registry.npmjs.org/@next%2fswc-darwin-arm64 set size:undefined disposed:false
356 silly fetch manifest @next/swc-win32-ia32-msvc@14.2.3
357 silly packumentCache full:https://registry.npmjs.org/@next%2fswc-win32-ia32-msvc cache-miss
358 http fetch GET 200 https://registry.npmjs.org/@swc%2fhelpers 599ms (cache miss)
359 silly packumentCache full:https://registry.npmjs.org/@swc%2fhelpers set size:undefined disposed:false
360 silly fetch manifest @next/swc-linux-arm64-musl@14.2.3
361 silly packumentCache full:https://registry.npmjs.org/@next%2fswc-linux-arm64-musl cache-miss
362 http fetch GET 200 https://registry.npmjs.org/@next%2feslint-plugin-next 945ms (cache miss)
363 silly packumentCache full:https://registry.npmjs.org/@next%2feslint-plugin-next set size:undefined disposed:false
364 silly fetch manifest @next/swc-win32-arm64-msvc@14.2.3
365 silly packumentCache full:https://registry.npmjs.org/@next%2fswc-win32-arm64-msvc cache-miss
366 http fetch GET 200 https://registry.npmjs.org/@next%2fswc-linux-x64-musl 318ms (cache miss)
367 silly packumentCache full:https://registry.npmjs.org/@next%2fswc-linux-x64-musl set size:undefined disposed:false
368 silly fetch manifest scheduler@^0.23.2
369 silly packumentCache full:https://registry.npmjs.org/scheduler cache-miss
370 http fetch GET 200 https://registry.npmjs.org/@next%2fswc-linux-x64-gnu 497ms (cache miss)
371 silly packumentCache full:https://registry.npmjs.org/@next%2fswc-linux-x64-gnu set size:undefined disposed:false
372 silly fetch manifest nanoid@^3.3.11
373 silly packumentCache full:https://registry.npmjs.org/nanoid cache-miss
374 http fetch GET 200 https://registry.npmjs.org/nanoid 28ms (cache miss)
375 silly packumentCache full:https://registry.npmjs.org/nanoid set size:undefined disposed:false
376 silly fetch manifest picocolors@^1.1.1
377 silly packumentCache full:https://registry.npmjs.org/picocolors cache-miss
378 http fetch GET 200 https://registry.npmjs.org/picocolors 23ms (cache miss)
379 silly packumentCache full:https://registry.npmjs.org/picocolors set size:undefined disposed:false
380 silly fetch manifest source-map-js@^1.2.1
381 silly packumentCache full:https://registry.npmjs.org/source-map-js cache-miss
382 http fetch GET 200 https://registry.npmjs.org/scheduler 141ms (cache miss)
383 silly packumentCache full:https://registry.npmjs.org/scheduler set size:undefined disposed:false
384 silly fetch manifest arg@^5.0.2
385 silly packumentCache full:https://registry.npmjs.org/arg cache-miss
386 http fetch GET 200 https://registry.npmjs.org/arg 21ms (cache miss)
387 silly packumentCache full:https://registry.npmjs.org/arg set size:undefined disposed:false
388 silly fetch manifest dlv@^1.1.3
389 silly packumentCache full:https://registry.npmjs.org/dlv cache-miss
390 http fetch GET 200 https://registry.npmjs.org/@next%2fswc-win32-ia32-msvc 507ms (cache miss)
391 silly packumentCache full:https://registry.npmjs.org/@next%2fswc-win32-ia32-msvc set size:undefined disposed:false
392 silly fetch manifest jiti@^1.21.7
393 silly packumentCache full:https://registry.npmjs.org/jiti cache-miss
394 http fetch GET 200 https://registry.npmjs.org/@next%2fswc-win32-x64-msvc 574ms (cache miss)
395 silly packumentCache full:https://registry.npmjs.org/@next%2fswc-win32-x64-msvc set size:undefined disposed:false
396 silly fetch manifest is-glob@^4.0.3
397 silly packumentCache full:https://registry.npmjs.org/is-glob cache-miss
398 http cache https://registry.npmjs.org/is-glob 7ms (cache hit)
399 silly packumentCache full:https://registry.npmjs.org/is-glob set size:40530 disposed:false
400 silly fetch manifest resolve@^1.22.8
401 silly packumentCache full:https://registry.npmjs.org/resolve cache-miss
402 http fetch GET 200 https://registry.npmjs.org/@next%2fswc-linux-arm64-musl 393ms (cache miss)
403 silly packumentCache full:https://registry.npmjs.org/@next%2fswc-linux-arm64-musl set size:undefined disposed:false
404 silly fetch manifest sucrase@^3.35.0
405 silly packumentCache full:https://registry.npmjs.org/sucrase cache-miss
406 http fetch GET 200 https://registry.npmjs.org/@next%2fswc-win32-arm64-msvc 379ms (cache miss)
407 silly packumentCache full:https://registry.npmjs.org/@next%2fswc-win32-arm64-msvc set size:undefined disposed:false
408 silly fetch manifest chokidar@^3.6.0
409 silly packumentCache full:https://registry.npmjs.org/chokidar cache-miss
410 http fetch GET 200 https://registry.npmjs.org/resolve 39ms (cache miss)
411 silly packumentCache full:https://registry.npmjs.org/resolve set size:undefined disposed:false
412 silly fetch manifest fast-glob@^3.3.2
413 silly packumentCache full:https://registry.npmjs.org/fast-glob cache-miss
414 http fetch GET 200 https://registry.npmjs.org/@next%2fswc-linux-arm64-gnu 601ms (cache miss)
415 silly packumentCache full:https://registry.npmjs.org/@next%2fswc-linux-arm64-gnu set size:undefined disposed:false
416 silly fetch manifest lilconfig@^3.1.3
417 silly packumentCache full:https://registry.npmjs.org/lilconfig cache-miss
418 http fetch GET 200 https://registry.npmjs.org/dlv 221ms (cache miss)
419 silly packumentCache full:https://registry.npmjs.org/dlv set size:undefined disposed:false
420 silly fetch manifest didyoumean@^1.2.2
421 silly packumentCache full:https://registry.npmjs.org/didyoumean cache-miss
422 http fetch GET 200 https://registry.npmjs.org/jiti 233ms (cache miss)
423 silly packumentCache full:https://registry.npmjs.org/jiti set size:undefined disposed:false
424 silly fetch manifest micromatch@^4.0.8
425 silly packumentCache full:https://registry.npmjs.org/micromatch cache-miss
426 http fetch GET 200 https://registry.npmjs.org/micromatch 41ms (cache miss)
427 silly packumentCache full:https://registry.npmjs.org/micromatch set size:undefined disposed:false
428 silly fetch manifest postcss-js@^4.0.1
429 silly packumentCache full:https://registry.npmjs.org/postcss-js cache-miss
430 http fetch GET 200 https://registry.npmjs.org/sucrase 240ms (cache miss)
431 silly packumentCache full:https://registry.npmjs.org/sucrase set size:undefined disposed:false
432 silly fetch manifest object-hash@^3.0.0
433 silly packumentCache full:https://registry.npmjs.org/object-hash cache-miss
434 http fetch GET 200 https://registry.npmjs.org/didyoumean 207ms (cache miss)
435 silly packumentCache full:https://registry.npmjs.org/didyoumean set size:undefined disposed:false
436 silly fetch manifest normalize-path@^3.0.0
437 silly packumentCache full:https://registry.npmjs.org/normalize-path cache-miss
438 http fetch GET 200 https://registry.npmjs.org/chokidar 242ms (cache miss)
439 silly packumentCache full:https://registry.npmjs.org/chokidar set size:undefined disposed:false
440 silly fetch manifest postcss-import@^15.1.0
441 silly packumentCache full:https://registry.npmjs.org/postcss-import cache-miss
442 http fetch GET 200 https://registry.npmjs.org/postcss-js 28ms (cache miss)
443 silly packumentCache full:https://registry.npmjs.org/postcss-js set size:undefined disposed:false
444 silly fetch manifest postcss-nested@^6.2.0
445 silly packumentCache full:https://registry.npmjs.org/postcss-nested cache-miss
446 http fetch GET 200 https://registry.npmjs.org/object-hash 40ms (cache miss)
447 silly packumentCache full:https://registry.npmjs.org/object-hash set size:undefined disposed:false
448 silly fetch manifest @alloc/quick-lru@^5.2.0
449 silly packumentCache full:https://registry.npmjs.org/@alloc%2fquick-lru cache-miss
450 http fetch GET 200 https://registry.npmjs.org/source-map-js 595ms (cache miss)
451 silly packumentCache full:https://registry.npmjs.org/source-map-js set size:undefined disposed:false
452 silly fetch manifest postcss-load-config@^4.0.2 || ^5.0 || ^6.0
453 silly packumentCache full:https://registry.npmjs.org/postcss-load-config cache-miss
454 http fetch GET 200 https://registry.npmjs.org/normalize-path 240ms (cache miss)
455 silly packumentCache full:https://registry.npmjs.org/normalize-path set size:undefined disposed:false
456 silly fetch manifest postcss-selector-parser@^6.1.2
457 silly packumentCache full:https://registry.npmjs.org/postcss-selector-parser cache-miss
458 http fetch GET 200 https://registry.npmjs.org/postcss-nested 239ms (cache miss)
459 silly packumentCache full:https://registry.npmjs.org/postcss-nested set size:undefined disposed:false
460 http fetch GET 200 https://registry.npmjs.org/postcss-load-config 226ms (cache miss)
461 silly packumentCache full:https://registry.npmjs.org/postcss-load-config set size:undefined disposed:false
462 http fetch GET 200 https://registry.npmjs.org/fast-glob 612ms (cache miss)
463 silly packumentCache full:https://registry.npmjs.org/fast-glob set size:undefined disposed:false
464 http fetch GET 200 https://registry.npmjs.org/lilconfig 605ms (cache miss)
465 silly packumentCache full:https://registry.npmjs.org/lilconfig set size:undefined disposed:false
466 http fetch GET 200 https://registry.npmjs.org/@alloc%2fquick-lru 401ms (cache miss)
467 silly packumentCache full:https://registry.npmjs.org/@alloc%2fquick-lru set size:undefined disposed:false
468 http fetch GET 200 https://registry.npmjs.org/postcss-selector-parser 243ms (cache miss)
469 silly packumentCache full:https://registry.npmjs.org/postcss-selector-parser set size:undefined disposed:false
470 http fetch GET 200 https://registry.npmjs.org/postcss-import 598ms (cache miss)
471 silly packumentCache full:https://registry.npmjs.org/postcss-import set size:undefined disposed:false
472 silly placeDep ROOT @supabase/auth-js@2.105.1 OK for: @supabase/supabase-js@2.105.1 want: 2.105.1
473 silly placeDep ROOT @supabase/functions-js@2.105.1 OK for: @supabase/supabase-js@2.105.1 want: 2.105.1
474 silly placeDep ROOT @supabase/postgrest-js@2.105.1 OK for: @supabase/supabase-js@2.105.1 want: 2.105.1
475 silly placeDep ROOT @supabase/realtime-js@2.105.1 OK for: @supabase/supabase-js@2.105.1 want: 2.105.1
476 silly placeDep ROOT @supabase/storage-js@2.105.1 OK for: @supabase/supabase-js@2.105.1 want: 2.105.1
477 silly fetch manifest tslib@2.8.1
478 silly packumentCache full:https://registry.npmjs.org/tslib cache-miss
479 silly fetch manifest tslib@2.8.1
480 silly packumentCache full:https://registry.npmjs.org/tslib cache-miss
481 silly fetch manifest tslib@2.8.1
482 silly packumentCache full:https://registry.npmjs.org/tslib cache-miss
483 silly fetch manifest ws@^8.18.2
484 silly packumentCache full:https://registry.npmjs.org/ws cache-miss
485 silly fetch manifest tslib@2.8.1
486 silly packumentCache full:https://registry.npmjs.org/tslib cache-miss
487 silly fetch manifest @types/ws@^8.18.1
488 silly packumentCache full:https://registry.npmjs.org/@types%2fws cache-miss
489 silly fetch manifest @supabase/phoenix@^0.4.1
490 silly packumentCache full:https://registry.npmjs.org/@supabase%2fphoenix cache-miss
491 http fetch GET 200 https://registry.npmjs.org/tslib 36ms (cache miss)
492 silly packumentCache full:https://registry.npmjs.org/tslib set size:undefined disposed:false
493 silly fetch manifest iceberg-js@^0.8.1
494 silly packumentCache full:https://registry.npmjs.org/iceberg-js cache-miss
495 http fetch GET 200 https://registry.npmjs.org/tslib 36ms (cache miss)
496 silly packumentCache full:https://registry.npmjs.org/tslib set size:undefined disposed:false
497 http fetch GET 200 https://registry.npmjs.org/tslib 37ms (cache miss)
498 silly packumentCache full:https://registry.npmjs.org/tslib set size:undefined disposed:false
499 http fetch GET 200 https://registry.npmjs.org/tslib 41ms (cache miss)
500 silly packumentCache full:https://registry.npmjs.org/tslib set size:undefined disposed:false
501 http fetch GET 200 https://registry.npmjs.org/@types%2fws 235ms (cache miss)
502 silly packumentCache full:https://registry.npmjs.org/@types%2fws set size:undefined disposed:false
503 http fetch GET 200 https://registry.npmjs.org/ws 239ms (cache miss)
504 silly packumentCache full:https://registry.npmjs.org/ws set size:undefined disposed:false
505 http fetch GET 200 https://registry.npmjs.org/iceberg-js 218ms (cache miss)
506 silly packumentCache full:https://registry.npmjs.org/iceberg-js set size:undefined disposed:false
507 http fetch GET 200 https://registry.npmjs.org/@supabase%2fphoenix 606ms (cache miss)
508 silly packumentCache full:https://registry.npmjs.org/@supabase%2fphoenix set size:undefined disposed:false
509 silly placeDep ROOT tslib@2.8.1 OK for: @supabase/auth-js@2.105.1 want: 2.8.1
510 silly fetch manifest bufferutil@^4.0.1
511 silly packumentCache full:https://registry.npmjs.org/bufferutil cache-miss
512 http fetch GET 200 https://registry.npmjs.org/bufferutil 224ms (cache miss)
513 silly packumentCache full:https://registry.npmjs.org/bufferutil set size:undefined disposed:false
514 silly fetch manifest utf-8-validate@>=5.0.2
515 silly packumentCache full:https://registry.npmjs.org/utf-8-validate cache-miss
516 http fetch GET 200 https://registry.npmjs.org/utf-8-validate 34ms (cache miss)
517 silly packumentCache full:https://registry.npmjs.org/utf-8-validate set size:undefined disposed:false
518 silly placeDep ROOT @supabase/phoenix@0.4.1 OK for: @supabase/realtime-js@2.105.1 want: ^0.4.1
519 silly placeDep ROOT @types/ws@8.18.1 OK for: @supabase/realtime-js@2.105.1 want: ^8.18.1
520 silly placeDep ROOT ws@8.20.0 OK for: @supabase/realtime-js@2.105.1 want: ^8.18.2
521 silly placeDep ROOT iceberg-js@0.8.1 OK for: @supabase/storage-js@2.105.1 want: ^0.8.1
522 silly placeDep ROOT undici-types@6.21.0 OK for: @types/node@20.19.39 want: ~6.21.0
523 silly placeDep ROOT @types/prop-types@15.7.15 OK for: @types/react@18.3.28 want: *
524 silly placeDep ROOT csstype@3.2.3 OK for: @types/react@18.3.28 want: ^3.2.2
525 silly fetch manifest eslint@^6.0.0 || ^7.0.0 || >=8.0.0
526 silly packumentCache full:https://registry.npmjs.org/eslint cache-miss
527 http cache https://registry.npmjs.org/eslint 15ms (cache hit)
528 silly packumentCache full:https://registry.npmjs.org/eslint set size:1983515 disposed:false
529 silly fetch manifest jiti@*
530 silly packumentCache full:https://registry.npmjs.org/jiti cache-miss
531 http cache https://registry.npmjs.org/jiti 2ms (cache hit)
532 silly packumentCache full:https://registry.npmjs.org/jiti set size:382310 disposed:false
533 silly placeDep ROOT @eslint-community/eslint-utils@4.9.1 OK for: eslint@8.57.1 want: ^4.2.0
534 silly placeDep ROOT @eslint-community/regexpp@4.12.2 OK for: eslint@8.57.1 want: ^4.6.1
535 silly placeDep ROOT @eslint/eslintrc@2.1.4 OK for: eslint@8.57.1 want: ^2.1.4
536 silly placeDep ROOT @eslint/js@8.57.1 OK for: eslint@8.57.1 want: 8.57.1
537 silly placeDep ROOT @humanwhocodes/config-array@0.13.0 OK for: eslint@8.57.1 want: ^0.13.0
538 silly placeDep ROOT @humanwhocodes/module-importer@1.0.1 OK for: eslint@8.57.1 want: ^1.0.1
539 silly placeDep ROOT @nodelib/fs.walk@1.2.8 OK for: eslint@8.57.1 want: ^1.2.8
540 silly placeDep ROOT @ungap/structured-clone@1.3.0 OK for: eslint@8.57.1 want: ^1.2.0
541 silly placeDep ROOT ajv@6.15.0 OK for: eslint@8.57.1 want: ^6.12.4
542 silly placeDep ROOT chalk@4.1.2 OK for: eslint@8.57.1 want: ^4.0.0
543 silly placeDep ROOT cross-spawn@7.0.6 OK for: eslint@8.57.1 want: ^7.0.2
544 silly placeDep ROOT debug@4.4.3 OK for: eslint@8.57.1 want: ^4.3.2
545 silly placeDep ROOT doctrine@3.0.0 OK for: eslint@8.57.1 want: ^3.0.0
546 silly placeDep ROOT escape-string-regexp@4.0.0 OK for: eslint@8.57.1 want: ^4.0.0
547 silly placeDep ROOT eslint-scope@7.2.2 OK for: eslint@8.57.1 want: ^7.2.2
548 silly placeDep ROOT eslint-visitor-keys@3.4.3 OK for: eslint@8.57.1 want: ^3.4.3
549 silly placeDep ROOT espree@9.6.1 OK for: eslint@8.57.1 want: ^9.6.1
550 silly placeDep ROOT esquery@1.7.0 OK for: eslint@8.57.1 want: ^1.4.2
551 silly placeDep ROOT esutils@2.0.3 OK for: eslint@8.57.1 want: ^2.0.2
552 silly placeDep ROOT fast-deep-equal@3.1.3 OK for: eslint@8.57.1 want: ^3.1.3
553 silly placeDep ROOT file-entry-cache@6.0.1 OK for: eslint@8.57.1 want: ^6.0.1
554 silly placeDep ROOT find-up@5.0.0 OK for: eslint@8.57.1 want: ^5.0.0
555 silly placeDep ROOT glob-parent@6.0.2 OK for: eslint@8.57.1 want: ^6.0.2
556 silly placeDep ROOT globals@13.24.0 OK for: eslint@8.57.1 want: ^13.19.0
557 silly placeDep ROOT graphemer@1.4.0 OK for: eslint@8.57.1 want: ^1.4.0
558 silly placeDep ROOT ignore@5.3.2 OK for: eslint@8.57.1 want: ^5.2.0
559 silly placeDep ROOT imurmurhash@0.1.4 OK for: eslint@8.57.1 want: ^0.1.4
560 silly placeDep ROOT is-glob@4.0.3 OK for: eslint@8.57.1 want: ^4.0.0
561 silly placeDep ROOT is-path-inside@3.0.3 OK for: eslint@8.57.1 want: ^3.0.3
562 silly placeDep ROOT js-yaml@4.1.1 OK for: eslint@8.57.1 want: ^4.1.0
563 silly placeDep ROOT json-stable-stringify-without-jsonify@1.0.1 OK for: eslint@8.57.1 want: ^1.0.1
564 silly placeDep ROOT levn@0.4.1 OK for: eslint@8.57.1 want: ^0.4.1
565 silly placeDep ROOT lodash.merge@4.6.2 OK for: eslint@8.57.1 want: ^4.6.2
566 silly placeDep ROOT minimatch@3.1.5 OK for: eslint@8.57.1 want: ^3.1.2
567 silly placeDep ROOT natural-compare@1.4.0 OK for: eslint@8.57.1 want: ^1.4.0
568 silly placeDep ROOT optionator@0.9.4 OK for: eslint@8.57.1 want: ^0.9.3
569 silly placeDep ROOT strip-ansi@6.0.1 OK for: eslint@8.57.1 want: ^6.0.1
570 silly placeDep ROOT text-table@0.2.0 OK for: eslint@8.57.1 want: ^0.2.0
571 silly fetch manifest espree@^9.6.0
572 silly packumentCache full:https://registry.npmjs.org/espree cache-miss
573 silly fetch manifest import-fresh@^3.2.1
574 silly packumentCache full:https://registry.npmjs.org/import-fresh cache-miss
575 silly fetch manifest strip-json-comments@^3.1.1
576 silly packumentCache full:https://registry.npmjs.org/strip-json-comments cache-miss
577 silly fetch manifest debug@^4.3.1
578 silly packumentCache full:https://registry.npmjs.org/debug cache-miss
579 silly fetch manifest minimatch@^3.0.5
580 silly packumentCache full:https://registry.npmjs.org/minimatch cache-miss
581 silly fetch manifest @humanwhocodes/object-schema@^2.0.3
582 silly packumentCache full:https://registry.npmjs.org/@humanwhocodes%2fobject-schema cache-miss
583 silly fetch manifest fastq@^1.6.0
584 silly packumentCache full:https://registry.npmjs.org/fastq cache-miss
585 http cache https://registry.npmjs.org/minimatch 3ms (cache hit)
586 silly packumentCache full:https://registry.npmjs.org/minimatch set size:375282 disposed:false
587 silly fetch manifest @nodelib/fs.scandir@2.1.5
588 silly packumentCache full:https://registry.npmjs.org/@nodelib%2ffs.scandir cache-miss
589 http cache https://registry.npmjs.org/espree 6ms (cache hit)
590 silly packumentCache full:https://registry.npmjs.org/espree set size:326080 disposed:false
591 silly fetch manifest uri-js@^4.2.2
592 silly packumentCache full:https://registry.npmjs.org/uri-js cache-miss
593 http cache https://registry.npmjs.org/debug 7ms (cache hit)
594 silly packumentCache full:https://registry.npmjs.org/debug set size:195840 disposed:false
595 silly fetch manifest fast-deep-equal@^3.1.1
596 silly packumentCache full:https://registry.npmjs.org/fast-deep-equal cache-miss
597 http cache https://registry.npmjs.org/fast-deep-equal 1ms (cache hit)
598 silly packumentCache full:https://registry.npmjs.org/fast-deep-equal set size:48634 disposed:false
599 silly fetch manifest json-schema-traverse@^0.4.1
600 silly packumentCache full:https://registry.npmjs.org/json-schema-traverse cache-miss
601 http fetch GET 200 https://registry.npmjs.org/strip-json-comments 28ms (cache miss)
602 silly packumentCache full:https://registry.npmjs.org/strip-json-comments set size:undefined disposed:false
603 silly fetch manifest fast-json-stable-stringify@^2.0.0
604 silly packumentCache full:https://registry.npmjs.org/fast-json-stable-stringify cache-miss
605 http fetch GET 200 https://registry.npmjs.org/uri-js 27ms (cache miss)
606 silly packumentCache full:https://registry.npmjs.org/uri-js set size:undefined disposed:false
607 silly fetch manifest ansi-styles@^4.1.0
608 silly packumentCache full:https://registry.npmjs.org/ansi-styles cache-miss
609 http fetch GET 200 https://registry.npmjs.org/json-schema-traverse 26ms (cache miss)
610 silly packumentCache full:https://registry.npmjs.org/json-schema-traverse set size:undefined disposed:false
611 silly fetch manifest supports-color@^7.1.0
612 silly packumentCache full:https://registry.npmjs.org/supports-color cache-miss
613 http fetch GET 200 https://registry.npmjs.org/fast-json-stable-stringify 18ms (cache miss)
614 silly packumentCache full:https://registry.npmjs.org/fast-json-stable-stringify set size:undefined disposed:false
615 silly fetch manifest which@^2.0.1
616 silly packumentCache full:https://registry.npmjs.org/which cache-miss
617 http fetch GET 200 https://registry.npmjs.org/ansi-styles 21ms (cache miss)
618 silly packumentCache full:https://registry.npmjs.org/ansi-styles set size:undefined disposed:false
619 silly fetch manifest path-key@^3.1.0
620 silly packumentCache full:https://registry.npmjs.org/path-key cache-miss
621 http fetch GET 200 https://registry.npmjs.org/which 21ms (cache miss)
622 silly packumentCache full:https://registry.npmjs.org/which set size:undefined disposed:false
623 silly fetch manifest shebang-command@^2.0.0
624 silly packumentCache full:https://registry.npmjs.org/shebang-command cache-miss
625 http fetch GET 200 https://registry.npmjs.org/path-key 22ms (cache miss)
626 silly packumentCache full:https://registry.npmjs.org/path-key set size:undefined disposed:false
627 silly fetch manifest ms@^2.1.3
628 silly packumentCache full:https://registry.npmjs.org/ms cache-miss
629 http fetch GET 200 https://registry.npmjs.org/shebang-command 24ms (cache miss)
630 silly packumentCache full:https://registry.npmjs.org/shebang-command set size:undefined disposed:false
631 silly fetch manifest esrecurse@^4.3.0
632 silly packumentCache full:https://registry.npmjs.org/esrecurse cache-miss
633 http fetch GET 200 https://registry.npmjs.org/ms 22ms (cache miss)
634 silly packumentCache full:https://registry.npmjs.org/ms set size:undefined disposed:false
635 silly fetch manifest estraverse@^5.2.0
636 silly packumentCache full:https://registry.npmjs.org/estraverse cache-miss
637 http fetch GET 200 https://registry.npmjs.org/import-fresh 225ms (cache miss)
638 silly packumentCache full:https://registry.npmjs.org/import-fresh set size:undefined disposed:false
639 silly fetch manifest acorn@^8.9.0
640 silly packumentCache full:https://registry.npmjs.org/acorn cache-miss
641 http fetch GET 200 https://registry.npmjs.org/fastq 226ms (cache miss)
642 silly packumentCache full:https://registry.npmjs.org/fastq set size:undefined disposed:false
643 silly fetch manifest acorn-jsx@^5.3.2
644 silly packumentCache full:https://registry.npmjs.org/acorn-jsx cache-miss
645 http fetch GET 200 https://registry.npmjs.org/acorn-jsx 22ms (cache miss)
646 silly packumentCache full:https://registry.npmjs.org/acorn-jsx set size:undefined disposed:false
647 silly fetch manifest estraverse@^5.1.0
648 silly packumentCache full:https://registry.npmjs.org/estraverse cache-miss
649 http fetch GET 200 https://registry.npmjs.org/acorn 33ms (cache miss)
650 silly packumentCache full:https://registry.npmjs.org/acorn set size:undefined disposed:false
651 silly fetch manifest flat-cache@^3.0.4
652 silly packumentCache full:https://registry.npmjs.org/flat-cache cache-miss
653 http fetch GET 200 https://registry.npmjs.org/estraverse 217ms (cache miss)
654 silly packumentCache full:https://registry.npmjs.org/estraverse set size:undefined disposed:false
655 silly fetch manifest locate-path@^6.0.0
656 silly packumentCache full:https://registry.npmjs.org/locate-path cache-miss
657 http fetch GET 200 https://registry.npmjs.org/esrecurse 225ms (cache miss)
658 silly packumentCache full:https://registry.npmjs.org/esrecurse set size:undefined disposed:false
659 silly fetch manifest path-exists@^4.0.0
660 silly packumentCache full:https://registry.npmjs.org/path-exists cache-miss
661 http fetch GET 200 https://registry.npmjs.org/estraverse 90ms (cache miss)
662 silly packumentCache full:https://registry.npmjs.org/estraverse set size:undefined disposed:false
663 silly fetch manifest type-fest@^0.20.2
664 silly packumentCache full:https://registry.npmjs.org/type-fest cache-miss
665 http fetch GET 200 https://registry.npmjs.org/type-fest 40ms (cache miss)
666 silly packumentCache full:https://registry.npmjs.org/type-fest set size:undefined disposed:false
667 silly fetch manifest is-extglob@^2.1.1
668 silly packumentCache full:https://registry.npmjs.org/is-extglob cache-miss
669 http fetch GET 200 https://registry.npmjs.org/is-extglob 19ms (cache miss)
670 silly packumentCache full:https://registry.npmjs.org/is-extglob set size:undefined disposed:false
671 silly fetch manifest argparse@^2.0.1
672 silly packumentCache full:https://registry.npmjs.org/argparse cache-miss
673 http fetch GET 200 https://registry.npmjs.org/argparse 25ms (cache miss)
674 silly packumentCache full:https://registry.npmjs.org/argparse set size:undefined disposed:false
675 silly fetch manifest prelude-ls@^1.2.1
676 silly packumentCache full:https://registry.npmjs.org/prelude-ls cache-miss
677 http fetch GET 200 https://registry.npmjs.org/prelude-ls 27ms (cache miss)
678 silly packumentCache full:https://registry.npmjs.org/prelude-ls set size:undefined disposed:false
679 silly fetch manifest type-check@~0.4.0
680 silly packumentCache full:https://registry.npmjs.org/type-check cache-miss
681 http fetch GET 200 https://registry.npmjs.org/path-exists 217ms (cache miss)
682 silly packumentCache full:https://registry.npmjs.org/path-exists set size:undefined disposed:false
683 silly fetch manifest brace-expansion@^1.1.7
684 silly packumentCache full:https://registry.npmjs.org/brace-expansion cache-miss
685 http fetch GET 200 https://registry.npmjs.org/locate-path 221ms (cache miss)
686 silly packumentCache full:https://registry.npmjs.org/locate-path set size:undefined disposed:false
687 silly fetch manifest deep-is@^0.1.3
688 silly packumentCache full:https://registry.npmjs.org/deep-is cache-miss
689 http fetch GET 200 https://registry.npmjs.org/deep-is 22ms (cache miss)
690 silly packumentCache full:https://registry.npmjs.org/deep-is set size:undefined disposed:false
691 silly fetch manifest word-wrap@^1.2.5
692 silly packumentCache full:https://registry.npmjs.org/word-wrap cache-miss
693 http fetch GET 200 https://registry.npmjs.org/brace-expansion 25ms (cache miss)
694 silly packumentCache full:https://registry.npmjs.org/brace-expansion set size:undefined disposed:false
695 silly fetch manifest type-check@^0.4.0
696 silly packumentCache full:https://registry.npmjs.org/type-check cache-miss
697 http fetch GET 200 https://registry.npmjs.org/@humanwhocodes%2fobject-schema 599ms (cache miss)
698 silly packumentCache full:https://registry.npmjs.org/@humanwhocodes%2fobject-schema set size:undefined disposed:false
699 silly fetch manifest fast-levenshtein@^2.0.6
700 silly packumentCache full:https://registry.npmjs.org/fast-levenshtein cache-miss
701 http fetch GET 200 https://registry.npmjs.org/supports-color 609ms (cache miss)
702 silly packumentCache full:https://registry.npmjs.org/supports-color set size:undefined disposed:false
703 silly fetch manifest ansi-regex@^5.0.1
704 silly packumentCache full:https://registry.npmjs.org/ansi-regex cache-miss
705 http fetch GET 200 https://registry.npmjs.org/ansi-regex 26ms (cache miss)
706 silly packumentCache full:https://registry.npmjs.org/ansi-regex set size:undefined disposed:false
707 http fetch GET 200 https://registry.npmjs.org/type-check 119ms (cache miss)
708 silly packumentCache full:https://registry.npmjs.org/type-check set size:undefined disposed:false
709 http fetch GET 200 https://registry.npmjs.org/type-check 224ms (cache miss)
710 silly packumentCache full:https://registry.npmjs.org/type-check set size:undefined disposed:false
711 http fetch GET 200 https://registry.npmjs.org/word-wrap 224ms (cache miss)
712 silly packumentCache full:https://registry.npmjs.org/word-wrap set size:undefined disposed:false
713 http fetch GET 200 https://registry.npmjs.org/fast-levenshtein 213ms (cache miss)
714 silly packumentCache full:https://registry.npmjs.org/fast-levenshtein set size:undefined disposed:false
715 http fetch GET 200 https://registry.npmjs.org/@nodelib%2ffs.scandir 828ms (cache miss)
716 silly packumentCache full:https://registry.npmjs.org/@nodelib%2ffs.scandir set size:undefined disposed:false
717 http fetch GET 200 https://registry.npmjs.org/flat-cache 591ms (cache miss)
718 silly packumentCache full:https://registry.npmjs.org/flat-cache set size:undefined disposed:false
719 silly placeDep ROOT import-fresh@3.3.1 OK for: @eslint/eslintrc@2.1.4 want: ^3.2.1
720 silly placeDep ROOT strip-json-comments@3.1.1 OK for: @eslint/eslintrc@2.1.4 want: ^3.1.1
721 silly fetch manifest resolve-from@^4.0.0
722 silly packumentCache full:https://registry.npmjs.org/resolve-from cache-miss
723 silly fetch manifest parent-module@^1.0.0
724 silly packumentCache full:https://registry.npmjs.org/parent-module cache-miss
725 http fetch GET 200 https://registry.npmjs.org/parent-module 22ms (cache miss)
726 silly packumentCache full:https://registry.npmjs.org/parent-module set size:undefined disposed:false
727 http fetch GET 200 https://registry.npmjs.org/resolve-from 216ms (cache miss)
728 silly packumentCache full:https://registry.npmjs.org/resolve-from set size:undefined disposed:false
729 silly placeDep ROOT @humanwhocodes/object-schema@2.0.3 OK for: @humanwhocodes/config-array@0.13.0 want: ^2.0.3
730 silly placeDep ROOT @nodelib/fs.scandir@2.1.5 OK for: @nodelib/fs.walk@1.2.8 want: 2.1.5
731 silly placeDep ROOT fastq@1.20.1 OK for: @nodelib/fs.walk@1.2.8 want: ^1.6.0
732 silly fetch manifest run-parallel@^1.1.9
733 silly packumentCache full:https://registry.npmjs.org/run-parallel cache-miss
734 silly fetch manifest @nodelib/fs.stat@2.0.5
735 silly packumentCache full:https://registry.npmjs.org/@nodelib%2ffs.stat cache-miss
736 silly fetch manifest reusify@^1.0.4
737 silly packumentCache full:https://registry.npmjs.org/reusify cache-miss
738 http fetch GET 200 https://registry.npmjs.org/reusify 219ms (cache miss)
739 silly packumentCache full:https://registry.npmjs.org/reusify set size:undefined disposed:false
740 http fetch GET 200 https://registry.npmjs.org/run-parallel 221ms (cache miss)
741 silly packumentCache full:https://registry.npmjs.org/run-parallel set size:undefined disposed:false
742 http fetch GET 200 https://registry.npmjs.org/@nodelib%2ffs.stat 929ms (cache miss)
743 silly packumentCache full:https://registry.npmjs.org/@nodelib%2ffs.stat set size:undefined disposed:false
744 silly placeDep ROOT @nodelib/fs.stat@2.0.5 OK for: @nodelib/fs.scandir@2.1.5 want: 2.0.5
745 silly placeDep ROOT run-parallel@1.2.0 OK for: @nodelib/fs.scandir@2.1.5 want: ^1.1.9
746 silly fetch manifest queue-microtask@^1.2.2
747 silly packumentCache full:https://registry.npmjs.org/queue-microtask cache-miss
748 http fetch GET 200 https://registry.npmjs.org/queue-microtask 238ms (cache miss)
749 silly packumentCache full:https://registry.npmjs.org/queue-microtask set size:undefined disposed:false
750 silly placeDep ROOT fast-json-stable-stringify@2.1.0 OK for: ajv@6.15.0 want: ^2.0.0
751 silly placeDep ROOT json-schema-traverse@0.4.1 OK for: ajv@6.15.0 want: ^0.4.1
752 silly placeDep ROOT uri-js@4.4.1 OK for: ajv@6.15.0 want: ^4.2.2
753 silly fetch manifest punycode@^2.1.0
754 silly packumentCache full:https://registry.npmjs.org/punycode cache-miss
755 http fetch GET 200 https://registry.npmjs.org/punycode 27ms (cache miss)
756 silly packumentCache full:https://registry.npmjs.org/punycode set size:undefined disposed:false
757 silly placeDep ROOT ansi-styles@4.3.0 OK for: chalk@4.1.2 want: ^4.1.0
758 silly placeDep ROOT supports-color@7.2.0 OK for: chalk@4.1.2 want: ^7.1.0
759 silly fetch manifest color-convert@^2.0.1
760 silly packumentCache full:https://registry.npmjs.org/color-convert cache-miss
761 silly fetch manifest has-flag@^4.0.0
762 silly packumentCache full:https://registry.npmjs.org/has-flag cache-miss
763 http fetch GET 200 https://registry.npmjs.org/color-convert 32ms (cache miss)
764 silly packumentCache full:https://registry.npmjs.org/color-convert set size:undefined disposed:false
765 http fetch GET 200 https://registry.npmjs.org/has-flag 34ms (cache miss)
766 silly packumentCache full:https://registry.npmjs.org/has-flag set size:undefined disposed:false
767 silly placeDep ROOT color-convert@2.0.1 OK for: ansi-styles@4.3.0 want: ^2.0.1
768 silly fetch manifest color-name@~1.1.4
769 silly packumentCache full:https://registry.npmjs.org/color-name cache-miss
770 http fetch GET 200 https://registry.npmjs.org/color-name 26ms (cache miss)
771 silly packumentCache full:https://registry.npmjs.org/color-name set size:undefined disposed:false
772 silly placeDep ROOT color-name@1.1.4 OK for: color-convert@2.0.1 want: ~1.1.4
773 silly placeDep ROOT path-key@3.1.1 OK for: cross-spawn@7.0.6 want: ^3.1.0
774 silly placeDep ROOT shebang-command@2.0.0 OK for: cross-spawn@7.0.6 want: ^2.0.0
775 silly placeDep ROOT which@2.0.2 OK for: cross-spawn@7.0.6 want: ^2.0.1
776 silly fetch manifest shebang-regex@^3.0.0
777 silly packumentCache full:https://registry.npmjs.org/shebang-regex cache-miss
778 silly fetch manifest isexe@^2.0.0
779 silly packumentCache full:https://registry.npmjs.org/isexe cache-miss
780 http fetch GET 200 https://registry.npmjs.org/isexe 24ms (cache miss)
781 silly packumentCache full:https://registry.npmjs.org/isexe set size:undefined disposed:false
782 http fetch GET 200 https://registry.npmjs.org/shebang-regex 28ms (cache miss)
783 silly packumentCache full:https://registry.npmjs.org/shebang-regex set size:undefined disposed:false
784 silly placeDep ROOT ms@2.1.3 OK for: debug@4.4.3 want: ^2.1.3
785 silly fetch manifest eslint@^7.23.0 || ^8.0.0
786 silly packumentCache full:https://registry.npmjs.org/eslint cache-miss
787 http cache https://registry.npmjs.org/eslint 3ms (cache hit)
788 silly packumentCache full:https://registry.npmjs.org/eslint set size:1983515 disposed:false
789 silly fetch manifest eslint-plugin-import-x@*
790 silly packumentCache full:https://registry.npmjs.org/eslint-plugin-import-x cache-miss
791 http fetch GET 200 https://registry.npmjs.org/eslint-plugin-import-x 243ms (cache miss)
792 silly packumentCache full:https://registry.npmjs.org/eslint-plugin-import-x set size:undefined disposed:false
793 silly fetch manifest @typescript-eslint/utils@^8.56.0
794 silly packumentCache full:https://registry.npmjs.org/@typescript-eslint%2futils cache-miss
795 http fetch GET 200 https://registry.npmjs.org/@typescript-eslint%2futils 760ms (cache miss)
796 silly packumentCache full:https://registry.npmjs.org/@typescript-eslint%2futils set size:undefined disposed:false
797 silly fetch manifest typescript@>=3.3.1
798 silly packumentCache full:https://registry.npmjs.org/typescript cache-miss
799 http cache https://registry.npmjs.org/typescript 23ms (cache hit)
800 silly packumentCache full:https://registry.npmjs.org/typescript set size:15409943 disposed:false
801 silly placeDep ROOT @next/eslint-plugin-next@14.2.3 OK for: eslint-config-next@14.2.3 want: 14.2.3
802 silly placeDep ROOT @rushstack/eslint-patch@1.16.1 OK for: eslint-config-next@14.2.3 want: ^1.3.3
803 silly placeDep ROOT @typescript-eslint/parser@7.2.0 OK for: eslint-config-next@14.2.3 want: ^5.4.2 || ^6.0.0 || 7.0.0 - 7.2.0
804 silly placeDep ROOT eslint-import-resolver-node@0.3.10 OK for: eslint-config-next@14.2.3 want: ^0.3.6
805 silly placeDep ROOT eslint-import-resolver-typescript@3.10.1 OK for: eslint-config-next@14.2.3 want: ^3.5.2
806 silly placeDep ROOT eslint-plugin-import@2.32.0 OK for: eslint-config-next@14.2.3 want: ^2.28.1
807 silly placeDep ROOT eslint-plugin-jsx-a11y@6.10.2 OK for: eslint-config-next@14.2.3 want: ^6.7.1
808 silly placeDep ROOT eslint-plugin-react@7.37.5 OK for: eslint-config-next@14.2.3 want: ^7.33.2
809 silly placeDep ROOT eslint-plugin-react-hooks@5.0.0-canary-7118f5dd7-20230705 OK for: eslint-config-next@14.2.3 want: ^4.5.0 || 5.0.0-canary-7118f5dd7-20230705
810 silly fetch manifest glob@10.3.10
811 silly packumentCache full:https://registry.npmjs.org/glob cache-miss
812 silly fetch manifest @typescript-eslint/types@7.2.0
813 silly packumentCache full:https://registry.npmjs.org/@typescript-eslint%2ftypes cache-miss
814 silly fetch manifest @typescript-eslint/visitor-keys@7.2.0
815 silly packumentCache full:https://registry.npmjs.org/@typescript-eslint%2fvisitor-keys cache-miss
816 silly fetch manifest @typescript-eslint/scope-manager@7.2.0
817 silly packumentCache full:https://registry.npmjs.org/@typescript-eslint%2fscope-manager cache-miss
818 silly fetch manifest @typescript-eslint/typescript-estree@7.2.0
819 silly packumentCache full:https://registry.npmjs.org/@typescript-eslint%2ftypescript-estree cache-miss
820 silly fetch manifest debug@^3.2.7
821 silly packumentCache full:https://registry.npmjs.org/debug cache-hit
822 silly fetch manifest is-core-module@^2.16.1
823 silly packumentCache full:https://registry.npmjs.org/is-core-module cache-miss
824 silly fetch manifest resolve@^2.0.0-next.6
825 silly packumentCache full:https://registry.npmjs.org/resolve cache-miss
826 http cache https://registry.npmjs.org/resolve 5ms (cache hit)
827 silly packumentCache full:https://registry.npmjs.org/resolve set size:252941 disposed:false
828 silly fetch manifest tinyglobby@^0.2.13
829 silly packumentCache full:https://registry.npmjs.org/tinyglobby cache-miss
830 http fetch GET 200 https://registry.npmjs.org/glob 35ms (cache miss)
831 silly packumentCache full:https://registry.npmjs.org/glob set size:undefined disposed:false
832 silly fetch manifest stable-hash@^0.0.5
833 silly packumentCache full:https://registry.npmjs.org/stable-hash cache-miss
834 http fetch GET 200 https://registry.npmjs.org/is-core-module 227ms (cache miss)
835 silly packumentCache full:https://registry.npmjs.org/is-core-module set size:undefined disposed:false
836 silly fetch manifest get-tsconfig@^4.10.0
837 silly packumentCache full:https://registry.npmjs.org/get-tsconfig cache-miss
838 http fetch GET 200 https://registry.npmjs.org/tinyglobby 221ms (cache miss)
839 silly packumentCache full:https://registry.npmjs.org/tinyglobby set size:undefined disposed:false
840 silly fetch manifest is-bun-module@^2.0.0
841 silly packumentCache full:https://registry.npmjs.org/is-bun-module cache-miss
842 http fetch GET 200 https://registry.npmjs.org/stable-hash 215ms (cache miss)
843 silly packumentCache full:https://registry.npmjs.org/stable-hash set size:undefined disposed:false
844 silly fetch manifest unrs-resolver@^1.6.2
845 silly packumentCache full:https://registry.npmjs.org/unrs-resolver cache-miss
846 http fetch GET 200 https://registry.npmjs.org/unrs-resolver 28ms (cache miss)
847 silly packumentCache full:https://registry.npmjs.org/unrs-resolver set size:undefined disposed:false
848 silly fetch manifest @nolyfill/is-core-module@1.0.39
849 silly packumentCache full:https://registry.npmjs.org/@nolyfill%2fis-core-module cache-miss
850 http fetch GET 200 https://registry.npmjs.org/is-bun-module 216ms (cache miss)
851 silly packumentCache full:https://registry.npmjs.org/is-bun-module set size:undefined disposed:false
852 silly fetch manifest @rtsao/scc@^1.1.0
853 silly packumentCache full:https://registry.npmjs.org/@rtsao%2fscc cache-miss
854 http fetch GET 200 https://registry.npmjs.org/@nolyfill%2fis-core-module 202ms (cache miss)
855 silly packumentCache full:https://registry.npmjs.org/@nolyfill%2fis-core-module set size:undefined disposed:false
856 silly fetch manifest array-includes@^3.1.9
857 silly packumentCache full:https://registry.npmjs.org/array-includes cache-miss
858 http fetch GET 200 https://registry.npmjs.org/array-includes 266ms (cache miss)
859 silly packumentCache full:https://registry.npmjs.org/array-includes set size:undefined disposed:false
860 silly fetch manifest array.prototype.findlastindex@^1.2.6
861 silly packumentCache full:https://registry.npmjs.org/array.prototype.findlastindex cache-miss
862 http fetch GET 200 https://registry.npmjs.org/@typescript-eslint%2fvisitor-keys 756ms (cache miss)
863 silly packumentCache full:https://registry.npmjs.org/@typescript-eslint%2fvisitor-keys set size:undefined disposed:false
864 silly fetch manifest array.prototype.flat@^1.3.3
865 silly packumentCache full:https://registry.npmjs.org/array.prototype.flat cache-miss
866 http fetch GET 200 https://registry.npmjs.org/array.prototype.findlastindex 35ms (cache miss)
867 silly packumentCache full:https://registry.npmjs.org/array.prototype.findlastindex set size:undefined disposed:false
868 silly fetch manifest array.prototype.flatmap@^1.3.3
869 silly packumentCache full:https://registry.npmjs.org/array.prototype.flatmap cache-miss
870 http fetch GET 200 https://registry.npmjs.org/get-tsconfig 614ms (cache miss)
871 silly packumentCache full:https://registry.npmjs.org/get-tsconfig set size:undefined disposed:false
872 silly fetch manifest doctrine@^2.1.0
873 silly packumentCache full:https://registry.npmjs.org/doctrine cache-miss
874 http cache https://registry.npmjs.org/doctrine 3ms (cache hit)
875 silly packumentCache full:https://registry.npmjs.org/doctrine set size:64052 disposed:false
876 silly fetch manifest eslint-module-utils@^2.12.1
877 silly packumentCache full:https://registry.npmjs.org/eslint-module-utils cache-miss
878 http fetch GET 200 https://registry.npmjs.org/@rtsao%2fscc 406ms (cache miss)
879 silly packumentCache full:https://registry.npmjs.org/@rtsao%2fscc set size:undefined disposed:false
880 silly fetch manifest hasown@^2.0.2
881 silly packumentCache full:https://registry.npmjs.org/hasown cache-miss
882 http fetch GET 200 https://registry.npmjs.org/@typescript-eslint%2ftypes 863ms (cache miss)
883 silly packumentCache full:https://registry.npmjs.org/@typescript-eslint%2ftypes set size:undefined disposed:false
884 silly fetch manifest object.fromentries@^2.0.8
885 silly packumentCache full:https://registry.npmjs.org/object.fromentries cache-miss
886 http fetch GET 200 https://registry.npmjs.org/@typescript-eslint%2fscope-manager 920ms (cache miss)
887 silly packumentCache full:https://registry.npmjs.org/@typescript-eslint%2fscope-manager set size:undefined disposed:false
888 silly fetch manifest object.groupby@^1.0.3
889 silly packumentCache full:https://registry.npmjs.org/object.groupby cache-miss
890 http fetch GET 200 https://registry.npmjs.org/object.groupby 19ms (cache miss)
891 silly packumentCache full:https://registry.npmjs.org/object.groupby set size:undefined disposed:false
892 silly fetch manifest object.values@^1.2.1
893 silly packumentCache full:https://registry.npmjs.org/object.values cache-miss
894 http fetch GET 200 https://registry.npmjs.org/@typescript-eslint%2ftypescript-estree 986ms (cache miss)
895 silly packumentCache full:https://registry.npmjs.org/@typescript-eslint%2ftypescript-estree set size:undefined disposed:false
896 silly fetch manifest semver@^6.3.1
897 silly packumentCache full:https://registry.npmjs.org/semver cache-miss
898 http fetch GET 200 https://registry.npmjs.org/array.prototype.flat 247ms (cache miss)
899 silly packumentCache full:https://registry.npmjs.org/array.prototype.flat set size:undefined disposed:false
900 silly fetch manifest string.prototype.trimend@^1.0.9
901 silly packumentCache full:https://registry.npmjs.org/string.prototype.trimend cache-miss
902 http fetch GET 200 https://registry.npmjs.org/object.values 57ms (cache miss)
903 silly packumentCache full:https://registry.npmjs.org/object.values set size:undefined disposed:false
904 silly fetch manifest tsconfig-paths@^3.15.0
905 silly packumentCache full:https://registry.npmjs.org/tsconfig-paths cache-miss
906 http fetch GET 200 https://registry.npmjs.org/array.prototype.flatmap 239ms (cache miss)
907 silly packumentCache full:https://registry.npmjs.org/array.prototype.flatmap set size:undefined disposed:false
908 silly fetch manifest aria-query@^5.3.2
909 silly packumentCache full:https://registry.npmjs.org/aria-query cache-miss
910 http fetch GET 200 https://registry.npmjs.org/semver 25ms (cache miss)
911 silly packumentCache full:https://registry.npmjs.org/semver set size:undefined disposed:false
912 silly fetch manifest array-includes@^3.1.8
913 silly packumentCache full:https://registry.npmjs.org/array-includes cache-miss
914 http cache https://registry.npmjs.org/array-includes 1ms (cache hit)
915 silly packumentCache full:https://registry.npmjs.org/array-includes set size:77143 disposed:false
916 silly fetch manifest array.prototype.flatmap@^1.3.2
917 silly packumentCache full:https://registry.npmjs.org/array.prototype.flatmap cache-miss
918 http cache https://registry.npmjs.org/array.prototype.flatmap 1ms (cache hit)
919 silly packumentCache full:https://registry.npmjs.org/array.prototype.flatmap set size:51458 disposed:false
920 silly fetch manifest ast-types-flow@^0.0.8
921 silly packumentCache full:https://registry.npmjs.org/ast-types-flow cache-miss
922 http fetch GET 200 https://registry.npmjs.org/string.prototype.trimend 30ms (cache miss)
923 silly packumentCache full:https://registry.npmjs.org/string.prototype.trimend set size:undefined disposed:false
924 silly fetch manifest axe-core@^4.10.0
925 silly packumentCache full:https://registry.npmjs.org/axe-core cache-miss
926 http fetch GET 200 https://registry.npmjs.org/aria-query 29ms (cache miss)
927 silly packumentCache full:https://registry.npmjs.org/aria-query set size:undefined disposed:false
928 silly fetch manifest axobject-query@^4.1.0
929 silly packumentCache full:https://registry.npmjs.org/axobject-query cache-miss
930 http fetch GET 200 https://registry.npmjs.org/hasown 211ms (cache miss)
931 silly packumentCache full:https://registry.npmjs.org/hasown set size:undefined disposed:false
932 silly fetch manifest damerau-levenshtein@^1.0.8
933 silly packumentCache full:https://registry.npmjs.org/damerau-levenshtein cache-miss
934 http fetch GET 200 https://registry.npmjs.org/eslint-module-utils 230ms (cache miss)
935 silly packumentCache full:https://registry.npmjs.org/eslint-module-utils set size:undefined disposed:false
936 silly fetch manifest emoji-regex@^9.2.2
937 silly packumentCache full:https://registry.npmjs.org/emoji-regex cache-miss
938 http fetch GET 200 https://registry.npmjs.org/damerau-levenshtein 18ms (cache miss)
939 silly packumentCache full:https://registry.npmjs.org/damerau-levenshtein set size:undefined disposed:false
940 silly fetch manifest jsx-ast-utils@^3.3.5
941 silly packumentCache full:https://registry.npmjs.org/jsx-ast-utils cache-miss
942 http fetch GET 200 https://registry.npmjs.org/emoji-regex 24ms (cache miss)
943 silly packumentCache full:https://registry.npmjs.org/emoji-regex set size:undefined disposed:false
944 silly fetch manifest language-tags@^1.0.9
945 silly packumentCache full:https://registry.npmjs.org/language-tags cache-miss
946 http fetch GET 200 https://registry.npmjs.org/object.fromentries 230ms (cache miss)
947 silly packumentCache full:https://registry.npmjs.org/object.fromentries set size:undefined disposed:false
948 silly fetch manifest safe-regex-test@^1.0.3
949 silly packumentCache full:https://registry.npmjs.org/safe-regex-test cache-miss
950 http fetch GET 200 https://registry.npmjs.org/tsconfig-paths 219ms (cache miss)
951 silly packumentCache full:https://registry.npmjs.org/tsconfig-paths set size:undefined disposed:false
952 silly fetch manifest string.prototype.includes@^2.0.1
953 silly packumentCache full:https://registry.npmjs.org/string.prototype.includes cache-miss
954 http fetch GET 200 https://registry.npmjs.org/string.prototype.includes 22ms (cache miss)
955 silly packumentCache full:https://registry.npmjs.org/string.prototype.includes set size:undefined disposed:false
956 silly fetch manifest array.prototype.findlast@^1.2.5
957 silly packumentCache full:https://registry.npmjs.org/array.prototype.findlast cache-miss
958 http fetch GET 200 https://registry.npmjs.org/ast-types-flow 221ms (cache miss)
959 silly packumentCache full:https://registry.npmjs.org/ast-types-flow set size:undefined disposed:false
960 silly fetch manifest array.prototype.tosorted@^1.1.4
961 silly packumentCache full:https://registry.npmjs.org/array.prototype.tosorted cache-miss
962 http fetch GET 200 https://registry.npmjs.org/axobject-query 213ms (cache miss)
963 silly packumentCache full:https://registry.npmjs.org/axobject-query set size:undefined disposed:false
964 silly fetch manifest es-iterator-helpers@^1.2.1
965 silly packumentCache full:https://registry.npmjs.org/es-iterator-helpers cache-miss
966 http fetch GET 200 https://registry.npmjs.org/array.prototype.tosorted 24ms (cache miss)
967 silly packumentCache full:https://registry.npmjs.org/array.prototype.tosorted set size:undefined disposed:false
968 silly fetch manifest estraverse@^5.3.0
969 silly packumentCache full:https://registry.npmjs.org/estraverse cache-miss
970 http fetch GET 200 https://registry.npmjs.org/array.prototype.findlast 28ms (cache miss)
971 silly packumentCache full:https://registry.npmjs.org/array.prototype.findlast set size:undefined disposed:false
972 silly fetch manifest jsx-ast-utils@^2.4.1 || ^3.0.0
973 silly packumentCache full:https://registry.npmjs.org/jsx-ast-utils cache-miss
974 http cache https://registry.npmjs.org/estraverse 4ms (cache hit)
975 silly packumentCache full:https://registry.npmjs.org/estraverse set size:62412 disposed:false
976 silly fetch manifest object.entries@^1.1.9
977 silly packumentCache full:https://registry.npmjs.org/object.entries cache-miss
978 http fetch GET 200 https://registry.npmjs.org/jsx-ast-utils 220ms (cache miss)
979 silly packumentCache full:https://registry.npmjs.org/jsx-ast-utils set size:undefined disposed:false
980 silly fetch manifest prop-types@^15.8.1
981 silly packumentCache full:https://registry.npmjs.org/prop-types cache-miss
982 http fetch GET 200 https://registry.npmjs.org/es-iterator-helpers 31ms (cache miss)
983 silly packumentCache full:https://registry.npmjs.org/es-iterator-helpers set size:undefined disposed:false
984 silly fetch manifest resolve@^2.0.0-next.5
985 silly packumentCache full:https://registry.npmjs.org/resolve cache-hit
986 silly fetch manifest string.prototype.matchall@^4.0.12
987 silly packumentCache full:https://registry.npmjs.org/string.prototype.matchall cache-miss
988 http fetch GET 200 https://registry.npmjs.org/language-tags 220ms (cache miss)
989 silly packumentCache full:https://registry.npmjs.org/language-tags set size:undefined disposed:false
990 silly fetch manifest string.prototype.repeat@^1.0.0
991 silly packumentCache full:https://registry.npmjs.org/string.prototype.repeat cache-miss
992 http fetch GET 200 https://registry.npmjs.org/jsx-ast-utils 23ms (cache miss)
993 silly packumentCache full:https://registry.npmjs.org/jsx-ast-utils set size:undefined disposed:false
994 http fetch GET 200 https://registry.npmjs.org/safe-regex-test 210ms (cache miss)
995 silly packumentCache full:https://registry.npmjs.org/safe-regex-test set size:undefined disposed:false
996 http fetch GET 200 https://registry.npmjs.org/object.entries 32ms (cache miss)
997 silly packumentCache full:https://registry.npmjs.org/object.entries set size:undefined disposed:false
998 http fetch GET 200 https://registry.npmjs.org/axe-core 314ms (cache miss)
999 silly packumentCache full:https://registry.npmjs.org/axe-core set size:undefined disposed:false
1000 http fetch GET 200 https://registry.npmjs.org/string.prototype.matchall 218ms (cache miss)
1001 silly packumentCache full:https://registry.npmjs.org/string.prototype.matchall set size:undefined disposed:false
1002 http fetch GET 200 https://registry.npmjs.org/prop-types 222ms (cache miss)
1003 silly packumentCache full:https://registry.npmjs.org/prop-types set size:undefined disposed:false
1004 http fetch GET 200 https://registry.npmjs.org/string.prototype.repeat 215ms (cache miss)
1005 silly packumentCache full:https://registry.npmjs.org/string.prototype.repeat set size:undefined disposed:false
1006 silly placeDep ROOT glob@10.3.10 OK for: @next/eslint-plugin-next@14.2.3 want: 10.3.10
1007 silly fetch manifest minipass@^5.0.0 || ^6.0.2 || ^7.0.0
1008 silly packumentCache full:https://registry.npmjs.org/minipass cache-miss
1009 silly fetch manifest jackspeak@^2.3.5
1010 silly packumentCache full:https://registry.npmjs.org/jackspeak cache-miss
1011 silly fetch manifest minimatch@^9.0.1
1012 silly packumentCache full:https://registry.npmjs.org/minimatch cache-hit
1013 silly fetch manifest path-scurry@^1.10.1
1014 silly packumentCache full:https://registry.npmjs.org/path-scurry cache-miss
1015 silly fetch manifest foreground-child@^3.1.0
1016 silly packumentCache full:https://registry.npmjs.org/foreground-child cache-miss
1017 http fetch GET 200 https://registry.npmjs.org/foreground-child 27ms (cache miss)
1018 silly packumentCache full:https://registry.npmjs.org/foreground-child set size:undefined disposed:false
1019 http fetch GET 200 https://registry.npmjs.org/path-scurry 27ms (cache miss)
1020 silly packumentCache full:https://registry.npmjs.org/path-scurry set size:undefined disposed:false
1021 http fetch GET 200 https://registry.npmjs.org/jackspeak 37ms (cache miss)
1022 silly packumentCache full:https://registry.npmjs.org/jackspeak set size:undefined disposed:false
1023 http fetch GET 200 https://registry.npmjs.org/minipass 234ms (cache miss)
1024 silly packumentCache full:https://registry.npmjs.org/minipass set size:undefined disposed:false
1025 silly placeDep ROOT @typescript-eslint/scope-manager@7.2.0 OK for: @typescript-eslint/parser@7.2.0 want: 7.2.0
1026 silly placeDep ROOT @typescript-eslint/types@7.2.0 OK for: @typescript-eslint/parser@7.2.0 want: 7.2.0
1027 silly placeDep ROOT @typescript-eslint/typescript-estree@7.2.0 OK for: @typescript-eslint/parser@7.2.0 want: 7.2.0
1028 silly placeDep ROOT @typescript-eslint/visitor-keys@7.2.0 OK for: @typescript-eslint/parser@7.2.0 want: 7.2.0
1029 silly fetch manifest globby@^11.1.0
1030 silly packumentCache full:https://registry.npmjs.org/globby cache-miss
1031 silly fetch manifest semver@^7.5.4
1032 silly packumentCache full:https://registry.npmjs.org/semver cache-miss
1033 silly fetch manifest minimatch@9.0.3
1034 silly packumentCache full:https://registry.npmjs.org/minimatch cache-hit
1035 silly fetch manifest ts-api-utils@^1.0.1
1036 silly packumentCache full:https://registry.npmjs.org/ts-api-utils cache-miss
1037 http cache https://registry.npmjs.org/semver 2ms (cache hit)
1038 silly packumentCache full:https://registry.npmjs.org/semver set size:229571 disposed:false
1039 http fetch GET 200 https://registry.npmjs.org/globby 223ms (cache miss)
1040 silly packumentCache full:https://registry.npmjs.org/globby set size:undefined disposed:false
1041 http fetch GET 200 https://registry.npmjs.org/ts-api-utils 226ms (cache miss)
1042 silly packumentCache full:https://registry.npmjs.org/ts-api-utils set size:undefined disposed:false
1043 silly fetch manifest typescript@>=4.2.0
1044 silly packumentCache full:https://registry.npmjs.org/typescript cache-miss
1045 http cache https://registry.npmjs.org/typescript 13ms (cache hit)
1046 silly packumentCache full:https://registry.npmjs.org/typescript set size:15409943 disposed:false
1047 silly placeDep ROOT globby@11.1.0 OK for: @typescript-eslint/typescript-estree@7.2.0 want: ^11.1.0
1048 silly placeDep node_modules/@typescript-eslint/typescript-estree minimatch@9.0.3 OK for: @typescript-eslint/typescript-estree@7.2.0 want: 9.0.3
1049 silly placeDep ROOT semver@7.7.4 OK for: @typescript-eslint/typescript-estree@7.2.0 want: ^7.5.4
1050 silly placeDep ROOT ts-api-utils@1.4.3 OK for: @typescript-eslint/typescript-estree@7.2.0 want: ^1.0.1
1051 silly fetch manifest slash@^3.0.0
1052 silly packumentCache full:https://registry.npmjs.org/slash cache-miss
1053 silly fetch manifest merge2@^1.4.1
1054 silly packumentCache full:https://registry.npmjs.org/merge2 cache-miss
1055 silly fetch manifest dir-glob@^3.0.1
1056 silly packumentCache full:https://registry.npmjs.org/dir-glob cache-miss
1057 silly fetch manifest fast-glob@^3.2.9
1058 silly packumentCache full:https://registry.npmjs.org/fast-glob cache-miss
1059 silly fetch manifest array-union@^2.1.0
1060 silly packumentCache full:https://registry.npmjs.org/array-union cache-miss
1061 silly fetch manifest brace-expansion@^2.0.1
1062 silly packumentCache full:https://registry.npmjs.org/brace-expansion cache-miss
1063 http cache https://registry.npmjs.org/brace-expansion 4ms (cache hit)
1064 silly packumentCache full:https://registry.npmjs.org/brace-expansion set size:65768 disposed:false
1065 http cache https://registry.npmjs.org/fast-glob 5ms (cache hit)
1066 silly packumentCache full:https://registry.npmjs.org/fast-glob set size:220556 disposed:false
1067 http fetch GET 200 https://registry.npmjs.org/slash 27ms (cache miss)
1068 silly packumentCache full:https://registry.npmjs.org/slash set size:undefined disposed:false
1069 http fetch GET 200 https://registry.npmjs.org/array-union 221ms (cache miss)
1070 silly packumentCache full:https://registry.npmjs.org/array-union set size:undefined disposed:false
1071 http fetch GET 200 https://registry.npmjs.org/merge2 239ms (cache miss)
1072 silly packumentCache full:https://registry.npmjs.org/merge2 set size:undefined disposed:false
1073 http fetch GET 200 https://registry.npmjs.org/dir-glob 593ms (cache miss)
1074 silly packumentCache full:https://registry.npmjs.org/dir-glob set size:undefined disposed:false
1075 silly placeDep node_modules/eslint-import-resolver-node debug@3.2.7 OK for: eslint-import-resolver-node@0.3.10 want: ^3.2.7
1076 silly placeDep ROOT is-core-module@2.16.1 OK for: eslint-import-resolver-node@0.3.10 want: ^2.16.1
1077 silly placeDep ROOT resolve@2.0.0-next.6 OK for: eslint-import-resolver-node@0.3.10 want: ^2.0.0-next.6
1078 silly fetch manifest es-errors@^1.3.0
1079 silly packumentCache full:https://registry.npmjs.org/es-errors cache-miss
1080 silly fetch manifest path-parse@^1.0.7
1081 silly packumentCache full:https://registry.npmjs.org/path-parse cache-miss
1082 silly fetch manifest object-keys@^1.1.1
1083 silly packumentCache full:https://registry.npmjs.org/object-keys cache-miss
1084 silly fetch manifest node-exports-info@^1.6.0
1085 silly packumentCache full:https://registry.npmjs.org/node-exports-info cache-miss
1086 silly fetch manifest supports-preserve-symlinks-flag@^1.0.0
1087 silly packumentCache full:https://registry.npmjs.org/supports-preserve-symlinks-flag cache-miss
1088 http fetch GET 200 https://registry.npmjs.org/path-parse 29ms (cache miss)
1089 silly packumentCache full:https://registry.npmjs.org/path-parse set size:undefined disposed:false
1090 http fetch GET 200 https://registry.npmjs.org/es-errors 31ms (cache miss)
1091 silly packumentCache full:https://registry.npmjs.org/es-errors set size:undefined disposed:false
1092 http fetch GET 200 https://registry.npmjs.org/node-exports-info 227ms (cache miss)
1093 silly packumentCache full:https://registry.npmjs.org/node-exports-info set size:undefined disposed:false
1094 http fetch GET 200 https://registry.npmjs.org/supports-preserve-symlinks-flag 227ms (cache miss)
1095 silly packumentCache full:https://registry.npmjs.org/supports-preserve-symlinks-flag set size:undefined disposed:false
1096 http fetch GET 200 https://registry.npmjs.org/object-keys 597ms (cache miss)
1097 silly packumentCache full:https://registry.npmjs.org/object-keys set size:undefined disposed:false
1098 silly placeDep ROOT @nolyfill/is-core-module@1.0.39 OK for: eslint-import-resolver-typescript@3.10.1 want: 1.0.39
1099 silly placeDep ROOT get-tsconfig@4.14.0 OK for: eslint-import-resolver-typescript@3.10.1 want: ^4.10.0
1100 silly placeDep ROOT is-bun-module@2.0.0 OK for: eslint-import-resolver-typescript@3.10.1 want: ^2.0.0
1101 silly placeDep ROOT stable-hash@0.0.5 OK for: eslint-import-resolver-typescript@3.10.1 want: ^0.0.5
1102 silly placeDep ROOT tinyglobby@0.2.16 OK for: eslint-import-resolver-typescript@3.10.1 want: ^0.2.13
1103 silly placeDep ROOT unrs-resolver@1.11.1 OK for: eslint-import-resolver-typescript@3.10.1 want: ^1.6.2
1104 silly fetch manifest resolve-pkg-maps@^1.0.0
1105 silly packumentCache full:https://registry.npmjs.org/resolve-pkg-maps cache-miss
1106 silly fetch manifest fdir@^6.5.0
1107 silly packumentCache full:https://registry.npmjs.org/fdir cache-miss
1108 silly fetch manifest picomatch@^4.0.4
1109 silly packumentCache full:https://registry.npmjs.org/picomatch cache-miss
1110 silly fetch manifest napi-postinstall@^0.3.0
1111 silly packumentCache full:https://registry.npmjs.org/napi-postinstall cache-miss
1112 silly fetch manifest @unrs/resolver-binding-win32-x64-msvc@1.11.1
1113 silly packumentCache full:https://registry.npmjs.org/@unrs%2fresolver-binding-win32-x64-msvc cache-miss
1114 silly fetch manifest @unrs/resolver-binding-win32-arm64-msvc@1.11.1
1115 silly packumentCache full:https://registry.npmjs.org/@unrs%2fresolver-binding-win32-arm64-msvc cache-miss
1116 silly fetch manifest @unrs/resolver-binding-win32-ia32-msvc@1.11.1
1117 silly packumentCache full:https://registry.npmjs.org/@unrs%2fresolver-binding-win32-ia32-msvc cache-miss
1118 http fetch GET 200 https://registry.npmjs.org/resolve-pkg-maps 283ms (cache miss)
1119 silly packumentCache full:https://registry.npmjs.org/resolve-pkg-maps set size:undefined disposed:false
1120 silly fetch manifest @unrs/resolver-binding-linux-x64-gnu@1.11.1
1121 silly packumentCache full:https://registry.npmjs.org/@unrs%2fresolver-binding-linux-x64-gnu cache-miss
1122 http fetch GET 200 https://registry.npmjs.org/napi-postinstall 283ms (cache miss)
1123 silly packumentCache full:https://registry.npmjs.org/napi-postinstall set size:undefined disposed:false
1124 silly fetch manifest @unrs/resolver-binding-linux-x64-musl@1.11.1
1125 silly packumentCache full:https://registry.npmjs.org/@unrs%2fresolver-binding-linux-x64-musl cache-miss
1126 http fetch GET 200 https://registry.npmjs.org/fdir 284ms (cache miss)
1127 silly packumentCache full:https://registry.npmjs.org/fdir set size:undefined disposed:false
1128 silly fetch manifest @unrs/resolver-binding-freebsd-x64@1.11.1
1129 silly packumentCache full:https://registry.npmjs.org/@unrs%2fresolver-binding-freebsd-x64 cache-miss
1130 http fetch GET 200 https://registry.npmjs.org/picomatch 286ms (cache miss)
1131 silly packumentCache full:https://registry.npmjs.org/picomatch set size:undefined disposed:false
1132 silly fetch manifest @unrs/resolver-binding-android-arm64@1.11.1
1133 silly packumentCache full:https://registry.npmjs.org/@unrs%2fresolver-binding-android-arm64 cache-miss
1134 http fetch GET 200 https://registry.npmjs.org/@unrs%2fresolver-binding-win32-ia32-msvc 637ms (cache miss)
1135 silly packumentCache full:https://registry.npmjs.org/@unrs%2fresolver-binding-win32-ia32-msvc set size:undefined disposed:false
1136 silly fetch manifest @unrs/resolver-binding-linux-arm64-gnu@1.11.1
1137 silly packumentCache full:https://registry.npmjs.org/@unrs%2fresolver-binding-linux-arm64-gnu cache-miss
1138 http fetch GET 200 https://registry.npmjs.org/@unrs%2fresolver-binding-win32-x64-msvc 639ms (cache miss)
1139 silly packumentCache full:https://registry.npmjs.org/@unrs%2fresolver-binding-win32-x64-msvc set size:undefined disposed:false
1140 silly fetch manifest @unrs/resolver-binding-linux-arm64-musl@1.11.1
1141 silly packumentCache full:https://registry.npmjs.org/@unrs%2fresolver-binding-linux-arm64-musl cache-miss
1142 http fetch GET 200 https://registry.npmjs.org/@unrs%2fresolver-binding-win32-arm64-msvc 644ms (cache miss)
1143 silly packumentCache full:https://registry.npmjs.org/@unrs%2fresolver-binding-win32-arm64-msvc set size:undefined disposed:false
1144 silly fetch manifest @unrs/resolver-binding-android-arm-eabi@1.11.1
1145 silly packumentCache full:https://registry.npmjs.org/@unrs%2fresolver-binding-android-arm-eabi cache-miss
1146 http fetch GET 200 https://registry.npmjs.org/@unrs%2fresolver-binding-android-arm64 436ms (cache miss)
1147 silly packumentCache full:https://registry.npmjs.org/@unrs%2fresolver-binding-android-arm64 set size:undefined disposed:false
1148 silly fetch manifest @unrs/resolver-binding-linux-arm-gnueabihf@1.11.1
1149 silly packumentCache full:https://registry.npmjs.org/@unrs%2fresolver-binding-linux-arm-gnueabihf cache-miss
1150 http fetch GET 200 https://registry.npmjs.org/@unrs%2fresolver-binding-linux-x64-gnu 592ms (cache miss)
1151 silly packumentCache full:https://registry.npmjs.org/@unrs%2fresolver-binding-linux-x64-gnu set size:undefined disposed:false
1152 silly fetch manifest @unrs/resolver-binding-linux-arm-musleabihf@1.11.1
1153 silly packumentCache full:https://registry.npmjs.org/@unrs%2fresolver-binding-linux-arm-musleabihf cache-miss
1154 http fetch GET 200 https://registry.npmjs.org/@unrs%2fresolver-binding-freebsd-x64 645ms (cache miss)
1155 silly packumentCache full:https://registry.npmjs.org/@unrs%2fresolver-binding-freebsd-x64 set size:undefined disposed:false
1156 silly fetch manifest @unrs/resolver-binding-linux-ppc64-gnu@1.11.1
1157 silly packumentCache full:https://registry.npmjs.org/@unrs%2fresolver-binding-linux-ppc64-gnu cache-miss
1158 http fetch GET 200 https://registry.npmjs.org/@unrs%2fresolver-binding-linux-arm64-musl 417ms (cache miss)
1159 silly packumentCache full:https://registry.npmjs.org/@unrs%2fresolver-binding-linux-arm64-musl set size:undefined disposed:false
1160 silly fetch manifest @unrs/resolver-binding-linux-riscv64-gnu@1.11.1
1161 silly packumentCache full:https://registry.npmjs.org/@unrs%2fresolver-binding-linux-riscv64-gnu cache-miss
1162 http fetch GET 200 https://registry.npmjs.org/@unrs%2fresolver-binding-linux-arm64-gnu 595ms (cache miss)
1163 silly packumentCache full:https://registry.npmjs.org/@unrs%2fresolver-binding-linux-arm64-gnu set size:undefined disposed:false
1164 silly fetch manifest @unrs/resolver-binding-linux-riscv64-musl@1.11.1
1165 silly packumentCache full:https://registry.npmjs.org/@unrs%2fresolver-binding-linux-riscv64-musl cache-miss
1166 http fetch GET 200 https://registry.npmjs.org/@unrs%2fresolver-binding-android-arm-eabi 609ms (cache miss)
1167 silly packumentCache full:https://registry.npmjs.org/@unrs%2fresolver-binding-android-arm-eabi set size:undefined disposed:false
1168 silly fetch manifest @unrs/resolver-binding-linux-s390x-gnu@1.11.1
1169 silly packumentCache full:https://registry.npmjs.org/@unrs%2fresolver-binding-linux-s390x-gnu cache-miss
1170 http fetch GET 200 https://registry.npmjs.org/@unrs%2fresolver-binding-linux-x64-musl 1014ms (cache miss)
1171 silly packumentCache full:https://registry.npmjs.org/@unrs%2fresolver-binding-linux-x64-musl set size:undefined disposed:false
1172 silly fetch manifest @unrs/resolver-binding-darwin-x64@1.11.1
1173 silly packumentCache full:https://registry.npmjs.org/@unrs%2fresolver-binding-darwin-x64 cache-miss
1174 http fetch GET 200 https://registry.npmjs.org/@unrs%2fresolver-binding-linux-arm-musleabihf 590ms (cache miss)
1175 silly packumentCache full:https://registry.npmjs.org/@unrs%2fresolver-binding-linux-arm-musleabihf set size:undefined disposed:false
1176 silly fetch manifest @unrs/resolver-binding-darwin-arm64@1.11.1
1177 silly packumentCache full:https://registry.npmjs.org/@unrs%2fresolver-binding-darwin-arm64 cache-miss
1178 http fetch GET 200 https://registry.npmjs.org/@unrs%2fresolver-binding-linux-arm-gnueabihf 801ms (cache miss)
1179 silly packumentCache full:https://registry.npmjs.org/@unrs%2fresolver-binding-linux-arm-gnueabihf set size:undefined disposed:false
1180 silly fetch manifest @unrs/resolver-binding-wasm32-wasi@1.11.1
1181 silly packumentCache full:https://registry.npmjs.org/@unrs%2fresolver-binding-wasm32-wasi cache-miss
1182 http fetch GET 200 https://registry.npmjs.org/@unrs%2fresolver-binding-linux-ppc64-gnu 599ms (cache miss)
1183 silly packumentCache full:https://registry.npmjs.org/@unrs%2fresolver-binding-linux-ppc64-gnu set size:undefined disposed:false
1184 http fetch GET 200 https://registry.npmjs.org/@unrs%2fresolver-binding-linux-riscv64-musl 398ms (cache miss)
1185 silly packumentCache full:https://registry.npmjs.org/@unrs%2fresolver-binding-linux-riscv64-musl set size:undefined disposed:false
1186 http fetch GET 200 https://registry.npmjs.org/@unrs%2fresolver-binding-linux-riscv64-gnu 596ms (cache miss)
1187 silly packumentCache full:https://registry.npmjs.org/@unrs%2fresolver-binding-linux-riscv64-gnu set size:undefined disposed:false
1188 http fetch GET 200 https://registry.npmjs.org/@unrs%2fresolver-binding-darwin-x64 413ms (cache miss)
1189 silly packumentCache full:https://registry.npmjs.org/@unrs%2fresolver-binding-darwin-x64 set size:undefined disposed:false
1190 http fetch GET 200 https://registry.npmjs.org/@unrs%2fresolver-binding-darwin-arm64 602ms (cache miss)
1191 silly packumentCache full:https://registry.npmjs.org/@unrs%2fresolver-binding-darwin-arm64 set size:undefined disposed:false
1192 http fetch GET 200 https://registry.npmjs.org/@unrs%2fresolver-binding-wasm32-wasi 993ms (cache miss)
1193 silly packumentCache full:https://registry.npmjs.org/@unrs%2fresolver-binding-wasm32-wasi set size:undefined disposed:false
1194 http fetch GET 200 https://registry.npmjs.org/@unrs%2fresolver-binding-linux-s390x-gnu 1392ms (cache miss)
1195 silly packumentCache full:https://registry.npmjs.org/@unrs%2fresolver-binding-linux-s390x-gnu set size:undefined disposed:false
1196 silly placeDep ROOT @rtsao/scc@1.1.0 OK for: eslint-plugin-import@2.32.0 want: ^1.1.0
1197 silly placeDep ROOT array-includes@3.1.9 OK for: eslint-plugin-import@2.32.0 want: ^3.1.9
1198 silly placeDep ROOT array.prototype.findlastindex@1.2.6 OK for: eslint-plugin-import@2.32.0 want: ^1.2.6
1199 silly placeDep ROOT array.prototype.flat@1.3.3 OK for: eslint-plugin-import@2.32.0 want: ^1.3.3
1200 silly placeDep ROOT array.prototype.flatmap@1.3.3 OK for: eslint-plugin-import@2.32.0 want: ^1.3.3
1201 silly placeDep node_modules/eslint-plugin-import debug@3.2.7 OK for: eslint-plugin-import@2.32.0 want: ^3.2.7
1202 silly placeDep node_modules/eslint-plugin-import doctrine@2.1.0 OK for: eslint-plugin-import@2.32.0 want: ^2.1.0
1203 silly placeDep ROOT eslint-module-utils@2.12.1 OK for: eslint-plugin-import@2.32.0 want: ^2.12.1
1204 silly placeDep ROOT hasown@2.0.3 OK for: eslint-plugin-import@2.32.0 want: ^2.0.2
1205 silly placeDep ROOT object.fromentries@2.0.8 OK for: eslint-plugin-import@2.32.0 want: ^2.0.8
1206 silly placeDep ROOT object.groupby@1.0.3 OK for: eslint-plugin-import@2.32.0 want: ^1.0.3
1207 silly placeDep ROOT object.values@1.2.1 OK for: eslint-plugin-import@2.32.0 want: ^1.2.1
1208 silly placeDep node_modules/eslint-plugin-import semver@6.3.1 OK for: eslint-plugin-import@2.32.0 want: ^6.3.1
1209 silly placeDep ROOT string.prototype.trimend@1.0.9 OK for: eslint-plugin-import@2.32.0 want: ^1.0.9
1210 silly placeDep ROOT tsconfig-paths@3.15.0 OK for: eslint-plugin-import@2.32.0 want: ^3.15.0
1211 silly fetch manifest call-bind@^1.0.8
1212 silly packumentCache full:https://registry.npmjs.org/call-bind cache-miss
1213 silly fetch manifest call-bound@^1.0.4
1214 silly packumentCache full:https://registry.npmjs.org/call-bound cache-miss
1215 silly fetch manifest define-properties@^1.2.1
1216 silly packumentCache full:https://registry.npmjs.org/define-properties cache-miss
1217 silly fetch manifest es-abstract@^1.24.0
1218 silly packumentCache full:https://registry.npmjs.org/es-abstract cache-miss
1219 silly fetch manifest es-object-atoms@^1.1.1
1220 silly packumentCache full:https://registry.npmjs.org/es-object-atoms cache-miss
1221 silly fetch manifest get-intrinsic@^1.3.0
1222 silly packumentCache full:https://registry.npmjs.org/get-intrinsic cache-miss
1223 silly fetch manifest is-string@^1.1.1
1224 silly packumentCache full:https://registry.npmjs.org/is-string cache-miss
1225 http fetch GET 200 https://registry.npmjs.org/is-string 24ms (cache miss)
1226 silly packumentCache full:https://registry.npmjs.org/is-string set size:undefined disposed:false
1227 silly fetch manifest math-intrinsics@^1.1.0
1228 silly packumentCache full:https://registry.npmjs.org/math-intrinsics cache-miss
1229 http fetch GET 200 https://registry.npmjs.org/define-properties 25ms (cache miss)
1230 silly packumentCache full:https://registry.npmjs.org/define-properties set size:undefined disposed:false
1231 silly fetch manifest call-bind@^1.0.8
1232 silly packumentCache full:https://registry.npmjs.org/call-bind cache-miss
1233 http fetch GET 200 https://registry.npmjs.org/call-bound 209ms (cache miss)
1234 silly packumentCache full:https://registry.npmjs.org/call-bound set size:undefined disposed:false
1235 silly fetch manifest es-abstract@^1.23.9
1236 silly packumentCache full:https://registry.npmjs.org/es-abstract cache-miss
1237 http fetch GET 200 https://registry.npmjs.org/get-intrinsic 210ms (cache miss)
1238 silly packumentCache full:https://registry.npmjs.org/get-intrinsic set size:undefined disposed:false
1239 silly fetch manifest es-object-atoms@^1.1.1
1240 silly packumentCache full:https://registry.npmjs.org/es-object-atoms cache-miss
1241 http fetch GET 200 https://registry.npmjs.org/call-bind 212ms (cache miss)
1242 silly packumentCache full:https://registry.npmjs.org/call-bind set size:undefined disposed:false
1243 silly fetch manifest es-shim-unscopables@^1.1.0
1244 silly packumentCache full:https://registry.npmjs.org/es-shim-unscopables cache-miss
1245 http fetch GET 200 https://registry.npmjs.org/call-bind 188ms (cache miss)
1246 silly packumentCache full:https://registry.npmjs.org/call-bind set size:undefined disposed:false
1247 silly fetch manifest es-abstract@^1.23.5
1248 silly packumentCache full:https://registry.npmjs.org/es-abstract cache-miss
1249 http fetch GET 200 https://registry.npmjs.org/es-object-atoms 221ms (cache miss)
1250 silly packumentCache full:https://registry.npmjs.org/es-object-atoms set size:undefined disposed:false
1251 silly fetch manifest es-shim-unscopables@^1.0.2
1252 silly packumentCache full:https://registry.npmjs.org/es-shim-unscopables cache-miss
1253 http fetch GET 200 https://registry.npmjs.org/es-abstract 223ms (cache miss)
1254 silly packumentCache full:https://registry.npmjs.org/es-abstract set size:undefined disposed:false
1255 silly fetch manifest es-abstract@^1.23.5
1256 silly packumentCache full:https://registry.npmjs.org/es-abstract cache-miss
1257 http cache https://registry.npmjs.org/es-abstract 1ms (cache hit)
1258 silly packumentCache full:https://registry.npmjs.org/es-abstract set size:384124 disposed:false
1259 silly fetch manifest es-shim-unscopables@^1.0.2
1260 silly packumentCache full:https://registry.npmjs.org/es-shim-unscopables cache-miss
1261 http fetch GET 200 https://registry.npmjs.org/es-object-atoms 21ms (cache miss)
1262 silly packumentCache full:https://registry.npmjs.org/es-object-atoms set size:undefined disposed:false
1263 silly fetch manifest function-bind@^1.1.2
1264 silly packumentCache full:https://registry.npmjs.org/function-bind cache-miss
1265 http fetch GET 200 https://registry.npmjs.org/es-shim-unscopables 20ms (cache miss)
1266 silly packumentCache full:https://registry.npmjs.org/es-shim-unscopables set size:undefined disposed:false
1267 silly fetch manifest call-bind@^1.0.7
1268 silly packumentCache full:https://registry.npmjs.org/call-bind cache-miss
1269 http cache https://registry.npmjs.org/call-bind 1ms (cache hit)
1270 silly packumentCache full:https://registry.npmjs.org/call-bind set size:32985 disposed:false
1271 silly fetch manifest es-abstract@^1.23.2
1272 silly packumentCache full:https://registry.npmjs.org/es-abstract cache-hit
1273 silly fetch manifest es-object-atoms@^1.0.0
1274 silly packumentCache full:https://registry.npmjs.org/es-object-atoms cache-miss
1275 http cache https://registry.npmjs.org/es-object-atoms 2ms (cache hit)
1276 silly packumentCache full:https://registry.npmjs.org/es-object-atoms set size:15304 disposed:false
1277 silly fetch manifest call-bound@^1.0.3
1278 silly packumentCache full:https://registry.npmjs.org/call-bound cache-miss
1279 http cache https://registry.npmjs.org/call-bound 0ms (cache hit)
1280 silly packumentCache full:https://registry.npmjs.org/call-bound set size:15317 disposed:false
1281 silly fetch manifest call-bound@^1.0.2
1282 silly packumentCache full:https://registry.npmjs.org/call-bound cache-hit
1283 silly fetch manifest json5@^1.0.2
1284 silly packumentCache full:https://registry.npmjs.org/json5 cache-miss
1285 http fetch GET 200 https://registry.npmjs.org/es-shim-unscopables 17ms (cache miss)
1286 silly packumentCache full:https://registry.npmjs.org/es-shim-unscopables set size:undefined disposed:false
1287 silly fetch manifest minimist@^1.2.6
1288 silly packumentCache full:https://registry.npmjs.org/minimist cache-miss
1289 http fetch GET 200 https://registry.npmjs.org/es-abstract 30ms (cache miss)
1290 silly packumentCache full:https://registry.npmjs.org/es-abstract set size:undefined disposed:false
1291 silly packumentCache full:https://registry.npmjs.org/es-abstract dispose
1292 silly fetch manifest strip-bom@^3.0.0
1293 silly packumentCache full:https://registry.npmjs.org/strip-bom cache-miss
1294 http fetch GET 200 https://registry.npmjs.org/es-shim-unscopables 17ms (cache miss)
1295 silly packumentCache full:https://registry.npmjs.org/es-shim-unscopables set size:undefined disposed:false
1296 silly fetch manifest @types/json5@^0.0.29
1297 silly packumentCache full:https://registry.npmjs.org/@types%2fjson5 cache-miss
1298 http fetch GET 200 https://registry.npmjs.org/es-abstract 32ms (cache miss)
1299 silly packumentCache full:https://registry.npmjs.org/es-abstract set size:undefined disposed:true
1300 http fetch GET 200 https://registry.npmjs.org/math-intrinsics 224ms (cache miss)
1301 silly packumentCache full:https://registry.npmjs.org/math-intrinsics set size:undefined disposed:false
1302 http fetch GET 200 https://registry.npmjs.org/function-bind 16ms (cache miss)
1303 silly packumentCache full:https://registry.npmjs.org/function-bind set size:undefined disposed:false
1304 http fetch GET 200 https://registry.npmjs.org/json5 23ms (cache miss)
1305 silly packumentCache full:https://registry.npmjs.org/json5 set size:undefined disposed:false
1306 http fetch GET 200 https://registry.npmjs.org/minimist 219ms (cache miss)
1307 silly packumentCache full:https://registry.npmjs.org/minimist set size:undefined disposed:false
1308 http fetch GET 200 https://registry.npmjs.org/strip-bom 220ms (cache miss)
1309 silly packumentCache full:https://registry.npmjs.org/strip-bom set size:undefined disposed:false
1310 http fetch GET 200 https://registry.npmjs.org/@types%2fjson5 229ms (cache miss)
1311 silly packumentCache full:https://registry.npmjs.org/@types%2fjson5 set size:undefined disposed:false
1312 silly placeDep ROOT call-bind@1.0.9 OK for: array-includes@3.1.9 want: ^1.0.8
1313 silly placeDep ROOT call-bound@1.0.4 OK for: array-includes@3.1.9 want: ^1.0.4
1314 silly placeDep ROOT define-properties@1.2.1 OK for: array-includes@3.1.9 want: ^1.2.1
1315 silly placeDep ROOT es-abstract@1.24.2 OK for: array-includes@3.1.9 want: ^1.24.0
1316 silly placeDep ROOT es-object-atoms@1.1.1 OK for: array-includes@3.1.9 want: ^1.1.1
1317 silly placeDep ROOT get-intrinsic@1.3.0 OK for: array-includes@3.1.9 want: ^1.3.0
1318 silly placeDep ROOT is-string@1.1.1 OK for: array-includes@3.1.9 want: ^1.1.1
1319 silly placeDep ROOT math-intrinsics@1.1.0 OK for: array-includes@3.1.9 want: ^1.1.0
1320 silly fetch manifest call-bind-apply-helpers@^1.0.2
1321 silly packumentCache full:https://registry.npmjs.org/call-bind-apply-helpers cache-miss
1322 silly fetch manifest es-define-property@^1.0.1
1323 silly packumentCache full:https://registry.npmjs.org/es-define-property cache-miss
1324 silly fetch manifest set-function-length@^1.2.2
1325 silly packumentCache full:https://registry.npmjs.org/set-function-length cache-miss
1326 silly fetch manifest call-bind-apply-helpers@^1.0.2
1327 silly packumentCache full:https://registry.npmjs.org/call-bind-apply-helpers cache-miss
1328 silly fetch manifest define-data-property@^1.0.1
1329 silly packumentCache full:https://registry.npmjs.org/define-data-property cache-miss
1330 silly fetch manifest has-property-descriptors@^1.0.0
1331 silly packumentCache full:https://registry.npmjs.org/has-property-descriptors cache-miss
1332 silly fetch manifest array-buffer-byte-length@^1.0.2
1333 silly packumentCache full:https://registry.npmjs.org/array-buffer-byte-length cache-miss
1334 http fetch GET 200 https://registry.npmjs.org/array-buffer-byte-length 19ms (cache miss)
1335 silly packumentCache full:https://registry.npmjs.org/array-buffer-byte-length set size:undefined disposed:false
1336 silly fetch manifest arraybuffer.prototype.slice@^1.0.4
1337 silly packumentCache full:https://registry.npmjs.org/arraybuffer.prototype.slice cache-miss
1338 http fetch GET 200 https://registry.npmjs.org/set-function-length 26ms (cache miss)
1339 silly packumentCache full:https://registry.npmjs.org/set-function-length set size:undefined disposed:false
1340 silly fetch manifest available-typed-arrays@^1.0.7
1341 silly packumentCache full:https://registry.npmjs.org/available-typed-arrays cache-miss
1342 http fetch GET 200 https://registry.npmjs.org/arraybuffer.prototype.slice 20ms (cache miss)
1343 silly packumentCache full:https://registry.npmjs.org/arraybuffer.prototype.slice set size:undefined disposed:false
1344 silly fetch manifest data-view-buffer@^1.0.2
1345 silly packumentCache full:https://registry.npmjs.org/data-view-buffer cache-miss
1346 http fetch GET 200 https://registry.npmjs.org/available-typed-arrays 27ms (cache miss)
1347 silly packumentCache full:https://registry.npmjs.org/available-typed-arrays set size:undefined disposed:false
1348 silly fetch manifest data-view-byte-length@^1.0.2
1349 silly packumentCache full:https://registry.npmjs.org/data-view-byte-length cache-miss
1350 http fetch GET 200 https://registry.npmjs.org/data-view-buffer 22ms (cache miss)
1351 silly packumentCache full:https://registry.npmjs.org/data-view-buffer set size:undefined disposed:false
1352 silly fetch manifest data-view-byte-offset@^1.0.1
1353 silly packumentCache full:https://registry.npmjs.org/data-view-byte-offset cache-miss
1354 http fetch GET 200 https://registry.npmjs.org/data-view-byte-length 25ms (cache miss)
1355 silly packumentCache full:https://registry.npmjs.org/data-view-byte-length set size:undefined disposed:false
1356 silly fetch manifest es-define-property@^1.0.1
1357 silly packumentCache full:https://registry.npmjs.org/es-define-property cache-miss
1358 http fetch GET 200 https://registry.npmjs.org/data-view-byte-offset 22ms (cache miss)
1359 silly packumentCache full:https://registry.npmjs.org/data-view-byte-offset set size:undefined disposed:false
1360 silly fetch manifest es-set-tostringtag@^2.1.0
1361 silly packumentCache full:https://registry.npmjs.org/es-set-tostringtag cache-miss
1362 http fetch GET 200 https://registry.npmjs.org/has-property-descriptors 215ms (cache miss)
1363 silly packumentCache full:https://registry.npmjs.org/has-property-descriptors set size:undefined disposed:false
1364 silly fetch manifest es-to-primitive@^1.3.0
1365 silly packumentCache full:https://registry.npmjs.org/es-to-primitive cache-miss
1366 http fetch GET 200 https://registry.npmjs.org/es-define-property 228ms (cache miss)
1367 silly packumentCache full:https://registry.npmjs.org/es-define-property set size:undefined disposed:false
1368 silly fetch manifest function.prototype.name@^1.1.8
1369 silly packumentCache full:https://registry.npmjs.org/function.prototype.name cache-miss
1370 http fetch GET 200 https://registry.npmjs.org/es-define-property 155ms (cache miss)
1371 silly packumentCache full:https://registry.npmjs.org/es-define-property set size:undefined disposed:false
1372 silly fetch manifest get-proto@^1.0.1
1373 silly packumentCache full:https://registry.npmjs.org/get-proto cache-miss
1374 http fetch GET 200 https://registry.npmjs.org/call-bind-apply-helpers 235ms (cache miss)
1375 silly packumentCache full:https://registry.npmjs.org/call-bind-apply-helpers set size:undefined disposed:false
1376 silly fetch manifest get-symbol-description@^1.1.0
1377 silly packumentCache full:https://registry.npmjs.org/get-symbol-description cache-miss
1378 http fetch GET 200 https://registry.npmjs.org/call-bind-apply-helpers 236ms (cache miss)
1379 silly packumentCache full:https://registry.npmjs.org/call-bind-apply-helpers set size:undefined disposed:false
1380 silly fetch manifest globalthis@^1.0.4
1381 silly packumentCache full:https://registry.npmjs.org/globalthis cache-miss
1382 http fetch GET 200 https://registry.npmjs.org/es-to-primitive 27ms (cache miss)
1383 silly packumentCache full:https://registry.npmjs.org/es-to-primitive set size:undefined disposed:false
1384 silly fetch manifest gopd@^1.2.0
1385 silly packumentCache full:https://registry.npmjs.org/gopd cache-miss
1386 http fetch GET 200 https://registry.npmjs.org/function.prototype.name 26ms (cache miss)
1387 silly packumentCache full:https://registry.npmjs.org/function.prototype.name set size:undefined disposed:false
1388 silly fetch manifest has-property-descriptors@^1.0.2
1389 silly packumentCache full:https://registry.npmjs.org/has-property-descriptors cache-miss
1390 http cache https://registry.npmjs.org/has-property-descriptors 1ms (cache hit)
1391 silly packumentCache full:https://registry.npmjs.org/has-property-descriptors set size:12452 disposed:false
1392 silly fetch manifest has-proto@^1.2.0
1393 silly packumentCache full:https://registry.npmjs.org/has-proto cache-miss
1394 http fetch GET 200 https://registry.npmjs.org/get-symbol-description 26ms (cache miss)
1395 silly packumentCache full:https://registry.npmjs.org/get-symbol-description set size:undefined disposed:false
1396 silly fetch manifest has-symbols@^1.1.0
1397 silly packumentCache full:https://registry.npmjs.org/has-symbols cache-miss
1398 http fetch GET 200 https://registry.npmjs.org/es-set-tostringtag 208ms (cache miss)
1399 silly packumentCache full:https://registry.npmjs.org/es-set-tostringtag set size:undefined disposed:false
1400 silly fetch manifest internal-slot@^1.1.0
1401 silly packumentCache full:https://registry.npmjs.org/internal-slot cache-miss
1402 http fetch GET 200 https://registry.npmjs.org/globalthis 213ms (cache miss)
1403 silly packumentCache full:https://registry.npmjs.org/globalthis set size:undefined disposed:false
1404 silly fetch manifest is-array-buffer@^3.0.5
1405 silly packumentCache full:https://registry.npmjs.org/is-array-buffer cache-miss
1406 http fetch GET 200 https://registry.npmjs.org/gopd 215ms (cache miss)
1407 silly packumentCache full:https://registry.npmjs.org/gopd set size:undefined disposed:false
1408 silly fetch manifest is-callable@^1.2.7
1409 silly packumentCache full:https://registry.npmjs.org/is-callable cache-miss
1410 http fetch GET 200 https://registry.npmjs.org/has-proto 209ms (cache miss)
1411 silly packumentCache full:https://registry.npmjs.org/has-proto set size:undefined disposed:false
1412 silly fetch manifest is-data-view@^1.0.2
1413 silly packumentCache full:https://registry.npmjs.org/is-data-view cache-miss
1414 http fetch GET 200 https://registry.npmjs.org/is-array-buffer 28ms (cache miss)
1415 silly packumentCache full:https://registry.npmjs.org/is-array-buffer set size:undefined disposed:false
1416 silly fetch manifest is-negative-zero@^2.0.3
1417 silly packumentCache full:https://registry.npmjs.org/is-negative-zero cache-miss
1418 http fetch GET 200 https://registry.npmjs.org/is-data-view 18ms (cache miss)
1419 silly packumentCache full:https://registry.npmjs.org/is-data-view set size:undefined disposed:false
1420 silly fetch manifest is-regex@^1.2.1
1421 silly packumentCache full:https://registry.npmjs.org/is-regex cache-miss
1422 http fetch GET 200 https://registry.npmjs.org/has-symbols 225ms (cache miss)
1423 silly packumentCache full:https://registry.npmjs.org/has-symbols set size:undefined disposed:false
1424 silly fetch manifest is-set@^2.0.3
1425 silly packumentCache full:https://registry.npmjs.org/is-set cache-miss
1426 http fetch GET 200 https://registry.npmjs.org/is-callable 36ms (cache miss)
1427 silly packumentCache full:https://registry.npmjs.org/is-callable set size:undefined disposed:false
1428 silly fetch manifest is-shared-array-buffer@^1.0.4
1429 silly packumentCache full:https://registry.npmjs.org/is-shared-array-buffer cache-miss
1430 http fetch GET 200 https://registry.npmjs.org/is-negative-zero 26ms (cache miss)
1431 silly packumentCache full:https://registry.npmjs.org/is-negative-zero set size:undefined disposed:false
1432 silly fetch manifest is-typed-array@^1.1.15
1433 silly packumentCache full:https://registry.npmjs.org/is-typed-array cache-miss
1434 http fetch GET 200 https://registry.npmjs.org/is-regex 29ms (cache miss)
1435 silly packumentCache full:https://registry.npmjs.org/is-regex set size:undefined disposed:false
1436 silly fetch manifest is-weakref@^1.1.1
1437 silly packumentCache full:https://registry.npmjs.org/is-weakref cache-miss
1438 http fetch GET 200 https://registry.npmjs.org/internal-slot 221ms (cache miss)
1439 silly packumentCache full:https://registry.npmjs.org/internal-slot set size:undefined disposed:false
1440 silly fetch manifest object-inspect@^1.13.4
1441 silly packumentCache full:https://registry.npmjs.org/object-inspect cache-miss
1442 http fetch GET 200 https://registry.npmjs.org/is-shared-array-buffer 31ms (cache miss)
1443 silly packumentCache full:https://registry.npmjs.org/is-shared-array-buffer set size:undefined disposed:false
1444 silly fetch manifest object.assign@^4.1.7
1445 silly packumentCache full:https://registry.npmjs.org/object.assign cache-miss
1446 http fetch GET 200 https://registry.npmjs.org/is-weakref 18ms (cache miss)
1447 silly packumentCache full:https://registry.npmjs.org/is-weakref set size:undefined disposed:false
1448 silly fetch manifest own-keys@^1.0.1
1449 silly packumentCache full:https://registry.npmjs.org/own-keys cache-miss
1450 http fetch GET 200 https://registry.npmjs.org/own-keys 21ms (cache miss)
1451 silly packumentCache full:https://registry.npmjs.org/own-keys set size:undefined disposed:false
1452 silly fetch manifest regexp.prototype.flags@^1.5.4
1453 silly packumentCache full:https://registry.npmjs.org/regexp.prototype.flags cache-miss
1454 http fetch GET 200 https://registry.npmjs.org/define-data-property 593ms (cache miss)
1455 silly packumentCache full:https://registry.npmjs.org/define-data-property set size:undefined disposed:false
1456 silly fetch manifest safe-array-concat@^1.1.3
1457 silly packumentCache full:https://registry.npmjs.org/safe-array-concat cache-miss
1458 http fetch GET 200 https://registry.npmjs.org/is-set 230ms (cache miss)
1459 silly packumentCache full:https://registry.npmjs.org/is-set set size:undefined disposed:false
1460 silly fetch manifest safe-push-apply@^1.0.0
1461 silly packumentCache full:https://registry.npmjs.org/safe-push-apply cache-miss
1462 http fetch GET 200 https://registry.npmjs.org/is-typed-array 237ms (cache miss)
1463 silly packumentCache full:https://registry.npmjs.org/is-typed-array set size:undefined disposed:false
1464 silly fetch manifest safe-regex-test@^1.1.0
1465 silly packumentCache full:https://registry.npmjs.org/safe-regex-test cache-miss
1466 http fetch GET 200 https://registry.npmjs.org/object-inspect 229ms (cache miss)
1467 silly packumentCache full:https://registry.npmjs.org/object-inspect set size:undefined disposed:false
1468 silly fetch manifest set-proto@^1.0.0
1469 silly packumentCache full:https://registry.npmjs.org/set-proto cache-miss
1470 http cache https://registry.npmjs.org/safe-regex-test 6ms (cache hit)
1471 silly packumentCache full:https://registry.npmjs.org/safe-regex-test set size:17412 disposed:false
1472 silly fetch manifest stop-iteration-iterator@^1.1.0
1473 silly packumentCache full:https://registry.npmjs.org/stop-iteration-iterator cache-miss
1474 http fetch GET 200 https://registry.npmjs.org/object.assign 224ms (cache miss)
1475 silly packumentCache full:https://registry.npmjs.org/object.assign set size:undefined disposed:false
1476 silly fetch manifest string.prototype.trim@^1.2.10
1477 silly packumentCache full:https://registry.npmjs.org/string.prototype.trim cache-miss
1478 http fetch GET 200 https://registry.npmjs.org/regexp.prototype.flags 212ms (cache miss)
1479 silly packumentCache full:https://registry.npmjs.org/regexp.prototype.flags set size:undefined disposed:false
1480 silly fetch manifest string.prototype.trimstart@^1.0.8
1481 silly packumentCache full:https://registry.npmjs.org/string.prototype.trimstart cache-miss
1482 http fetch GET 200 https://registry.npmjs.org/string.prototype.trim 19ms (cache miss)
1483 silly packumentCache full:https://registry.npmjs.org/string.prototype.trim set size:undefined disposed:false
1484 silly fetch manifest typed-array-buffer@^1.0.3
1485 silly packumentCache full:https://registry.npmjs.org/typed-array-buffer cache-miss
1486 http fetch GET 200 https://registry.npmjs.org/typed-array-buffer 18ms (cache miss)
1487 silly packumentCache full:https://registry.npmjs.org/typed-array-buffer set size:undefined disposed:false
1488 silly fetch manifest typed-array-byte-length@^1.0.3
1489 silly packumentCache full:https://registry.npmjs.org/typed-array-byte-length cache-miss
1490 http fetch GET 200 https://registry.npmjs.org/string.prototype.trimstart 27ms (cache miss)
1491 silly packumentCache full:https://registry.npmjs.org/string.prototype.trimstart set size:undefined disposed:false
1492 silly fetch manifest typed-array-byte-offset@^1.0.4
1493 silly packumentCache full:https://registry.npmjs.org/typed-array-byte-offset cache-miss
1494 http fetch GET 200 https://registry.npmjs.org/safe-array-concat 213ms (cache miss)
1495 silly packumentCache full:https://registry.npmjs.org/safe-array-concat set size:undefined disposed:false
1496 silly fetch manifest typed-array-length@^1.0.7
1497 silly packumentCache full:https://registry.npmjs.org/typed-array-length cache-miss
1498 http fetch GET 200 https://registry.npmjs.org/get-proto 581ms (cache miss)
1499 silly packumentCache full:https://registry.npmjs.org/get-proto set size:undefined disposed:false
1500 silly fetch manifest unbox-primitive@^1.1.0
1501 silly packumentCache full:https://registry.npmjs.org/unbox-primitive cache-miss
1502 http fetch GET 200 https://registry.npmjs.org/safe-push-apply 227ms (cache miss)
1503 silly packumentCache full:https://registry.npmjs.org/safe-push-apply set size:undefined disposed:false
1504 silly fetch manifest which-typed-array@^1.1.19
1505 silly packumentCache full:https://registry.npmjs.org/which-typed-array cache-miss
1506 http fetch GET 200 https://registry.npmjs.org/set-proto 213ms (cache miss)
1507 silly packumentCache full:https://registry.npmjs.org/set-proto set size:undefined disposed:false
1508 silly fetch manifest has-tostringtag@^1.0.2
1509 silly packumentCache full:https://registry.npmjs.org/has-tostringtag cache-miss
1510 http fetch GET 200 https://registry.npmjs.org/stop-iteration-iterator 217ms (cache miss)
1511 silly packumentCache full:https://registry.npmjs.org/stop-iteration-iterator set size:undefined disposed:false
1512 http fetch GET 200 https://registry.npmjs.org/which-typed-array 28ms (cache miss)
1513 silly packumentCache full:https://registry.npmjs.org/which-typed-array set size:undefined disposed:false
1514 http fetch GET 200 https://registry.npmjs.org/has-tostringtag 18ms (cache miss)
1515 silly packumentCache full:https://registry.npmjs.org/has-tostringtag set size:undefined disposed:false
1516 http fetch GET 200 https://registry.npmjs.org/typed-array-byte-length 211ms (cache miss)
1517 silly packumentCache full:https://registry.npmjs.org/typed-array-byte-length set size:undefined disposed:false
1518 http fetch GET 200 https://registry.npmjs.org/typed-array-byte-offset 221ms (cache miss)
1519 silly packumentCache full:https://registry.npmjs.org/typed-array-byte-offset set size:undefined disposed:false
1520 http fetch GET 200 https://registry.npmjs.org/typed-array-length 212ms (cache miss)
1521 silly packumentCache full:https://registry.npmjs.org/typed-array-length set size:undefined disposed:false
1522 http fetch GET 200 https://registry.npmjs.org/unbox-primitive 218ms (cache miss)
1523 silly packumentCache full:https://registry.npmjs.org/unbox-primitive set size:undefined disposed:false
1524 silly placeDep ROOT es-errors@1.3.0 OK for: array.prototype.findlastindex@1.2.6 want: ^1.3.0
1525 silly placeDep ROOT es-shim-unscopables@1.1.0 OK for: array.prototype.findlastindex@1.2.6 want: ^1.1.0
1526 silly placeDep ROOT call-bind-apply-helpers@1.0.2 OK for: call-bind@1.0.9 want: ^1.0.2
1527 silly placeDep ROOT es-define-property@1.0.1 OK for: call-bind@1.0.9 want: ^1.0.1
1528 silly placeDep ROOT set-function-length@1.2.2 OK for: call-bind@1.0.9 want: ^1.2.2
1529 silly fetch manifest define-data-property@^1.1.4
1530 silly packumentCache full:https://registry.npmjs.org/define-data-property cache-miss
1531 silly fetch manifest gopd@^1.0.1
1532 silly packumentCache full:https://registry.npmjs.org/gopd cache-miss
1533 http cache https://registry.npmjs.org/define-data-property 2ms (cache hit)
1534 silly packumentCache full:https://registry.npmjs.org/define-data-property set size:28048 disposed:false
1535 http cache https://registry.npmjs.org/gopd 1ms (cache hit)
1536 silly packumentCache full:https://registry.npmjs.org/gopd set size:11458 disposed:false
1537 silly placeDep ROOT function-bind@1.1.2 OK for: call-bind-apply-helpers@1.0.2 want: ^1.1.2
1538 silly placeDep ROOT define-data-property@1.1.4 OK for: define-properties@1.2.1 want: ^1.0.1
1539 silly placeDep ROOT has-property-descriptors@1.0.2 OK for: define-properties@1.2.1 want: ^1.0.0
1540 silly placeDep ROOT object-keys@1.1.1 OK for: define-properties@1.2.1 want: ^1.1.1
1541 silly placeDep ROOT gopd@1.2.0 OK for: define-data-property@1.1.4 want: ^1.0.1
1542 silly placeDep ROOT array-buffer-byte-length@1.0.2 OK for: es-abstract@1.24.2 want: ^1.0.2
1543 silly placeDep ROOT arraybuffer.prototype.slice@1.0.4 OK for: es-abstract@1.24.2 want: ^1.0.4
1544 silly placeDep ROOT available-typed-arrays@1.0.7 OK for: es-abstract@1.24.2 want: ^1.0.7
1545 silly placeDep ROOT data-view-buffer@1.0.2 OK for: es-abstract@1.24.2 want: ^1.0.2
1546 silly placeDep ROOT data-view-byte-length@1.0.2 OK for: es-abstract@1.24.2 want: ^1.0.2
1547 silly placeDep ROOT data-view-byte-offset@1.0.1 OK for: es-abstract@1.24.2 want: ^1.0.1
1548 silly placeDep ROOT es-set-tostringtag@2.1.0 OK for: es-abstract@1.24.2 want: ^2.1.0
1549 silly placeDep ROOT es-to-primitive@1.3.0 OK for: es-abstract@1.24.2 want: ^1.3.0
1550 silly placeDep ROOT function.prototype.name@1.1.8 OK for: es-abstract@1.24.2 want: ^1.1.8
1551 silly placeDep ROOT get-proto@1.0.1 OK for: es-abstract@1.24.2 want: ^1.0.1
1552 silly placeDep ROOT get-symbol-description@1.1.0 OK for: es-abstract@1.24.2 want: ^1.1.0
1553 silly placeDep ROOT globalthis@1.0.4 OK for: es-abstract@1.24.2 want: ^1.0.4
1554 silly placeDep ROOT has-proto@1.2.0 OK for: es-abstract@1.24.2 want: ^1.2.0
1555 silly placeDep ROOT has-symbols@1.1.0 OK for: es-abstract@1.24.2 want: ^1.1.0
1556 silly placeDep ROOT internal-slot@1.1.0 OK for: es-abstract@1.24.2 want: ^1.1.0
1557 silly placeDep ROOT is-array-buffer@3.0.5 OK for: es-abstract@1.24.2 want: ^3.0.5
1558 silly placeDep ROOT is-callable@1.2.7 OK for: es-abstract@1.24.2 want: ^1.2.7
1559 silly placeDep ROOT is-data-view@1.0.2 OK for: es-abstract@1.24.2 want: ^1.0.2
1560 silly placeDep ROOT is-negative-zero@2.0.3 OK for: es-abstract@1.24.2 want: ^2.0.3
1561 silly placeDep ROOT is-regex@1.2.1 OK for: es-abstract@1.24.2 want: ^1.2.1
1562 silly placeDep ROOT is-set@2.0.3 OK for: es-abstract@1.24.2 want: ^2.0.3
1563 silly placeDep ROOT is-shared-array-buffer@1.0.4 OK for: es-abstract@1.24.2 want: ^1.0.4
1564 silly placeDep ROOT is-typed-array@1.1.15 OK for: es-abstract@1.24.2 want: ^1.1.15
1565 silly placeDep ROOT is-weakref@1.1.1 OK for: es-abstract@1.24.2 want: ^1.1.1
1566 silly placeDep ROOT object-inspect@1.13.4 OK for: es-abstract@1.24.2 want: ^1.13.4
1567 silly placeDep ROOT object.assign@4.1.7 OK for: es-abstract@1.24.2 want: ^4.1.7
1568 silly placeDep ROOT own-keys@1.0.1 OK for: es-abstract@1.24.2 want: ^1.0.1
1569 silly placeDep ROOT regexp.prototype.flags@1.5.4 OK for: es-abstract@1.24.2 want: ^1.5.4
1570 silly placeDep ROOT safe-array-concat@1.1.4 OK for: es-abstract@1.24.2 want: ^1.1.3
1571 silly placeDep ROOT safe-push-apply@1.0.0 OK for: es-abstract@1.24.2 want: ^1.0.0
1572 silly placeDep ROOT safe-regex-test@1.1.0 OK for: es-abstract@1.24.2 want: ^1.1.0
1573 silly placeDep ROOT set-proto@1.0.0 OK for: es-abstract@1.24.2 want: ^1.0.0
1574 silly placeDep ROOT stop-iteration-iterator@1.1.0 OK for: es-abstract@1.24.2 want: ^1.1.0
1575 silly placeDep ROOT string.prototype.trim@1.2.10 OK for: es-abstract@1.24.2 want: ^1.2.10
1576 silly placeDep ROOT string.prototype.trimstart@1.0.8 OK for: es-abstract@1.24.2 want: ^1.0.8
1577 silly placeDep ROOT typed-array-buffer@1.0.3 OK for: es-abstract@1.24.2 want: ^1.0.3
1578 silly placeDep ROOT typed-array-byte-length@1.0.3 OK for: es-abstract@1.24.2 want: ^1.0.3
1579 silly placeDep ROOT typed-array-byte-offset@1.0.4 OK for: es-abstract@1.24.2 want: ^1.0.4
1580 silly placeDep ROOT typed-array-length@1.0.7 OK for: es-abstract@1.24.2 want: ^1.0.7
1581 silly placeDep ROOT unbox-primitive@1.1.0 OK for: es-abstract@1.24.2 want: ^1.1.0
1582 silly placeDep ROOT which-typed-array@1.1.20 OK for: es-abstract@1.24.2 want: ^1.1.19
1583 silly fetch manifest is-array-buffer@^3.0.4
1584 silly packumentCache full:https://registry.npmjs.org/is-array-buffer cache-miss
1585 silly fetch manifest possible-typed-array-names@^1.0.0
1586 silly packumentCache full:https://registry.npmjs.org/possible-typed-array-names cache-miss
1587 silly fetch manifest is-data-view@^1.0.1
1588 silly packumentCache full:https://registry.npmjs.org/is-data-view cache-miss
1589 silly fetch manifest is-date-object@^1.0.5
1590 silly packumentCache full:https://registry.npmjs.org/is-date-object cache-miss
1591 silly fetch manifest is-symbol@^1.0.4
1592 silly packumentCache full:https://registry.npmjs.org/is-symbol cache-miss
1593 silly fetch manifest functions-have-names@^1.2.3
1594 silly packumentCache full:https://registry.npmjs.org/functions-have-names cache-miss
1595 silly fetch manifest dunder-proto@^1.0.1
1596 silly packumentCache full:https://registry.npmjs.org/dunder-proto cache-miss
1597 http cache https://registry.npmjs.org/is-data-view 3ms (cache hit)
1598 silly packumentCache full:https://registry.npmjs.org/is-data-view set size:13756 disposed:false
1599 silly fetch manifest dunder-proto@^1.0.0
1600 silly packumentCache full:https://registry.npmjs.org/dunder-proto cache-miss
1601 http cache https://registry.npmjs.org/is-array-buffer 3ms (cache hit)
1602 silly packumentCache full:https://registry.npmjs.org/is-array-buffer set size:33562 disposed:false
1603 silly fetch manifest side-channel@^1.1.0
1604 silly packumentCache full:https://registry.npmjs.org/side-channel cache-miss
1605 http fetch GET 200 https://registry.npmjs.org/functions-have-names 21ms (cache miss)
1606 silly packumentCache full:https://registry.npmjs.org/functions-have-names set size:undefined disposed:false
1607 silly fetch manifest is-typed-array@^1.1.13
1608 silly packumentCache full:https://registry.npmjs.org/is-typed-array cache-miss
1609 http cache https://registry.npmjs.org/is-typed-array 1ms (cache hit)
1610 silly packumentCache full:https://registry.npmjs.org/is-typed-array set size:79965 disposed:false
1611 silly fetch manifest which-typed-array@^1.1.16
1612 silly packumentCache full:https://registry.npmjs.org/which-typed-array cache-miss
1613 http cache https://registry.npmjs.org/which-typed-array 0ms (cache hit)
1614 silly packumentCache full:https://registry.npmjs.org/which-typed-array set size:93605 disposed:false
1615 silly fetch manifest set-function-name@^2.0.2
1616 silly packumentCache full:https://registry.npmjs.org/set-function-name cache-miss
1617 http fetch GET 200 https://registry.npmjs.org/possible-typed-array-names 29ms (cache miss)
1618 silly packumentCache full:https://registry.npmjs.org/possible-typed-array-names set size:undefined disposed:false
1619 silly fetch manifest isarray@^2.0.5
1620 silly packumentCache full:https://registry.npmjs.org/isarray cache-miss
1621 http fetch GET 200 https://registry.npmjs.org/set-function-name 19ms (cache miss)
1622 silly packumentCache full:https://registry.npmjs.org/set-function-name set size:undefined disposed:false
1623 silly fetch manifest isarray@^2.0.5
1624 silly packumentCache full:https://registry.npmjs.org/isarray cache-miss
1625 http fetch GET 200 https://registry.npmjs.org/side-channel 215ms (cache miss)
1626 silly packumentCache full:https://registry.npmjs.org/side-channel set size:undefined disposed:false
1627 silly fetch manifest dunder-proto@^1.0.1
1628 silly packumentCache full:https://registry.npmjs.org/dunder-proto cache-miss
1629 http fetch GET 200 https://registry.npmjs.org/is-symbol 219ms (cache miss)
1630 silly packumentCache full:https://registry.npmjs.org/is-symbol set size:undefined disposed:false
1631 silly fetch manifest for-each@^0.3.3
1632 silly packumentCache full:https://registry.npmjs.org/for-each cache-miss
1633 http fetch GET 200 https://registry.npmjs.org/dunder-proto 220ms (cache miss)
1634 silly packumentCache full:https://registry.npmjs.org/dunder-proto set size:undefined disposed:false
1635 silly fetch manifest for-each@^0.3.3
1636 silly packumentCache full:https://registry.npmjs.org/for-each cache-miss
1637 http fetch GET 200 https://registry.npmjs.org/dunder-proto 220ms (cache miss)
1638 silly packumentCache full:https://registry.npmjs.org/dunder-proto set size:undefined disposed:false
1639 silly fetch manifest reflect.getprototypeof@^1.0.9
1640 silly packumentCache full:https://registry.npmjs.org/reflect.getprototypeof cache-miss
1641 http fetch GET 200 https://registry.npmjs.org/is-date-object 223ms (cache miss)
1642 silly packumentCache full:https://registry.npmjs.org/is-date-object set size:undefined disposed:false
1643 silly fetch manifest for-each@^0.3.3
1644 silly packumentCache full:https://registry.npmjs.org/for-each cache-miss
1645 http fetch GET 200 https://registry.npmjs.org/dunder-proto 23ms (cache miss)
1646 silly packumentCache full:https://registry.npmjs.org/dunder-proto set size:undefined disposed:false
1647 silly fetch manifest reflect.getprototypeof@^1.0.6
1648 silly packumentCache full:https://registry.npmjs.org/reflect.getprototypeof cache-miss
1649 http fetch GET 200 https://registry.npmjs.org/isarray 209ms (cache miss)
1650 silly packumentCache full:https://registry.npmjs.org/isarray set size:undefined disposed:false
1651 silly fetch manifest has-bigints@^1.0.2
1652 silly packumentCache full:https://registry.npmjs.org/has-bigints cache-miss
1653 http fetch GET 200 https://registry.npmjs.org/isarray 227ms (cache miss)
1654 silly packumentCache full:https://registry.npmjs.org/isarray set size:undefined disposed:false
1655 silly fetch manifest which-boxed-primitive@^1.1.1
1656 silly packumentCache full:https://registry.npmjs.org/which-boxed-primitive cache-miss
1657 http fetch GET 200 https://registry.npmjs.org/reflect.getprototypeof 33ms (cache miss)
1658 silly packumentCache full:https://registry.npmjs.org/reflect.getprototypeof set size:undefined disposed:false
1659 silly fetch manifest for-each@^0.3.5
1660 silly packumentCache full:https://registry.npmjs.org/for-each cache-miss
1661 http fetch GET 200 https://registry.npmjs.org/reflect.getprototypeof 24ms (cache miss)
1662 silly packumentCache full:https://registry.npmjs.org/reflect.getprototypeof set size:undefined disposed:false
1663 http fetch GET 200 https://registry.npmjs.org/has-bigints 16ms (cache miss)
1664 silly packumentCache full:https://registry.npmjs.org/has-bigints set size:undefined disposed:false
1665 http fetch GET 200 https://registry.npmjs.org/which-boxed-primitive 25ms (cache miss)
1666 silly packumentCache full:https://registry.npmjs.org/which-boxed-primitive set size:undefined disposed:false
1667 http fetch GET 200 https://registry.npmjs.org/for-each 212ms (cache miss)
1668 silly packumentCache full:https://registry.npmjs.org/for-each set size:undefined disposed:false
1669 http fetch GET 200 https://registry.npmjs.org/for-each 212ms (cache miss)
1670 silly packumentCache full:https://registry.npmjs.org/for-each set size:undefined disposed:false
1671 http fetch GET 200 https://registry.npmjs.org/for-each 210ms (cache miss)
1672 silly packumentCache full:https://registry.npmjs.org/for-each set size:undefined disposed:false
1673 http fetch GET 200 https://registry.npmjs.org/for-each 177ms (cache miss)
1674 silly packumentCache full:https://registry.npmjs.org/for-each set size:undefined disposed:false
1675 silly placeDep ROOT possible-typed-array-names@1.1.0 OK for: available-typed-arrays@1.0.7 want: ^1.0.0
1676 silly placeDep ROOT has-tostringtag@1.0.2 OK for: es-set-tostringtag@2.1.0 want: ^1.0.2
1677 silly placeDep ROOT is-date-object@1.1.0 OK for: es-to-primitive@1.3.0 want: ^1.0.5
1678 silly placeDep ROOT is-symbol@1.1.1 OK for: es-to-primitive@1.3.0 want: ^1.0.4
1679 silly placeDep node_modules/eslint-module-utils debug@3.2.7 OK for: eslint-module-utils@2.12.1 want: ^3.2.7
1680 silly placeDep ROOT aria-query@5.3.2 OK for: eslint-plugin-jsx-a11y@6.10.2 want: ^5.3.2
1681 silly placeDep ROOT ast-types-flow@0.0.8 OK for: eslint-plugin-jsx-a11y@6.10.2 want: ^0.0.8
1682 silly placeDep ROOT axe-core@4.11.3 OK for: eslint-plugin-jsx-a11y@6.10.2 want: ^4.10.0
1683 silly placeDep ROOT axobject-query@4.1.0 OK for: eslint-plugin-jsx-a11y@6.10.2 want: ^4.1.0
1684 silly placeDep ROOT damerau-levenshtein@1.0.8 OK for: eslint-plugin-jsx-a11y@6.10.2 want: ^1.0.8
1685 silly placeDep ROOT emoji-regex@9.2.2 OK for: eslint-plugin-jsx-a11y@6.10.2 want: ^9.2.2
1686 silly placeDep ROOT jsx-ast-utils@3.3.5 OK for: eslint-plugin-jsx-a11y@6.10.2 want: ^3.3.5
1687 silly placeDep ROOT language-tags@1.0.9 OK for: eslint-plugin-jsx-a11y@6.10.2 want: ^1.0.9
1688 silly placeDep ROOT string.prototype.includes@2.0.1 OK for: eslint-plugin-jsx-a11y@6.10.2 want: ^2.0.1
1689 silly fetch manifest language-subtag-registry@^0.3.20
1690 silly packumentCache full:https://registry.npmjs.org/language-subtag-registry cache-miss
1691 http fetch GET 200 https://registry.npmjs.org/language-subtag-registry 115ms (cache miss)
1692 silly packumentCache full:https://registry.npmjs.org/language-subtag-registry set size:undefined disposed:false
1693 silly placeDep ROOT array.prototype.findlast@1.2.5 OK for: eslint-plugin-react@7.37.5 want: ^1.2.5
1694 silly placeDep ROOT array.prototype.tosorted@1.1.4 OK for: eslint-plugin-react@7.37.5 want: ^1.1.4
1695 silly placeDep node_modules/eslint-plugin-react doctrine@2.1.0 OK for: eslint-plugin-react@7.37.5 want: ^2.1.0
1696 silly placeDep ROOT es-iterator-helpers@1.3.2 OK for: eslint-plugin-react@7.37.5 want: ^1.2.1
1697 silly placeDep ROOT estraverse@5.3.0 OK for: eslint-plugin-react@7.37.5 want: ^5.3.0
1698 silly placeDep ROOT object.entries@1.1.9 OK for: eslint-plugin-react@7.37.5 want: ^1.1.9
1699 silly placeDep ROOT prop-types@15.8.1 OK for: eslint-plugin-react@7.37.5 want: ^15.8.1
1700 silly placeDep node_modules/eslint-plugin-react semver@6.3.1 OK for: eslint-plugin-react@7.37.5 want: ^6.3.1
1701 silly placeDep ROOT string.prototype.matchall@4.0.12 OK for: eslint-plugin-react@7.37.5 want: ^4.0.12
1702 silly placeDep ROOT string.prototype.repeat@1.0.0 OK for: eslint-plugin-react@7.37.5 want: ^1.0.0
1703 silly fetch manifest iterator.prototype@^1.1.5
1704 silly packumentCache full:https://registry.npmjs.org/iterator.prototype cache-miss
1705 silly fetch manifest loose-envify@^1.4.0
1706 silly packumentCache full:https://registry.npmjs.org/loose-envify cache-miss
1707 silly fetch manifest object-assign@^4.1.1
1708 silly packumentCache full:https://registry.npmjs.org/object-assign cache-miss
1709 silly fetch manifest react-is@^16.13.1
1710 silly packumentCache full:https://registry.npmjs.org/react-is cache-miss
1711 http cache https://registry.npmjs.org/loose-envify 4ms (cache hit)
1712 silly packumentCache full:https://registry.npmjs.org/loose-envify set size:12559 disposed:false
1713 http fetch GET 200 https://registry.npmjs.org/iterator.prototype 422ms (cache miss)
1714 silly packumentCache full:https://registry.npmjs.org/iterator.prototype set size:undefined disposed:false
1715 http fetch GET 200 https://registry.npmjs.org/object-assign 434ms (cache miss)
1716 silly packumentCache full:https://registry.npmjs.org/object-assign set size:undefined disposed:false
1717 http fetch GET 200 https://registry.npmjs.org/react-is 762ms (cache miss)
1718 silly packumentCache full:https://registry.npmjs.org/react-is set size:undefined disposed:false
1719 silly placeDep ROOT iterator.prototype@1.1.5 OK for: es-iterator-helpers@1.3.2 want: ^1.1.5
1720 silly placeDep ROOT esrecurse@4.3.0 OK for: eslint-scope@7.2.2 want: ^4.3.0
1721 silly placeDep ROOT acorn@8.16.0 OK for: espree@9.6.1 want: ^8.9.0
1722 silly placeDep ROOT acorn-jsx@5.3.2 OK for: espree@9.6.1 want: ^5.3.2
1723 silly placeDep ROOT reusify@1.1.0 OK for: fastq@1.20.1 want: ^1.0.4
1724 silly placeDep ROOT flat-cache@3.2.0 OK for: file-entry-cache@6.0.1 want: ^3.0.4
1725 silly fetch manifest keyv@^4.5.3
1726 silly packumentCache full:https://registry.npmjs.org/keyv cache-miss
1727 silly fetch manifest rimraf@^3.0.2
1728 silly packumentCache full:https://registry.npmjs.org/rimraf cache-miss
1729 silly fetch manifest flatted@^3.2.9
1730 silly packumentCache full:https://registry.npmjs.org/flatted cache-miss
1731 http fetch GET 200 https://registry.npmjs.org/keyv 33ms (cache miss)
1732 silly packumentCache full:https://registry.npmjs.org/keyv set size:undefined disposed:false
1733 http fetch GET 200 https://registry.npmjs.org/flatted 38ms (cache miss)
1734 silly packumentCache full:https://registry.npmjs.org/flatted set size:undefined disposed:false
1735 http fetch GET 200 https://registry.npmjs.org/rimraf 219ms (cache miss)
1736 silly packumentCache full:https://registry.npmjs.org/rimraf set size:undefined disposed:false
1737 silly placeDep ROOT locate-path@6.0.0 OK for: find-up@5.0.0 want: ^6.0.0
1738 silly placeDep ROOT path-exists@4.0.0 OK for: find-up@5.0.0 want: ^4.0.0
1739 silly fetch manifest p-locate@^5.0.0
1740 silly packumentCache full:https://registry.npmjs.org/p-locate cache-miss
1741 http fetch GET 200 https://registry.npmjs.org/p-locate 221ms (cache miss)
1742 silly packumentCache full:https://registry.npmjs.org/p-locate set size:undefined disposed:false
1743 silly placeDep ROOT flatted@3.4.2 OK for: flat-cache@3.2.0 want: ^3.2.9
1744 silly placeDep ROOT keyv@4.5.4 OK for: flat-cache@3.2.0 want: ^4.5.3
1745 silly placeDep ROOT rimraf@3.0.2 OK for: flat-cache@3.2.0 want: ^3.0.2
1746 silly fetch manifest json-buffer@3.0.1
1747 silly packumentCache full:https://registry.npmjs.org/json-buffer cache-miss
1748 silly fetch manifest glob@^7.1.3
1749 silly packumentCache full:https://registry.npmjs.org/glob cache-miss
1750 http cache https://registry.npmjs.org/glob 33ms (cache hit)
1751 silly packumentCache full:https://registry.npmjs.org/glob set size:469465 disposed:false
1752 http fetch GET 200 https://registry.npmjs.org/json-buffer 39ms (cache miss)
1753 silly packumentCache full:https://registry.npmjs.org/json-buffer set size:undefined disposed:false
1754 silly placeDep ROOT functions-have-names@1.2.3 OK for: function.prototype.name@1.1.8 want: ^1.2.3
1755 silly placeDep ROOT dunder-proto@1.0.1 OK for: get-proto@1.0.1 want: ^1.0.1
1756 silly placeDep ROOT resolve-pkg-maps@1.0.0 OK for: get-tsconfig@4.14.0 want: ^1.0.0
1757 silly placeDep ROOT foreground-child@3.3.1 OK for: glob@10.3.10 want: ^3.1.0
1758 silly placeDep ROOT jackspeak@2.3.6 OK for: glob@10.3.10 want: ^2.3.5
1759 silly placeDep node_modules/glob minimatch@9.0.9 OK for: glob@10.3.10 want: ^9.0.1
1760 silly placeDep ROOT minipass@7.1.3 OK for: glob@10.3.10 want: ^5.0.0 || ^6.0.2 || ^7.0.0
1761 silly placeDep ROOT path-scurry@1.11.1 OK for: glob@10.3.10 want: ^1.10.1
1762 silly fetch manifest signal-exit@^4.0.1
1763 silly packumentCache full:https://registry.npmjs.org/signal-exit cache-miss
1764 silly fetch manifest @isaacs/cliui@^8.0.2
1765 silly packumentCache full:https://registry.npmjs.org/@isaacs%2fcliui cache-miss
1766 silly fetch manifest @pkgjs/parseargs@^0.11.0
1767 silly packumentCache full:https://registry.npmjs.org/@pkgjs%2fparseargs cache-miss
1768 silly fetch manifest brace-expansion@^2.0.2
1769 silly packumentCache full:https://registry.npmjs.org/brace-expansion cache-hit
1770 silly fetch manifest lru-cache@^10.2.0
1771 silly packumentCache full:https://registry.npmjs.org/lru-cache cache-miss
1772 http fetch GET 200 https://registry.npmjs.org/signal-exit 29ms (cache miss)
1773 silly packumentCache full:https://registry.npmjs.org/signal-exit set size:undefined disposed:false
1774 http fetch GET 200 https://registry.npmjs.org/@isaacs%2fcliui 45ms (cache miss)
1775 silly packumentCache full:https://registry.npmjs.org/@isaacs%2fcliui set size:undefined disposed:false
1776 http fetch GET 200 https://registry.npmjs.org/lru-cache 247ms (cache miss)
1777 silly packumentCache full:https://registry.npmjs.org/lru-cache set size:undefined disposed:false
1778 http fetch GET 200 https://registry.npmjs.org/@pkgjs%2fparseargs 392ms (cache miss)
1779 silly packumentCache full:https://registry.npmjs.org/@pkgjs%2fparseargs set size:undefined disposed:false
1780 silly placeDep ROOT signal-exit@4.1.0 OK for: foreground-child@3.3.1 want: ^4.0.1
1781 silly placeDep ROOT type-fest@0.20.2 OK for: globals@13.24.0 want: ^0.20.2
1782 silly placeDep ROOT array-union@2.1.0 OK for: globby@11.1.0 want: ^2.1.0
1783 silly placeDep ROOT dir-glob@3.0.1 OK for: globby@11.1.0 want: ^3.0.1
1784 silly placeDep ROOT fast-glob@3.3.3 OK for: globby@11.1.0 want: ^3.2.9
1785 silly placeDep ROOT merge2@1.4.1 OK for: globby@11.1.0 want: ^1.4.1
1786 silly placeDep ROOT slash@3.0.0 OK for: globby@11.1.0 want: ^3.0.0
1787 silly fetch manifest path-type@^4.0.0
1788 silly packumentCache full:https://registry.npmjs.org/path-type cache-miss
1789 silly fetch manifest glob-parent@^5.1.2
1790 silly packumentCache full:https://registry.npmjs.org/glob-parent cache-miss
1791 silly fetch manifest merge2@^1.3.0
1792 silly packumentCache full:https://registry.npmjs.org/merge2 cache-miss
1793 http cache https://registry.npmjs.org/merge2 2ms (cache hit)
1794 silly packumentCache full:https://registry.npmjs.org/merge2 set size:46159 disposed:false
1795 http cache https://registry.npmjs.org/glob-parent 2ms (cache hit)
1796 silly packumentCache full:https://registry.npmjs.org/glob-parent set size:42445 disposed:false
1797 http fetch GET 200 https://registry.npmjs.org/path-type 212ms (cache miss)
1798 silly packumentCache full:https://registry.npmjs.org/path-type set size:undefined disposed:false
1799 silly placeDep ROOT path-type@4.0.0 OK for: dir-glob@3.0.1 want: ^4.0.0
1800 silly placeDep node_modules/fast-glob glob-parent@5.1.2 OK for: fast-glob@3.3.3 want: ^5.1.2
1801 silly placeDep ROOT micromatch@4.0.8 OK for: fast-glob@3.3.3 want: ^4.0.8
1802 silly fetch manifest braces@^3.0.3
1803 silly packumentCache full:https://registry.npmjs.org/braces cache-miss
1804 silly fetch manifest picomatch@^2.3.1
1805 silly packumentCache full:https://registry.npmjs.org/picomatch cache-miss
1806 http cache https://registry.npmjs.org/picomatch 1ms (cache hit)
1807 silly packumentCache full:https://registry.npmjs.org/picomatch set size:126376 disposed:false
1808 http fetch GET 200 https://registry.npmjs.org/braces 225ms (cache miss)
1809 silly packumentCache full:https://registry.npmjs.org/braces set size:undefined disposed:false
1810 silly placeDep ROOT parent-module@1.0.1 OK for: import-fresh@3.3.1 want: ^1.0.0
1811 silly placeDep ROOT resolve-from@4.0.0 OK for: import-fresh@3.3.1 want: ^4.0.0
1812 silly fetch manifest callsites@^3.0.0
1813 silly packumentCache full:https://registry.npmjs.org/callsites cache-miss
1814 http fetch GET 200 https://registry.npmjs.org/callsites 216ms (cache miss)
1815 silly packumentCache full:https://registry.npmjs.org/callsites set size:undefined disposed:false
1816 silly placeDep ROOT side-channel@1.1.0 OK for: internal-slot@1.1.0 want: ^1.1.0
1817 silly fetch manifest side-channel-list@^1.0.0
1818 silly packumentCache full:https://registry.npmjs.org/side-channel-list cache-miss
1819 silly fetch manifest side-channel-map@^1.0.1
1820 silly packumentCache full:https://registry.npmjs.org/side-channel-map cache-miss
1821 silly fetch manifest side-channel-weakmap@^1.0.2
1822 silly packumentCache full:https://registry.npmjs.org/side-channel-weakmap cache-miss
1823 http fetch GET 200 https://registry.npmjs.org/side-channel-list 216ms (cache miss)
1824 silly packumentCache full:https://registry.npmjs.org/side-channel-list set size:undefined disposed:false
1825 http fetch GET 200 https://registry.npmjs.org/side-channel-map 219ms (cache miss)
1826 silly packumentCache full:https://registry.npmjs.org/side-channel-map set size:undefined disposed:false
1827 http fetch GET 200 https://registry.npmjs.org/side-channel-weakmap 610ms (cache miss)
1828 silly packumentCache full:https://registry.npmjs.org/side-channel-weakmap set size:undefined disposed:false
1829 silly placeDep ROOT is-extglob@2.1.1 OK for: is-glob@4.0.3 want: ^2.1.1
1830 silly placeDep ROOT set-function-name@2.0.2 OK for: iterator.prototype@1.1.5 want: ^2.0.2
1831 silly placeDep ROOT @isaacs/cliui@8.0.2 OK for: jackspeak@2.3.6 want: ^8.0.2
1832 silly placeDep ROOT @pkgjs/parseargs@0.11.0 OK for: jackspeak@2.3.6 want: ^0.11.0
1833 silly fetch manifest wrap-ansi@^8.1.0
1834 silly packumentCache full:https://registry.npmjs.org/wrap-ansi cache-miss
1835 silly fetch manifest strip-ansi@^7.0.1
1836 silly packumentCache full:https://registry.npmjs.org/strip-ansi cache-miss
1837 silly fetch manifest string-width@^5.1.2
1838 silly packumentCache full:https://registry.npmjs.org/string-width cache-miss
1839 silly fetch manifest wrap-ansi-cjs@npm:wrap-ansi@^7.0.0
1840 silly packumentCache full:https://registry.npmjs.org/wrap-ansi cache-miss
1841 silly fetch manifest strip-ansi-cjs@npm:strip-ansi@^6.0.1
1842 silly packumentCache full:https://registry.npmjs.org/strip-ansi cache-miss
1843 silly fetch manifest string-width-cjs@npm:string-width@^4.2.0
1844 silly packumentCache full:https://registry.npmjs.org/string-width cache-miss
1845 http cache https://registry.npmjs.org/strip-ansi 3ms (cache hit)
1846 silly packumentCache full:https://registry.npmjs.org/strip-ansi set size:44998 disposed:false
1847 http cache https://registry.npmjs.org/strip-ansi 3ms (cache hit)
1848 silly packumentCache full:https://registry.npmjs.org/strip-ansi set size:44998 disposed:false
1849 silly packumentCache full:https://registry.npmjs.org/strip-ansi dispose
1850 http fetch GET 200 https://registry.npmjs.org/wrap-ansi 29ms (cache miss)
1851 silly packumentCache full:https://registry.npmjs.org/wrap-ansi set size:undefined disposed:false
1852 http fetch GET 200 https://registry.npmjs.org/wrap-ansi 29ms (cache miss)
1853 silly packumentCache full:https://registry.npmjs.org/wrap-ansi set size:undefined disposed:false
1854 http fetch GET 200 https://registry.npmjs.org/string-width 29ms (cache miss)
1855 silly packumentCache full:https://registry.npmjs.org/string-width set size:undefined disposed:false
1856 http fetch GET 200 https://registry.npmjs.org/string-width 30ms (cache miss)
1857 silly packumentCache full:https://registry.npmjs.org/string-width set size:undefined disposed:false
1858 silly placeDep ROOT string-width@5.1.2 OK for: @isaacs/cliui@8.0.2 want: ^5.1.2
1859 silly placeDep ROOT string-width-cjs@4.2.3 OK for: @isaacs/cliui@8.0.2 want: npm:string-width@^4.2.0
1860 silly placeDep node_modules/@isaacs/cliui strip-ansi@7.2.0 OK for: @isaacs/cliui@8.0.2 want: ^7.0.1
1861 silly placeDep ROOT strip-ansi-cjs@6.0.1 OK for: @isaacs/cliui@8.0.2 want: npm:strip-ansi@^6.0.1
1862 silly placeDep ROOT wrap-ansi@8.1.0 OK for: @isaacs/cliui@8.0.2 want: ^8.1.0
1863 silly placeDep ROOT wrap-ansi-cjs@7.0.0 OK for: @isaacs/cliui@8.0.2 want: npm:wrap-ansi@^7.0.0
1864 silly fetch manifest eastasianwidth@^0.2.0
1865 silly packumentCache full:https://registry.npmjs.org/eastasianwidth cache-miss
1866 silly fetch manifest emoji-regex@^8.0.0
1867 silly packumentCache full:https://registry.npmjs.org/emoji-regex cache-miss
1868 silly fetch manifest is-fullwidth-code-point@^3.0.0
1869 silly packumentCache full:https://registry.npmjs.org/is-fullwidth-code-point cache-miss
1870 silly fetch manifest ansi-regex@^6.2.2
1871 silly packumentCache full:https://registry.npmjs.org/ansi-regex cache-miss
1872 silly fetch manifest ansi-styles@^6.1.0
1873 silly packumentCache full:https://registry.npmjs.org/ansi-styles cache-miss
1874 silly fetch manifest string-width@^4.1.0
1875 silly packumentCache full:https://registry.npmjs.org/string-width cache-miss
1876 http cache https://registry.npmjs.org/string-width 2ms (cache hit)
1877 silly packumentCache full:https://registry.npmjs.org/string-width set size:70381 disposed:false
1878 http cache https://registry.npmjs.org/emoji-regex 3ms (cache hit)
1879 silly packumentCache full:https://registry.npmjs.org/emoji-regex set size:89064 disposed:false
1880 http cache https://registry.npmjs.org/ansi-regex 3ms (cache hit)
1881 silly packumentCache full:https://registry.npmjs.org/ansi-regex set size:43572 disposed:false
1882 http cache https://registry.npmjs.org/ansi-styles 3ms (cache hit)
1883 silly packumentCache full:https://registry.npmjs.org/ansi-styles set size:63233 disposed:false
1884 http fetch GET 200 https://registry.npmjs.org/is-fullwidth-code-point 30ms (cache miss)
1885 silly packumentCache full:https://registry.npmjs.org/is-fullwidth-code-point set size:undefined disposed:false
1886 http fetch GET 200 https://registry.npmjs.org/eastasianwidth 213ms (cache miss)
1887 silly packumentCache full:https://registry.npmjs.org/eastasianwidth set size:undefined disposed:false
1888 silly placeDep ROOT argparse@2.0.1 OK for: js-yaml@4.1.1 want: ^2.0.1
1889 silly placeDep ROOT json-buffer@3.0.1 OK for: keyv@4.5.4 want: 3.0.1
1890 silly placeDep ROOT language-subtag-registry@0.3.23 OK for: language-tags@1.0.9 want: ^0.3.20
1891 silly placeDep ROOT prelude-ls@1.2.1 OK for: levn@0.4.1 want: ^1.2.1
1892 silly placeDep ROOT type-check@0.4.0 OK for: levn@0.4.1 want: ~0.4.0
1893 silly placeDep ROOT p-locate@5.0.0 OK for: locate-path@6.0.0 want: ^5.0.0
1894 silly fetch manifest p-limit@^3.0.2
1895 silly packumentCache full:https://registry.npmjs.org/p-limit cache-miss
1896 http fetch GET 200 https://registry.npmjs.org/p-limit 250ms (cache miss)
1897 silly packumentCache full:https://registry.npmjs.org/p-limit set size:undefined disposed:false
1898 silly placeDep ROOT braces@3.0.3 OK for: micromatch@4.0.8 want: ^3.0.3
1899 silly placeDep ROOT picomatch@2.3.2 OK for: micromatch@4.0.8 want: ^2.3.1
1900 silly fetch manifest fill-range@^7.1.1
1901 silly packumentCache full:https://registry.npmjs.org/fill-range cache-miss
1902 http fetch GET 200 https://registry.npmjs.org/fill-range 219ms (cache miss)
1903 silly packumentCache full:https://registry.npmjs.org/fill-range set size:undefined disposed:false
1904 silly placeDep ROOT fill-range@7.1.1 OK for: braces@3.0.3 want: ^7.1.1
1905 silly fetch manifest to-regex-range@^5.0.1
1906 silly packumentCache full:https://registry.npmjs.org/to-regex-range cache-miss
1907 http fetch GET 200 https://registry.npmjs.org/to-regex-range 602ms (cache miss)
1908 silly packumentCache full:https://registry.npmjs.org/to-regex-range set size:undefined disposed:false
1909 silly placeDep ROOT to-regex-range@5.0.1 OK for: fill-range@7.1.1 want: ^5.0.1
1910 silly fetch manifest is-number@^7.0.0
1911 silly packumentCache full:https://registry.npmjs.org/is-number cache-miss
1912 http fetch GET 200 https://registry.npmjs.org/is-number 224ms (cache miss)
1913 silly packumentCache full:https://registry.npmjs.org/is-number set size:undefined disposed:false
1914 silly placeDep ROOT brace-expansion@1.1.14 OK for: minimatch@3.1.5 want: ^1.1.7
1915 silly fetch manifest concat-map@0.0.1
1916 silly packumentCache full:https://registry.npmjs.org/concat-map cache-miss
1917 silly fetch manifest balanced-match@^1.0.0
1918 silly packumentCache full:https://registry.npmjs.org/balanced-match cache-miss
1919 http fetch GET 200 https://registry.npmjs.org/concat-map 20ms (cache miss)
1920 silly packumentCache full:https://registry.npmjs.org/concat-map set size:undefined disposed:false
1921 http fetch GET 200 https://registry.npmjs.org/balanced-match 22ms (cache miss)
1922 silly packumentCache full:https://registry.npmjs.org/balanced-match set size:undefined disposed:false
1923 silly placeDep ROOT balanced-match@1.0.2 OK for: brace-expansion@1.1.14 want: ^1.0.0
1924 silly placeDep ROOT concat-map@0.0.1 OK for: brace-expansion@1.1.14 want: 0.0.1
1925 silly placeDep ROOT @next/env@14.2.3 OK for: next@14.2.3 want: 14.2.3
1926 silly placeDep ROOT @next/swc-darwin-arm64@14.2.3 OK for: next@14.2.3 want: 14.2.3
1927 silly placeDep ROOT @next/swc-darwin-x64@14.2.3 OK for: next@14.2.3 want: 14.2.3
1928 silly placeDep ROOT @next/swc-linux-arm64-gnu@14.2.3 OK for: next@14.2.3 want: 14.2.3
1929 silly placeDep ROOT @next/swc-linux-arm64-musl@14.2.3 OK for: next@14.2.3 want: 14.2.3
1930 silly placeDep ROOT @next/swc-linux-x64-gnu@14.2.3 OK for: next@14.2.3 want: 14.2.3
1931 silly placeDep ROOT @next/swc-linux-x64-musl@14.2.3 OK for: next@14.2.3 want: 14.2.3
1932 silly placeDep ROOT @next/swc-win32-arm64-msvc@14.2.3 OK for: next@14.2.3 want: 14.2.3
1933 silly placeDep ROOT @next/swc-win32-ia32-msvc@14.2.3 OK for: next@14.2.3 want: 14.2.3
1934 silly placeDep ROOT @next/swc-win32-x64-msvc@14.2.3 OK for: next@14.2.3 want: 14.2.3
1935 silly placeDep ROOT @swc/helpers@0.5.5 OK for: next@14.2.3 want: 0.5.5
1936 silly placeDep ROOT busboy@1.6.0 OK for: next@14.2.3 want: 1.6.0
1937 silly placeDep ROOT caniuse-lite@1.0.30001791 OK for: next@14.2.3 want: ^1.0.30001579
1938 silly placeDep ROOT graceful-fs@4.2.11 OK for: next@14.2.3 want: ^4.2.11
1939 silly placeDep node_modules/next postcss@8.4.31 OK for: next@14.2.3 want: 8.4.31
1940 silly placeDep ROOT styled-jsx@5.1.1 OK for: next@14.2.3 want: 5.1.1
1941 silly fetch manifest @swc/counter@^0.1.3
1942 silly packumentCache full:https://registry.npmjs.org/@swc%2fcounter cache-miss
1943 silly fetch manifest streamsearch@^1.1.0
1944 silly packumentCache full:https://registry.npmjs.org/streamsearch cache-miss
1945 silly fetch manifest nanoid@^3.3.6
1946 silly packumentCache full:https://registry.npmjs.org/nanoid cache-miss
1947 silly fetch manifest picocolors@^1.0.0
1948 silly packumentCache full:https://registry.npmjs.org/picocolors cache-miss
1949 silly fetch manifest source-map-js@^1.0.2
1950 silly packumentCache full:https://registry.npmjs.org/source-map-js cache-miss
1951 silly fetch manifest client-only@0.0.1
1952 silly packumentCache full:https://registry.npmjs.org/client-only cache-miss
1953 http cache https://registry.npmjs.org/picocolors 2ms (cache hit)
1954 silly packumentCache full:https://registry.npmjs.org/picocolors set size:16648 disposed:false
1955 http cache https://registry.npmjs.org/source-map-js 3ms (cache hit)
1956 silly packumentCache full:https://registry.npmjs.org/source-map-js set size:62640 disposed:false
1957 http cache https://registry.npmjs.org/nanoid 4ms (cache hit)
1958 silly packumentCache full:https://registry.npmjs.org/nanoid set size:304025 disposed:false
1959 http fetch GET 200 https://registry.npmjs.org/streamsearch 217ms (cache miss)
1960 silly packumentCache full:https://registry.npmjs.org/streamsearch set size:undefined disposed:false
1961 http fetch GET 200 https://registry.npmjs.org/client-only 218ms (cache miss)
1962 silly packumentCache full:https://registry.npmjs.org/client-only set size:undefined disposed:false
1963 http fetch GET 200 https://registry.npmjs.org/@swc%2fcounter 394ms (cache miss)
1964 silly packumentCache full:https://registry.npmjs.org/@swc%2fcounter set size:undefined disposed:false
1965 silly placeDep ROOT @swc/counter@0.1.3 OK for: @swc/helpers@0.5.5 want: ^0.1.3
1966 silly placeDep ROOT streamsearch@1.1.0 OK for: busboy@1.6.0 want: ^1.1.0
1967 silly placeDep ROOT deep-is@0.1.4 OK for: optionator@0.9.4 want: ^0.1.3
1968 silly placeDep ROOT fast-levenshtein@2.0.6 OK for: optionator@0.9.4 want: ^2.0.6
1969 silly placeDep ROOT word-wrap@1.2.5 OK for: optionator@0.9.4 want: ^1.2.5
1970 silly placeDep ROOT p-limit@3.1.0 OK for: p-locate@5.0.0 want: ^3.0.2
1971 silly fetch manifest yocto-queue@^0.1.0
1972 silly packumentCache full:https://registry.npmjs.org/yocto-queue cache-miss
1973 http fetch GET 200 https://registry.npmjs.org/yocto-queue 220ms (cache miss)
1974 silly packumentCache full:https://registry.npmjs.org/yocto-queue set size:undefined disposed:false
1975 silly placeDep ROOT yocto-queue@0.1.0 OK for: p-limit@3.1.0 want: ^0.1.0
1976 silly placeDep ROOT callsites@3.1.0 OK for: parent-module@1.0.1 want: ^3.0.0
1977 silly placeDep ROOT lru-cache@10.4.3 OK for: path-scurry@1.11.1 want: ^10.2.0
1978 silly placeDep ROOT nanoid@3.3.11 OK for: postcss@8.5.12 want: ^3.3.11
1979 silly placeDep ROOT picocolors@1.1.1 OK for: postcss@8.5.12 want: ^1.1.1
1980 silly placeDep ROOT source-map-js@1.2.1 OK for: postcss@8.5.12 want: ^1.2.1
1981 silly placeDep ROOT loose-envify@1.4.0 OK for: prop-types@15.8.1 want: ^1.4.0
1982 silly placeDep ROOT object-assign@4.1.1 OK for: prop-types@15.8.1 want: ^4.1.1
1983 silly placeDep ROOT react-is@16.13.1 OK for: prop-types@15.8.1 want: ^16.13.1
1984 silly fetch manifest js-tokens@^3.0.0 || ^4.0.0
1985 silly packumentCache full:https://registry.npmjs.org/js-tokens cache-miss
1986 http fetch GET 200 https://registry.npmjs.org/js-tokens 25ms (cache miss)
1987 silly packumentCache full:https://registry.npmjs.org/js-tokens set size:undefined disposed:false
1988 silly placeDep ROOT js-tokens@4.0.0 OK for: loose-envify@1.4.0 want: ^3.0.0 || ^4.0.0
1989 silly placeDep ROOT scheduler@0.23.2 OK for: react-dom@18.3.1 want: ^0.23.2
1990 silly placeDep ROOT node-exports-info@1.6.0 OK for: resolve@2.0.0-next.6 want: ^1.6.0
1991 silly placeDep ROOT path-parse@1.0.7 OK for: resolve@2.0.0-next.6 want: ^1.0.7
1992 silly placeDep ROOT supports-preserve-symlinks-flag@1.0.0 OK for: resolve@2.0.0-next.6 want: ^1.0.0
1993 silly placeDep node_modules/node-exports-info semver@6.3.1 OK for: node-exports-info@1.6.0 want: ^6.3.1
1994 silly placeDep node_modules/rimraf glob@7.2.3 OK for: rimraf@3.0.2 want: ^7.1.3
1995 silly fetch manifest once@^1.3.0
1996 silly packumentCache full:https://registry.npmjs.org/once cache-miss
1997 silly fetch manifest inflight@^1.0.4
1998 silly packumentCache full:https://registry.npmjs.org/inflight cache-miss
1999 silly fetch manifest inherits@2
2000 silly packumentCache full:https://registry.npmjs.org/inherits cache-miss
2001 silly fetch manifest fs.realpath@^1.0.0
2002 silly packumentCache full:https://registry.npmjs.org/fs.realpath cache-miss
2003 silly fetch manifest path-is-absolute@^1.0.0
2004 silly packumentCache full:https://registry.npmjs.org/path-is-absolute cache-miss
2005 http fetch GET 200 https://registry.npmjs.org/once 19ms (cache miss)
2006 silly packumentCache full:https://registry.npmjs.org/once set size:undefined disposed:false
2007 http fetch GET 200 https://registry.npmjs.org/fs.realpath 20ms (cache miss)
2008 silly packumentCache full:https://registry.npmjs.org/fs.realpath set size:undefined disposed:false
2009 http fetch GET 200 https://registry.npmjs.org/inherits 22ms (cache miss)
2010 silly packumentCache full:https://registry.npmjs.org/inherits set size:undefined disposed:false
2011 http fetch GET 200 https://registry.npmjs.org/inflight 221ms (cache miss)
2012 silly packumentCache full:https://registry.npmjs.org/inflight set size:undefined disposed:false
2013 http fetch GET 200 https://registry.npmjs.org/path-is-absolute 222ms (cache miss)
2014 silly packumentCache full:https://registry.npmjs.org/path-is-absolute set size:undefined disposed:false
2015 silly placeDep ROOT queue-microtask@1.2.3 OK for: run-parallel@1.2.0 want: ^1.2.2
2016 silly placeDep ROOT isarray@2.0.5 OK for: safe-array-concat@1.1.4 want: ^2.0.5
2017 silly placeDep ROOT shebang-regex@3.0.0 OK for: shebang-command@2.0.0 want: ^3.0.0
2018 silly placeDep ROOT side-channel-list@1.0.1 OK for: side-channel@1.1.0 want: ^1.0.0
2019 silly placeDep ROOT side-channel-map@1.0.1 OK for: side-channel@1.1.0 want: ^1.0.1
2020 silly placeDep ROOT side-channel-weakmap@1.0.2 OK for: side-channel@1.1.0 want: ^1.0.2
2021 silly placeDep ROOT eastasianwidth@0.2.0 OK for: string-width@5.1.2 want: ^0.2.0
2022 silly placeDep node_modules/string-width strip-ansi@7.2.0 OK for: string-width@5.1.2 want: ^7.0.1
2023 silly placeDep node_modules/string-width-cjs emoji-regex@8.0.0 OK for: string-width@4.2.3 want: ^8.0.0
2024 silly placeDep ROOT is-fullwidth-code-point@3.0.0 OK for: string-width@4.2.3 want: ^3.0.0
2025 silly placeDep ROOT ansi-regex@5.0.1 OK for: strip-ansi@6.0.1 want: ^5.0.1
2026 silly placeDep ROOT client-only@0.0.1 OK for: styled-jsx@5.1.1 want: 0.0.1
2027 silly placeDep ROOT has-flag@4.0.0 OK for: supports-color@7.2.0 want: ^4.0.0
2028 silly fetch manifest postcss@^8.4.47
2029 silly packumentCache full:https://registry.npmjs.org/postcss cache-hit
2030 silly fetch manifest tsx@^4.8.1
2031 silly packumentCache full:https://registry.npmjs.org/tsx cache-miss
2032 http fetch GET 200 https://registry.npmjs.org/tsx 226ms (cache miss)
2033 silly packumentCache full:https://registry.npmjs.org/tsx set size:undefined disposed:false
2034 silly fetch manifest yaml@^2.4.2
2035 silly packumentCache full:https://registry.npmjs.org/yaml cache-miss
2036 http fetch GET 200 https://registry.npmjs.org/yaml 39ms (cache miss)
2037 silly packumentCache full:https://registry.npmjs.org/yaml set size:undefined disposed:false
2038 silly placeDep ROOT @alloc/quick-lru@5.2.0 OK for: tailwindcss@3.4.19 want: ^5.2.0
2039 silly placeDep ROOT arg@5.0.2 OK for: tailwindcss@3.4.19 want: ^5.0.2
2040 silly placeDep ROOT chokidar@3.6.0 OK for: tailwindcss@3.4.19 want: ^3.6.0
2041 silly placeDep ROOT didyoumean@1.2.2 OK for: tailwindcss@3.4.19 want: ^1.2.2
2042 silly placeDep ROOT dlv@1.1.3 OK for: tailwindcss@3.4.19 want: ^1.1.3
2043 silly placeDep ROOT jiti@1.21.7 OK for: tailwindcss@3.4.19 want: ^1.21.7
2044 silly placeDep ROOT lilconfig@3.1.3 OK for: tailwindcss@3.4.19 want: ^3.1.3
2045 silly placeDep ROOT normalize-path@3.0.0 OK for: tailwindcss@3.4.19 want: ^3.0.0
2046 silly placeDep ROOT object-hash@3.0.0 OK for: tailwindcss@3.4.19 want: ^3.0.0
2047 silly placeDep ROOT postcss-import@15.1.0 OK for: tailwindcss@3.4.19 want: ^15.1.0
2048 silly placeDep ROOT postcss-js@4.1.0 OK for: tailwindcss@3.4.19 want: ^4.0.1
2049 silly placeDep ROOT postcss-load-config@6.0.1 OK for: tailwindcss@3.4.19 want: ^4.0.2 || ^5.0 || ^6.0
2050 silly placeDep ROOT postcss-nested@6.2.0 OK for: tailwindcss@3.4.19 want: ^6.2.0
2051 silly placeDep ROOT postcss-selector-parser@6.1.2 OK for: tailwindcss@3.4.19 want: ^6.1.2
2052 silly placeDep node_modules/tailwindcss resolve@1.22.12 OK for: tailwindcss@3.4.19 want: ^1.22.8
2053 silly placeDep ROOT sucrase@3.35.1 OK for: tailwindcss@3.4.19 want: ^3.35.0
2054 silly fetch manifest anymatch@~3.1.2
2055 silly packumentCache full:https://registry.npmjs.org/anymatch cache-miss
2056 silly fetch manifest readdirp@~3.6.0
2057 silly packumentCache full:https://registry.npmjs.org/readdirp cache-miss
2058 silly fetch manifest glob-parent@~5.1.2
2059 silly packumentCache full:https://registry.npmjs.org/glob-parent cache-hit
2060 silly fetch manifest is-binary-path@~2.1.0
2061 silly packumentCache full:https://registry.npmjs.org/is-binary-path cache-miss
2062 silly fetch manifest normalize-path@~3.0.0
2063 silly packumentCache full:https://registry.npmjs.org/normalize-path cache-miss
2064 silly fetch manifest fsevents@~2.3.2
2065 silly packumentCache full:https://registry.npmjs.org/fsevents cache-miss
2066 silly fetch manifest resolve@^1.1.7
2067 silly packumentCache full:https://registry.npmjs.org/resolve cache-hit
2068 silly fetch manifest read-cache@^1.0.0
2069 silly packumentCache full:https://registry.npmjs.org/read-cache cache-miss
2070 silly fetch manifest postcss-value-parser@^4.0.0
2071 silly packumentCache full:https://registry.npmjs.org/postcss-value-parser cache-miss
2072 http cache https://registry.npmjs.org/normalize-path 3ms (cache hit)
2073 silly packumentCache full:https://registry.npmjs.org/normalize-path set size:28713 disposed:false
2074 silly fetch manifest camelcase-css@^2.0.1
2075 silly packumentCache full:https://registry.npmjs.org/camelcase-css cache-miss
2076 http fetch GET 200 https://registry.npmjs.org/postcss-value-parser 23ms (cache miss)
2077 silly packumentCache full:https://registry.npmjs.org/postcss-value-parser set size:undefined disposed:false
2078 silly fetch manifest postcss-selector-parser@^6.1.1
2079 silly packumentCache full:https://registry.npmjs.org/postcss-selector-parser cache-miss
2080 http cache https://registry.npmjs.org/postcss-selector-parser 2ms (cache hit)
2081 silly packumentCache full:https://registry.npmjs.org/postcss-selector-parser set size:177140 disposed:false
2082 silly fetch manifest cssesc@^3.0.0
2083 silly packumentCache full:https://registry.npmjs.org/cssesc cache-miss
2084 http fetch GET 200 https://registry.npmjs.org/fsevents 37ms (cache miss)
2085 silly packumentCache full:https://registry.npmjs.org/fsevents set size:undefined disposed:false
2086 silly fetch manifest util-deprecate@^1.0.2
2087 silly packumentCache full:https://registry.npmjs.org/util-deprecate cache-miss
2088 http fetch GET 200 https://registry.npmjs.org/readdirp 39ms (cache miss)
2089 silly packumentCache full:https://registry.npmjs.org/readdirp set size:undefined disposed:false
2090 silly fetch manifest @jridgewell/gen-mapping@^0.3.2
2091 silly packumentCache full:https://registry.npmjs.org/@jridgewell%2fgen-mapping cache-miss
2092 http fetch GET 200 https://registry.npmjs.org/@jridgewell%2fgen-mapping 37ms (cache miss)
2093 silly packumentCache full:https://registry.npmjs.org/@jridgewell%2fgen-mapping set size:undefined disposed:false
2094 silly fetch manifest commander@^4.0.0
2095 silly packumentCache full:https://registry.npmjs.org/commander cache-miss
2096 http fetch GET 200 https://registry.npmjs.org/anymatch 221ms (cache miss)
2097 silly packumentCache full:https://registry.npmjs.org/anymatch set size:undefined disposed:false
2098 silly fetch manifest lines-and-columns@^1.1.6
2099 silly packumentCache full:https://registry.npmjs.org/lines-and-columns cache-miss
2100 http fetch GET 200 https://registry.npmjs.org/read-cache 222ms (cache miss)
2101 silly packumentCache full:https://registry.npmjs.org/read-cache set size:undefined disposed:false
2102 silly fetch manifest mz@^2.7.0
2103 silly packumentCache full:https://registry.npmjs.org/mz cache-miss
2104 http fetch GET 200 https://registry.npmjs.org/is-binary-path 223ms (cache miss)
2105 silly packumentCache full:https://registry.npmjs.org/is-binary-path set size:undefined disposed:false
2106 silly fetch manifest pirates@^4.0.1
2107 silly packumentCache full:https://registry.npmjs.org/pirates cache-miss
2108 http fetch GET 200 https://registry.npmjs.org/cssesc 214ms (cache miss)
2109 silly packumentCache full:https://registry.npmjs.org/cssesc set size:undefined disposed:false
2110 silly fetch manifest ts-interface-checker@^0.1.9
2111 silly packumentCache full:https://registry.npmjs.org/ts-interface-checker cache-miss
2112 http fetch GET 200 https://registry.npmjs.org/util-deprecate 211ms (cache miss)
2113 silly packumentCache full:https://registry.npmjs.org/util-deprecate set size:undefined disposed:false
2114 http fetch GET 200 https://registry.npmjs.org/commander 235ms (cache miss)
2115 silly packumentCache full:https://registry.npmjs.org/commander set size:undefined disposed:false
2116 http fetch GET 200 https://registry.npmjs.org/lines-and-columns 224ms (cache miss)
2117 silly packumentCache full:https://registry.npmjs.org/lines-and-columns set size:undefined disposed:false
2118 http fetch GET 200 https://registry.npmjs.org/ts-interface-checker 223ms (cache miss)
2119 silly packumentCache full:https://registry.npmjs.org/ts-interface-checker set size:undefined disposed:false
2120 http fetch GET 200 https://registry.npmjs.org/camelcase-css 651ms (cache miss)
2121 silly packumentCache full:https://registry.npmjs.org/camelcase-css set size:undefined disposed:false
2122 http fetch GET 200 https://registry.npmjs.org/mz 583ms (cache miss)
2123 silly packumentCache full:https://registry.npmjs.org/mz set size:undefined disposed:false
2124 http fetch GET 200 https://registry.npmjs.org/pirates 608ms (cache miss)
2125 silly packumentCache full:https://registry.npmjs.org/pirates set size:undefined disposed:false
2126 silly placeDep ROOT anymatch@3.1.3 OK for: chokidar@3.6.0 want: ~3.1.2
2127 silly placeDep ROOT fsevents@2.3.3 OK for: chokidar@3.6.0 want: ~2.3.2
2128 silly placeDep node_modules/chokidar glob-parent@5.1.2 OK for: chokidar@3.6.0 want: ~5.1.2
2129 silly placeDep ROOT is-binary-path@2.1.0 OK for: chokidar@3.6.0 want: ~2.1.0
2130 silly placeDep ROOT readdirp@3.6.0 OK for: chokidar@3.6.0 want: ~3.6.0
2131 silly fetch manifest binary-extensions@^2.0.0
2132 silly packumentCache full:https://registry.npmjs.org/binary-extensions cache-miss
2133 http fetch GET 200 https://registry.npmjs.org/binary-extensions 29ms (cache miss)
2134 silly packumentCache full:https://registry.npmjs.org/binary-extensions set size:undefined disposed:false
2135 silly placeDep ROOT binary-extensions@2.3.0 OK for: is-binary-path@2.1.0 want: ^2.0.0
2136 silly placeDep ROOT postcss-value-parser@4.2.0 OK for: postcss-import@15.1.0 want: ^4.0.0
2137 silly placeDep ROOT read-cache@1.0.0 OK for: postcss-import@15.1.0 want: ^1.0.0
2138 silly placeDep node_modules/postcss-import resolve@1.22.12 OK for: postcss-import@15.1.0 want: ^1.1.7
2139 silly fetch manifest pify@^2.3.0
2140 silly packumentCache full:https://registry.npmjs.org/pify cache-miss
2141 http fetch GET 200 https://registry.npmjs.org/pify 24ms (cache miss)
2142 silly packumentCache full:https://registry.npmjs.org/pify set size:undefined disposed:false
2143 silly placeDep ROOT camelcase-css@2.0.1 OK for: postcss-js@4.1.0 want: ^2.0.1
2144 silly placeDep ROOT cssesc@3.0.0 OK for: postcss-selector-parser@6.1.2 want: ^3.0.0
2145 silly placeDep ROOT util-deprecate@1.0.2 OK for: postcss-selector-parser@6.1.2 want: ^1.0.2
2146 silly placeDep ROOT pify@2.3.0 OK for: read-cache@1.0.0 want: ^2.3.0
2147 silly placeDep ROOT @jridgewell/gen-mapping@0.3.13 OK for: sucrase@3.35.1 want: ^0.3.2
2148 silly placeDep ROOT commander@4.1.1 OK for: sucrase@3.35.1 want: ^4.0.0
2149 silly placeDep ROOT lines-and-columns@1.2.4 OK for: sucrase@3.35.1 want: ^1.1.6
2150 silly placeDep ROOT mz@2.7.0 OK for: sucrase@3.35.1 want: ^2.7.0
2151 silly placeDep ROOT pirates@4.0.7 OK for: sucrase@3.35.1 want: ^4.0.1
2152 silly placeDep ROOT ts-interface-checker@0.1.13 OK for: sucrase@3.35.1 want: ^0.1.9
2153 silly fetch manifest @jridgewell/sourcemap-codec@^1.5.0
2154 silly packumentCache full:https://registry.npmjs.org/@jridgewell%2fsourcemap-codec cache-miss
2155 silly fetch manifest @jridgewell/trace-mapping@^0.3.24
2156 silly packumentCache full:https://registry.npmjs.org/@jridgewell%2ftrace-mapping cache-miss
2157 silly fetch manifest any-promise@^1.0.0
2158 silly packumentCache full:https://registry.npmjs.org/any-promise cache-miss
2159 silly fetch manifest thenify-all@^1.0.0
2160 silly packumentCache full:https://registry.npmjs.org/thenify-all cache-miss
2161 http fetch GET 200 https://registry.npmjs.org/thenify-all 24ms (cache miss)
2162 silly packumentCache full:https://registry.npmjs.org/thenify-all set size:undefined disposed:false
2163 http fetch GET 200 https://registry.npmjs.org/@jridgewell%2fsourcemap-codec 25ms (cache miss)
2164 silly packumentCache full:https://registry.npmjs.org/@jridgewell%2fsourcemap-codec set size:undefined disposed:false
2165 http fetch GET 200 https://registry.npmjs.org/@jridgewell%2ftrace-mapping 38ms (cache miss)
2166 silly packumentCache full:https://registry.npmjs.org/@jridgewell%2ftrace-mapping set size:undefined disposed:false
2167 http fetch GET 200 https://registry.npmjs.org/any-promise 676ms (cache miss)
2168 silly packumentCache full:https://registry.npmjs.org/any-promise set size:undefined disposed:false
2169 silly placeDep ROOT @jridgewell/sourcemap-codec@1.5.5 OK for: @jridgewell/gen-mapping@0.3.13 want: ^1.5.0
2170 silly placeDep ROOT @jridgewell/trace-mapping@0.3.31 OK for: @jridgewell/gen-mapping@0.3.13 want: ^0.3.24
2171 silly fetch manifest @jridgewell/resolve-uri@^3.1.0
2172 silly packumentCache full:https://registry.npmjs.org/@jridgewell%2fresolve-uri cache-miss
2173 http fetch GET 200 https://registry.npmjs.org/@jridgewell%2fresolve-uri 32ms (cache miss)
2174 silly packumentCache full:https://registry.npmjs.org/@jridgewell%2fresolve-uri set size:undefined disposed:false
2175 silly placeDep ROOT @jridgewell/resolve-uri@3.1.2 OK for: @jridgewell/trace-mapping@0.3.31 want: ^3.1.0
2176 silly placeDep ROOT any-promise@1.3.0 OK for: mz@2.7.0 want: ^1.0.0
2177 silly placeDep ROOT thenify-all@1.6.0 OK for: mz@2.7.0 want: ^1.0.0
2178 silly fetch manifest thenify@>= 3.1.0 < 4
2179 silly packumentCache full:https://registry.npmjs.org/thenify cache-miss
2180 http fetch GET 200 https://registry.npmjs.org/thenify 222ms (cache miss)
2181 silly packumentCache full:https://registry.npmjs.org/thenify set size:undefined disposed:false
2182 silly placeDep ROOT thenify@3.3.1 OK for: thenify-all@1.6.0 want: >= 3.1.0 < 4
2183 silly placeDep node_modules/tinyglobby fdir@6.5.0 OK for: tinyglobby@0.2.16 want: ^6.5.0
2184 silly placeDep node_modules/tinyglobby picomatch@4.0.4 OK for: fdir@6.5.0 want: ^3 || ^4
2185 silly placeDep ROOT is-number@7.0.0 OK for: to-regex-range@5.0.1 want: ^7.0.0
2186 silly placeDep ROOT @types/json5@0.0.29 OK for: tsconfig-paths@3.15.0 want: ^0.0.29
2187 silly placeDep ROOT json5@1.0.2 OK for: tsconfig-paths@3.15.0 want: ^1.0.2
2188 silly placeDep ROOT minimist@1.2.8 OK for: tsconfig-paths@3.15.0 want: ^1.2.6
2189 silly placeDep ROOT strip-bom@3.0.0 OK for: tsconfig-paths@3.15.0 want: ^3.0.0
2190 silly fetch manifest minimist@^1.2.0
2191 silly packumentCache full:https://registry.npmjs.org/minimist cache-miss
2192 http cache https://registry.npmjs.org/minimist 1ms (cache hit)
2193 silly packumentCache full:https://registry.npmjs.org/minimist set size:77063 disposed:false
2194 silly placeDep ROOT for-each@0.3.5 OK for: typed-array-byte-length@1.0.3 want: ^0.3.3
2195 silly placeDep ROOT reflect.getprototypeof@1.0.10 OK for: typed-array-byte-offset@1.0.4 want: ^1.0.9
2196 silly fetch manifest which-builtin-type@^1.2.1
2197 silly packumentCache full:https://registry.npmjs.org/which-builtin-type cache-miss
2198 http fetch GET 200 https://registry.npmjs.org/which-builtin-type 210ms (cache miss)
2199 silly packumentCache full:https://registry.npmjs.org/which-builtin-type set size:undefined disposed:false
2200 silly placeDep ROOT which-builtin-type@1.2.1 OK for: reflect.getprototypeof@1.0.10 want: ^1.2.1
2201 silly fetch manifest is-async-function@^2.0.0
2202 silly packumentCache full:https://registry.npmjs.org/is-async-function cache-miss
2203 silly fetch manifest is-finalizationregistry@^1.1.0
2204 silly packumentCache full:https://registry.npmjs.org/is-finalizationregistry cache-miss
2205 silly fetch manifest is-generator-function@^1.0.10
2206 silly packumentCache full:https://registry.npmjs.org/is-generator-function cache-miss
2207 silly fetch manifest which-boxed-primitive@^1.1.0
2208 silly packumentCache full:https://registry.npmjs.org/which-boxed-primitive cache-miss
2209 silly fetch manifest which-collection@^1.0.2
2210 silly packumentCache full:https://registry.npmjs.org/which-collection cache-miss
2211 http cache https://registry.npmjs.org/which-boxed-primitive 2ms (cache hit)
2212 silly packumentCache full:https://registry.npmjs.org/which-boxed-primitive set size:19407 disposed:false
2213 http fetch GET 200 https://registry.npmjs.org/is-finalizationregistry 23ms (cache miss)
2214 silly packumentCache full:https://registry.npmjs.org/is-finalizationregistry set size:undefined disposed:false
2215 http fetch GET 200 https://registry.npmjs.org/which-collection 31ms (cache miss)
2216 silly packumentCache full:https://registry.npmjs.org/which-collection set size:undefined disposed:false
2217 http fetch GET 200 https://registry.npmjs.org/is-generator-function 32ms (cache miss)
2218 silly packumentCache full:https://registry.npmjs.org/is-generator-function set size:undefined disposed:false
2219 http fetch GET 200 https://registry.npmjs.org/is-async-function 229ms (cache miss)
2220 silly packumentCache full:https://registry.npmjs.org/is-async-function set size:undefined disposed:false
2221 silly placeDep ROOT has-bigints@1.1.0 OK for: unbox-primitive@1.1.0 want: ^1.0.2
2222 silly placeDep ROOT which-boxed-primitive@1.1.1 OK for: unbox-primitive@1.1.0 want: ^1.1.1
2223 silly fetch manifest is-bigint@^1.1.0
2224 silly packumentCache full:https://registry.npmjs.org/is-bigint cache-miss
2225 silly fetch manifest is-boolean-object@^1.2.1
2226 silly packumentCache full:https://registry.npmjs.org/is-boolean-object cache-miss
2227 silly fetch manifest is-number-object@^1.1.1
2228 silly packumentCache full:https://registry.npmjs.org/is-number-object cache-miss
2229 http fetch GET 200 https://registry.npmjs.org/is-boolean-object 32ms (cache miss)
2230 silly packumentCache full:https://registry.npmjs.org/is-boolean-object set size:undefined disposed:false
2231 http fetch GET 200 https://registry.npmjs.org/is-bigint 223ms (cache miss)
2232 silly packumentCache full:https://registry.npmjs.org/is-bigint set size:undefined disposed:false
2233 http fetch GET 200 https://registry.npmjs.org/is-number-object 229ms (cache miss)
2234 silly packumentCache full:https://registry.npmjs.org/is-number-object set size:undefined disposed:false
2235 silly placeDep ROOT @unrs/resolver-binding-android-arm-eabi@1.11.1 OK for: unrs-resolver@1.11.1 want: 1.11.1
2236 silly placeDep ROOT @unrs/resolver-binding-android-arm64@1.11.1 OK for: unrs-resolver@1.11.1 want: 1.11.1
2237 silly placeDep ROOT @unrs/resolver-binding-darwin-arm64@1.11.1 OK for: unrs-resolver@1.11.1 want: 1.11.1
2238 silly placeDep ROOT @unrs/resolver-binding-darwin-x64@1.11.1 OK for: unrs-resolver@1.11.1 want: 1.11.1
2239 silly placeDep ROOT @unrs/resolver-binding-freebsd-x64@1.11.1 OK for: unrs-resolver@1.11.1 want: 1.11.1
2240 silly placeDep ROOT @unrs/resolver-binding-linux-arm-gnueabihf@1.11.1 OK for: unrs-resolver@1.11.1 want: 1.11.1
2241 silly placeDep ROOT @unrs/resolver-binding-linux-arm-musleabihf@1.11.1 OK for: unrs-resolver@1.11.1 want: 1.11.1
2242 silly placeDep ROOT @unrs/resolver-binding-linux-arm64-gnu@1.11.1 OK for: unrs-resolver@1.11.1 want: 1.11.1
2243 silly placeDep ROOT @unrs/resolver-binding-linux-arm64-musl@1.11.1 OK for: unrs-resolver@1.11.1 want: 1.11.1
2244 silly placeDep ROOT @unrs/resolver-binding-linux-ppc64-gnu@1.11.1 OK for: unrs-resolver@1.11.1 want: 1.11.1
2245 silly placeDep ROOT @unrs/resolver-binding-linux-riscv64-gnu@1.11.1 OK for: unrs-resolver@1.11.1 want: 1.11.1
2246 silly placeDep ROOT @unrs/resolver-binding-linux-riscv64-musl@1.11.1 OK for: unrs-resolver@1.11.1 want: 1.11.1
2247 silly placeDep ROOT @unrs/resolver-binding-linux-s390x-gnu@1.11.1 OK for: unrs-resolver@1.11.1 want: 1.11.1
2248 silly placeDep ROOT @unrs/resolver-binding-linux-x64-gnu@1.11.1 OK for: unrs-resolver@1.11.1 want: 1.11.1
2249 silly placeDep ROOT @unrs/resolver-binding-linux-x64-musl@1.11.1 OK for: unrs-resolver@1.11.1 want: 1.11.1
2250 silly placeDep ROOT @unrs/resolver-binding-wasm32-wasi@1.11.1 OK for: unrs-resolver@1.11.1 want: 1.11.1
2251 silly placeDep ROOT @unrs/resolver-binding-win32-arm64-msvc@1.11.1 OK for: unrs-resolver@1.11.1 want: 1.11.1
2252 silly placeDep ROOT @unrs/resolver-binding-win32-ia32-msvc@1.11.1 OK for: unrs-resolver@1.11.1 want: 1.11.1
2253 silly placeDep ROOT @unrs/resolver-binding-win32-x64-msvc@1.11.1 OK for: unrs-resolver@1.11.1 want: 1.11.1
2254 silly placeDep ROOT napi-postinstall@0.3.4 OK for: unrs-resolver@1.11.1 want: ^0.3.0
2255 silly fetch manifest @napi-rs/wasm-runtime@^0.2.11
2256 silly packumentCache full:https://registry.npmjs.org/@napi-rs%2fwasm-runtime cache-miss
2257 http fetch GET 200 https://registry.npmjs.org/@napi-rs%2fwasm-runtime 227ms (cache miss)
2258 silly packumentCache full:https://registry.npmjs.org/@napi-rs%2fwasm-runtime set size:undefined disposed:false
2259 silly placeDep ROOT @napi-rs/wasm-runtime@0.2.12 OK for: @unrs/resolver-binding-wasm32-wasi@1.11.1 want: ^0.2.11
2260 silly fetch manifest @emnapi/core@^1.4.3
2261 silly packumentCache full:https://registry.npmjs.org/@emnapi%2fcore cache-miss
2262 silly fetch manifest @emnapi/runtime@^1.4.3
2263 silly packumentCache full:https://registry.npmjs.org/@emnapi%2fruntime cache-miss
2264 silly fetch manifest @tybys/wasm-util@^0.10.0
2265 silly packumentCache full:https://registry.npmjs.org/@tybys%2fwasm-util cache-miss
2266 http fetch GET 200 https://registry.npmjs.org/@emnapi%2fruntime 40ms (cache miss)
2267 silly packumentCache full:https://registry.npmjs.org/@emnapi%2fruntime set size:undefined disposed:false
2268 http fetch GET 200 https://registry.npmjs.org/@tybys%2fwasm-util 48ms (cache miss)
2269 silly packumentCache full:https://registry.npmjs.org/@tybys%2fwasm-util set size:undefined disposed:false
2270 http fetch GET 200 https://registry.npmjs.org/@emnapi%2fcore 419ms (cache miss)
2271 silly packumentCache full:https://registry.npmjs.org/@emnapi%2fcore set size:undefined disposed:false
2272 silly placeDep ROOT @emnapi/core@1.10.0 OK for: @napi-rs/wasm-runtime@0.2.12 want: ^1.4.3
2273 silly placeDep ROOT @emnapi/runtime@1.10.0 OK for: @napi-rs/wasm-runtime@0.2.12 want: ^1.4.3
2274 silly placeDep ROOT @tybys/wasm-util@0.10.1 OK for: @napi-rs/wasm-runtime@0.2.12 want: ^0.10.0
2275 silly fetch manifest @emnapi/wasi-threads@1.2.1
2276 silly packumentCache full:https://registry.npmjs.org/@emnapi%2fwasi-threads cache-miss
2277 http fetch GET 200 https://registry.npmjs.org/@emnapi%2fwasi-threads 421ms (cache miss)
2278 silly packumentCache full:https://registry.npmjs.org/@emnapi%2fwasi-threads set size:undefined disposed:false
2279 silly placeDep ROOT @emnapi/wasi-threads@1.2.1 OK for: @emnapi/core@1.10.0 want: 1.2.1
2280 silly placeDep ROOT punycode@2.3.1 OK for: uri-js@4.4.1 want: ^2.1.0
2281 silly placeDep ROOT isexe@2.0.0 OK for: which@2.0.2 want: ^2.0.0
2282 silly placeDep ROOT is-bigint@1.1.0 OK for: which-boxed-primitive@1.1.1 want: ^1.1.0
2283 silly placeDep ROOT is-boolean-object@1.2.2 OK for: which-boxed-primitive@1.1.1 want: ^1.2.1
2284 silly placeDep ROOT is-number-object@1.1.1 OK for: which-boxed-primitive@1.1.1 want: ^1.1.1
2285 silly placeDep ROOT is-async-function@2.1.1 OK for: which-builtin-type@1.2.1 want: ^2.0.0
2286 silly placeDep ROOT is-finalizationregistry@1.1.1 OK for: which-builtin-type@1.2.1 want: ^1.1.0
2287 silly placeDep ROOT is-generator-function@1.1.2 OK for: which-builtin-type@1.2.1 want: ^1.0.10
2288 silly placeDep ROOT which-collection@1.0.2 OK for: which-builtin-type@1.2.1 want: ^1.0.2
2289 silly fetch manifest async-function@^1.0.0
2290 silly packumentCache full:https://registry.npmjs.org/async-function cache-miss
2291 silly fetch manifest generator-function@^2.0.0
2292 silly packumentCache full:https://registry.npmjs.org/generator-function cache-miss
2293 silly fetch manifest is-map@^2.0.3
2294 silly packumentCache full:https://registry.npmjs.org/is-map cache-miss
2295 silly fetch manifest is-weakmap@^2.0.2
2296 silly packumentCache full:https://registry.npmjs.org/is-weakmap cache-miss
2297 silly fetch manifest is-weakset@^2.0.3
2298 silly packumentCache full:https://registry.npmjs.org/is-weakset cache-miss
2299 http fetch GET 200 https://registry.npmjs.org/generator-function 27ms (cache miss)
2300 silly packumentCache full:https://registry.npmjs.org/generator-function set size:undefined disposed:false
2301 http fetch GET 200 https://registry.npmjs.org/is-map 214ms (cache miss)
2302 silly packumentCache full:https://registry.npmjs.org/is-map set size:undefined disposed:false
2303 http fetch GET 200 https://registry.npmjs.org/is-weakmap 215ms (cache miss)
2304 silly packumentCache full:https://registry.npmjs.org/is-weakmap set size:undefined disposed:false
2305 http fetch GET 200 https://registry.npmjs.org/async-function 219ms (cache miss)
2306 silly packumentCache full:https://registry.npmjs.org/async-function set size:undefined disposed:false
2307 http fetch GET 200 https://registry.npmjs.org/is-weakset 227ms (cache miss)
2308 silly packumentCache full:https://registry.npmjs.org/is-weakset set size:undefined disposed:false
2309 silly placeDep ROOT async-function@1.0.0 OK for: is-async-function@2.1.1 want: ^1.0.0
2310 silly placeDep ROOT generator-function@2.0.1 OK for: is-generator-function@1.1.2 want: ^2.0.0
2311 silly placeDep ROOT is-map@2.0.3 OK for: which-collection@1.0.2 want: ^2.0.3
2312 silly placeDep ROOT is-weakmap@2.0.2 OK for: which-collection@1.0.2 want: ^2.0.2
2313 silly placeDep ROOT is-weakset@2.0.4 OK for: which-collection@1.0.2 want: ^2.0.3
2314 silly placeDep node_modules/wrap-ansi ansi-styles@6.2.3 OK for: wrap-ansi@8.1.0 want: ^6.1.0
2315 silly placeDep node_modules/wrap-ansi strip-ansi@7.2.0 OK for: wrap-ansi@8.1.0 want: ^7.0.1
2316 silly placeDep node_modules/wrap-ansi-cjs string-width@4.2.3 OK for: wrap-ansi@7.0.0 want: ^4.1.0
2317 silly placeDep node_modules/@isaacs/cliui ansi-regex@6.2.2 OK for: strip-ansi@7.2.0 want: ^6.2.2
2318 silly placeDep node_modules/@typescript-eslint/typescript-estree brace-expansion@2.1.0 OK for: minimatch@9.0.3 want: ^2.0.1
2319 silly placeDep node_modules/glob brace-expansion@2.1.0 OK for: minimatch@9.0.9 want: ^2.0.2
2320 silly placeDep ROOT fs.realpath@1.0.0 OK for: glob@7.2.3 want: ^1.0.0
2321 silly placeDep ROOT inflight@1.0.6 OK for: glob@7.2.3 want: ^1.0.4
2322 silly placeDep ROOT inherits@2.0.4 OK for: glob@7.2.3 want: 2
2323 silly placeDep ROOT once@1.4.0 OK for: glob@7.2.3 want: ^1.3.0
2324 silly placeDep ROOT path-is-absolute@1.0.1 OK for: glob@7.2.3 want: ^1.0.0
2325 silly fetch manifest wrappy@1
2326 silly packumentCache full:https://registry.npmjs.org/wrappy cache-miss
2327 silly fetch manifest wrappy@1
2328 silly packumentCache full:https://registry.npmjs.org/wrappy cache-miss
2329 http fetch GET 200 https://registry.npmjs.org/wrappy 25ms (cache miss)
2330 silly packumentCache full:https://registry.npmjs.org/wrappy set size:undefined disposed:false
2331 http fetch GET 200 https://registry.npmjs.org/wrappy 26ms (cache miss)
2332 silly packumentCache full:https://registry.npmjs.org/wrappy set size:undefined disposed:false
2333 silly placeDep ROOT wrappy@1.0.2 OK for: inflight@1.0.6 want: 1
2334 silly placeDep node_modules/string-width ansi-regex@6.2.2 OK for: strip-ansi@7.2.0 want: ^6.2.2
2335 silly placeDep node_modules/wrap-ansi-cjs emoji-regex@8.0.0 OK for: string-width@4.2.3 want: ^8.0.0
2336 silly placeDep node_modules/wrap-ansi ansi-regex@6.2.2 OK for: strip-ansi@7.2.0 want: ^6.2.2
2337 silly reify moves {}
2338 silly audit bulk request {
2338 silly audit   '@supabase/supabase-js': [ '2.105.1' ],
2338 silly audit   '@types/node': [ '20.19.39' ],
2338 silly audit   '@types/react': [ '18.3.28' ],
2338 silly audit   '@types/react-dom': [ '18.3.7' ],
2338 silly audit   eslint: [ '8.57.1' ],
2338 silly audit   'eslint-config-next': [ '14.2.3' ],
2338 silly audit   'lucide-react': [ '0.379.0' ],
2338 silly audit   react: [ '18.3.1' ],
2338 silly audit   next: [ '14.2.3' ],
2338 silly audit   'react-dom': [ '18.3.1' ],
2338 silly audit   postcss: [ '8.5.12', '8.4.31' ],
2338 silly audit   tailwindcss: [ '3.4.19' ],
2338 silly audit   typescript: [ '5.9.3' ],
2338 silly audit   '@supabase/auth-js': [ '2.105.1' ],
2338 silly audit   '@supabase/functions-js': [ '2.105.1' ],
2338 silly audit   '@supabase/postgrest-js': [ '2.105.1' ],
2338 silly audit   '@supabase/realtime-js': [ '2.105.1' ],
2338 silly audit   '@supabase/storage-js': [ '2.105.1' ],
2338 silly audit   tslib: [ '2.8.1' ],
2338 silly audit   '@supabase/phoenix': [ '0.4.1' ],
2338 silly audit   '@types/ws': [ '8.18.1' ],
2338 silly audit   ws: [ '8.20.0' ],
2338 silly audit   'iceberg-js': [ '0.8.1' ],
2338 silly audit   'undici-types': [ '6.21.0' ],
2338 silly audit   '@types/prop-types': [ '15.7.15' ],
2338 silly audit   csstype: [ '3.2.3' ],
2338 silly audit   '@eslint-community/eslint-utils': [ '4.9.1' ],
2338 silly audit   '@eslint-community/regexpp': [ '4.12.2' ],
2338 silly audit   '@eslint/eslintrc': [ '2.1.4' ],
2338 silly audit   '@eslint/js': [ '8.57.1' ],
2338 silly audit   '@humanwhocodes/config-array': [ '0.13.0' ],
2338 silly audit   '@humanwhocodes/module-importer': [ '1.0.1' ],
2338 silly audit   '@nodelib/fs.walk': [ '1.2.8' ],
2338 silly audit   '@ungap/structured-clone': [ '1.3.0' ],
2338 silly audit   ajv: [ '6.15.0' ],
2338 silly audit   chalk: [ '4.1.2' ],
2338 silly audit   'cross-spawn': [ '7.0.6' ],
2338 silly audit   debug: [ '4.4.3', '3.2.7' ],
2338 silly audit   doctrine: [ '3.0.0', '2.1.0' ],
2338 silly audit   'escape-string-regexp': [ '4.0.0' ],
2338 silly audit   'eslint-scope': [ '7.2.2' ],
2338 silly audit   'eslint-visitor-keys': [ '3.4.3' ],
2338 silly audit   espree: [ '9.6.1' ],
2338 silly audit   esquery: [ '1.7.0' ],
2338 silly audit   esutils: [ '2.0.3' ],
2338 silly audit   'fast-deep-equal': [ '3.1.3' ],
2338 silly audit   'file-entry-cache': [ '6.0.1' ],
2338 silly audit   'find-up': [ '5.0.0' ],
2338 silly audit   'glob-parent': [ '6.0.2', '5.1.2' ],
2338 silly audit   globals: [ '13.24.0' ],
2338 silly audit   graphemer: [ '1.4.0' ],
2338 silly audit   ignore: [ '5.3.2' ],
2338 silly audit   imurmurhash: [ '0.1.4' ],
2338 silly audit   'is-glob': [ '4.0.3' ],
2338 silly audit   'is-path-inside': [ '3.0.3' ],
2338 silly audit   'js-yaml': [ '4.1.1' ],
2338 silly audit   'json-stable-stringify-without-jsonify': [ '1.0.1' ],
2338 silly audit   levn: [ '0.4.1' ],
2338 silly audit   'lodash.merge': [ '4.6.2' ],
2338 silly audit   minimatch: [ '3.1.5', '9.0.3', '9.0.9' ],
2338 silly audit   'natural-compare': [ '1.4.0' ],
2338 silly audit   optionator: [ '0.9.4' ],
2338 silly audit   'strip-ansi': [ '6.0.1', '7.2.0' ],
2338 silly audit   'text-table': [ '0.2.0' ],
2338 silly audit   'import-fresh': [ '3.3.1' ],
2338 silly audit   'strip-json-comments': [ '3.1.1' ],
2338 silly audit   '@humanwhocodes/object-schema': [ '2.0.3' ],
2338 silly audit   '@nodelib/fs.scandir': [ '2.1.5' ],
2338 silly audit   fastq: [ '1.20.1' ],
2338 silly audit   '@nodelib/fs.stat': [ '2.0.5' ],
2338 silly audit   'run-parallel': [ '1.2.0' ],
2338 silly audit   'fast-json-stable-stringify': [ '2.1.0' ],
2338 silly audit   'json-schema-traverse': [ '0.4.1' ],
2338 silly audit   'uri-js': [ '4.4.1' ],
2338 silly audit   'ansi-styles': [ '4.3.0', '6.2.3' ],
2338 silly audit   'supports-color': [ '7.2.0' ],
2338 silly audit   'color-convert': [ '2.0.1' ],
2338 silly audit   'color-name': [ '1.1.4' ],
2338 silly audit   'path-key': [ '3.1.1' ],
2338 silly audit   'shebang-command': [ '2.0.0' ],
2338 silly audit   which: [ '2.0.2' ],
2338 silly audit   ms: [ '2.1.3' ],
2338 silly audit   '@next/eslint-plugin-next': [ '14.2.3' ],
2338 silly audit   '@rushstack/eslint-patch': [ '1.16.1' ],
2338 silly audit   '@typescript-eslint/parser': [ '7.2.0' ],
2338 silly audit   'eslint-import-resolver-node': [ '0.3.10' ],
2338 silly audit   'eslint-import-resolver-typescript': [ '3.10.1' ],
2338 silly audit   'eslint-plugin-import': [ '2.32.0' ],
2338 silly audit   'eslint-plugin-jsx-a11y': [ '6.10.2' ],
2338 silly audit   'eslint-plugin-react': [ '7.37.5' ],
2338 silly audit   'eslint-plugin-react-hooks': [ '5.0.0-canary-7118f5dd7-20230705' ],
2338 silly audit   glob: [ '10.3.10', '7.2.3' ],
2338 silly audit   '@typescript-eslint/scope-manager': [ '7.2.0' ],
2338 silly audit   '@typescript-eslint/types': [ '7.2.0' ],
2338 silly audit   '@typescript-eslint/typescript-estree': [ '7.2.0' ],
2338 silly audit   '@typescript-eslint/visitor-keys': [ '7.2.0' ],
2338 silly audit   globby: [ '11.1.0' ],
2338 silly audit   semver: [ '7.7.4', '6.3.1' ],
2338 silly audit   'ts-api-utils': [ '1.4.3' ],
2338 silly audit   'is-core-module': [ '2.16.1' ],
2338 silly audit   resolve: [ '2.0.0-next.6', '1.22.12' ],
2338 silly audit   '@nolyfill/is-core-module': [ '1.0.39' ],
2338 silly audit   'get-tsconfig': [ '4.14.0' ],
2338 silly audit   'is-bun-module': [ '2.0.0' ],
2338 silly audit   'stable-hash': [ '0.0.5' ],
2338 silly audit   tinyglobby: [ '0.2.16' ],
2338 silly audit   'unrs-resolver': [ '1.11.1' ],
2338 silly audit   '@rtsao/scc': [ '1.1.0' ],
2338 silly audit   'array-includes': [ '3.1.9' ],
2338 silly audit   'array.prototype.findlastindex': [ '1.2.6' ],
2338 silly audit   'array.prototype.flat': [ '1.3.3' ],
2338 silly audit   'array.prototype.flatmap': [ '1.3.3' ],
2338 silly audit   'eslint-module-utils': [ '2.12.1' ],
2338 silly audit   hasown: [ '2.0.3' ],
2338 silly audit   'object.fromentries': [ '2.0.8' ],
2338 silly audit   'object.groupby': [ '1.0.3' ],
2338 silly audit   'object.values': [ '1.2.1' ],
2338 silly audit   'string.prototype.trimend': [ '1.0.9' ],
2338 silly audit   'tsconfig-paths': [ '3.15.0' ],
2338 silly audit   'call-bind': [ '1.0.9' ],
2338 silly audit   'call-bound': [ '1.0.4' ],
2338 silly audit   'define-properties': [ '1.2.1' ],
2338 silly audit   'es-abstract': [ '1.24.2' ],
2338 silly audit   'es-object-atoms': [ '1.1.1' ],
2338 silly audit   'get-intrinsic': [ '1.3.0' ],
2338 silly audit   'is-string': [ '1.1.1' ],
2338 silly audit   'math-intrinsics': [ '1.1.0' ],
2338 silly audit   'es-errors': [ '1.3.0' ],
2338 silly audit   'es-shim-unscopables': [ '1.1.0' ],
2338 silly audit   'call-bind-apply-helpers': [ '1.0.2' ],
2338 silly audit   'es-define-property': [ '1.0.1' ],
2338 silly audit   'set-function-length': [ '1.2.2' ],
2338 silly audit   'function-bind': [ '1.1.2' ],
2338 silly audit   'define-data-property': [ '1.1.4' ],
2338 silly audit   'has-property-descriptors': [ '1.0.2' ],
2338 silly audit   'object-keys': [ '1.1.1' ],
2338 silly audit   gopd: [ '1.2.0' ],
2338 silly audit   'array-buffer-byte-length': [ '1.0.2' ],
2338 silly audit   'arraybuffer.prototype.slice': [ '1.0.4' ],
2338 silly audit   'available-typed-arrays': [ '1.0.7' ],
2338 silly audit   'data-view-buffer': [ '1.0.2' ],
2338 silly audit   'data-view-byte-length': [ '1.0.2' ],
2338 silly audit   'data-view-byte-offset': [ '1.0.1' ],
2338 silly audit   'es-set-tostringtag': [ '2.1.0' ],
2338 silly audit   'es-to-primitive': [ '1.3.0' ],
2338 silly audit   'function.prototype.name': [ '1.1.8' ],
2338 silly audit   'get-proto': [ '1.0.1' ],
2338 silly audit   'get-symbol-description': [ '1.1.0' ],
2338 silly audit   globalthis: [ '1.0.4' ],
2338 silly audit   'has-proto': [ '1.2.0' ],
2338 silly audit   'has-symbols': [ '1.1.0' ],
2338 silly audit   'internal-slot': [ '1.1.0' ],
2338 silly audit   'is-array-buffer': [ '3.0.5' ],
2338 silly audit   'is-callable': [ '1.2.7' ],
2338 silly audit   'is-data-view': [ '1.0.2' ],
2338 silly audit   'is-negative-zero': [ '2.0.3' ],
2338 silly audit   'is-regex': [ '1.2.1' ],
2338 silly audit   'is-set': [ '2.0.3' ],
2338 silly audit   'is-shared-array-buffer': [ '1.0.4' ],
2338 silly audit   'is-typed-array': [ '1.1.15' ],
2338 silly audit   'is-weakref': [ '1.1.1' ],
2338 silly audit   'object-inspect': [ '1.13.4' ],
2338 silly audit   'object.assign': [ '4.1.7' ],
2338 silly audit   'own-keys': [ '1.0.1' ],
2338 silly audit   'regexp.prototype.flags': [ '1.5.4' ],
2338 silly audit   'safe-array-concat': [ '1.1.4' ],
2338 silly audit   'safe-push-apply': [ '1.0.0' ],
2338 silly audit   'safe-regex-test': [ '1.1.0' ],
2338 silly audit   'set-proto': [ '1.0.0' ],
2338 silly audit   'stop-iteration-iterator': [ '1.1.0' ],
2338 silly audit   'string.prototype.trim': [ '1.2.10' ],
2338 silly audit   'string.prototype.trimstart': [ '1.0.8' ],
2338 silly audit   'typed-array-buffer': [ '1.0.3' ],
2338 silly audit   'typed-array-byte-length': [ '1.0.3' ],
2338 silly audit   'typed-array-byte-offset': [ '1.0.4' ],
2338 silly audit   'typed-array-length': [ '1.0.7' ],
2338 silly audit   'unbox-primitive': [ '1.1.0' ],
2338 silly audit   'which-typed-array': [ '1.1.20' ],
2338 silly audit   'possible-typed-array-names': [ '1.1.0' ],
2338 silly audit   'has-tostringtag': [ '1.0.2' ],
2338 silly audit   'is-date-object': [ '1.1.0' ],
2338 silly audit   'is-symbol': [ '1.1.1' ],
2338 silly audit   'aria-query': [ '5.3.2' ],
2338 silly audit   'ast-types-flow': [ '0.0.8' ],
2338 silly audit   'axe-core': [ '4.11.3' ],
2338 silly audit   'axobject-query': [ '4.1.0' ],
2338 silly audit   'damerau-levenshtein': [ '1.0.8' ],
2338 silly audit   'emoji-regex': [ '9.2.2', '8.0.0' ],
2338 silly audit   'jsx-ast-utils': [ '3.3.5' ],
2338 silly audit   'language-tags': [ '1.0.9' ],
2338 silly audit   'string.prototype.includes': [ '2.0.1' ],
2338 silly audit   'array.prototype.findlast': [ '1.2.5' ],
2338 silly audit   'array.prototype.tosorted': [ '1.1.4' ],
2338 silly audit   'es-iterator-helpers': [ '1.3.2' ],
2338 silly audit   estraverse: [ '5.3.0' ],
2338 silly audit   'object.entries': [ '1.1.9' ],
2338 silly audit   'prop-types': [ '15.8.1' ],
2338 silly audit   'string.prototype.matchall': [ '4.0.12' ],
2338 silly audit   'string.prototype.repeat': [ '1.0.0' ],
2338 silly audit   'iterator.prototype': [ '1.1.5' ],
2338 silly audit   esrecurse: [ '4.3.0' ],
2338 silly audit   acorn: [ '8.16.0' ],
2338 silly audit   'acorn-jsx': [ '5.3.2' ],
2338 silly audit   reusify: [ '1.1.0' ],
2338 silly audit   'flat-cache': [ '3.2.0' ],
2338 silly audit   'locate-path': [ '6.0.0' ],
2338 silly audit   'path-exists': [ '4.0.0' ],
2338 silly audit   flatted: [ '3.4.2' ],
2338 silly audit   keyv: [ '4.5.4' ],
2338 silly audit   rimraf: [ '3.0.2' ],
2338 silly audit   'functions-have-names': [ '1.2.3' ],
2338 silly audit   'dunder-proto': [ '1.0.1' ],
2338 silly audit   'resolve-pkg-maps': [ '1.0.0' ],
2338 silly audit   'foreground-child': [ '3.3.1' ],
2338 silly audit   jackspeak: [ '2.3.6' ],
2338 silly audit   minipass: [ '7.1.3' ],
2338 silly audit   'path-scurry': [ '1.11.1' ],
2338 silly audit   'signal-exit': [ '4.1.0' ],
2338 silly audit   'type-fest': [ '0.20.2' ],
2338 silly audit   'array-union': [ '2.1.0' ],
2338 silly audit   'dir-glob': [ '3.0.1' ],
2338 silly audit   'fast-glob': [ '3.3.3' ],
2338 silly audit   merge2: [ '1.4.1' ],
2338 silly audit   slash: [ '3.0.0' ],
2338 silly audit   'path-type': [ '4.0.0' ],
2338 silly audit   micromatch: [ '4.0.8' ],
2338 silly audit   'parent-module': [ '1.0.1' ],
2338 silly audit   'resolve-from': [ '4.0.0' ],
2338 silly audit   'side-channel': [ '1.1.0' ],
2338 silly audit   'is-extglob': [ '2.1.1' ],
2338 silly audit   'set-function-name': [ '2.0.2' ],
2338 silly audit   '@isaacs/cliui': [ '8.0.2' ],
2338 silly audit   '@pkgjs/parseargs': [ '0.11.0' ],
2338 silly audit   'string-width': [ '5.1.2', '4.2.3' ],
2338 silly audit   'wrap-ansi': [ '8.1.0', '7.0.0' ],
2338 silly audit   argparse: [ '2.0.1' ],
2338 silly audit   'json-buffer': [ '3.0.1' ],
2338 silly audit   'language-subtag-registry': [ '0.3.23' ],
2338 silly audit   'prelude-ls': [ '1.2.1' ],
2338 silly audit   'type-check': [ '0.4.0' ],
2338 silly audit   'p-locate': [ '5.0.0' ],
2338 silly audit   braces: [ '3.0.3' ],
2338 silly audit   picomatch: [ '2.3.2', '4.0.4' ],
2338 silly audit   'fill-range': [ '7.1.1' ],
2338 silly audit   'to-regex-range': [ '5.0.1' ],
2338 silly audit   'brace-expansion': [ '1.1.14', '2.1.0' ],
2338 silly audit   'balanced-match': [ '1.0.2' ],
2338 silly audit   'concat-map': [ '0.0.1' ],
2338 silly audit   '@next/env': [ '14.2.3' ],
2338 silly audit   '@next/swc-darwin-arm64': [ '14.2.3' ],
2338 silly audit   '@next/swc-darwin-x64': [ '14.2.3' ],
2338 silly audit   '@next/swc-linux-arm64-gnu': [ '14.2.3' ],
2338 silly audit   '@next/swc-linux-arm64-musl': [ '14.2.3' ],
2338 silly audit   '@next/swc-linux-x64-gnu': [ '14.2.3' ],
2338 silly audit   '@next/swc-linux-x64-musl': [ '14.2.3' ],
2338 silly audit   '@next/swc-win32-arm64-msvc': [ '14.2.3' ],
2338 silly audit   '@next/swc-win32-ia32-msvc': [ '14.2.3' ],
2338 silly audit   '@next/swc-win32-x64-msvc': [ '14.2.3' ],
2338 silly audit   '@swc/helpers': [ '0.5.5' ],
2338 silly audit   busboy: [ '1.6.0' ],
2338 silly audit   'caniuse-lite': [ '1.0.30001791' ],
2338 silly audit   'graceful-fs': [ '4.2.11' ],
2338 silly audit   'styled-jsx': [ '5.1.1' ],
2338 silly audit   '@swc/counter': [ '0.1.3' ],
2338 silly audit   streamsearch: [ '1.1.0' ],
2338 silly audit   'deep-is': [ '0.1.4' ],
2338 silly audit   'fast-levenshtein': [ '2.0.6' ],
2338 silly audit   'word-wrap': [ '1.2.5' ],
2338 silly audit   'p-limit': [ '3.1.0' ],
2338 silly audit   'yocto-queue': [ '0.1.0' ],
2338 silly audit   callsites: [ '3.1.0' ],
2338 silly audit   'lru-cache': [ '10.4.3' ],
2338 silly audit   nanoid: [ '3.3.11' ],
2338 silly audit   picocolors: [ '1.1.1' ],
2338 silly audit   'source-map-js': [ '1.2.1' ],
2338 silly audit   'loose-envify': [ '1.4.0' ],
2338 silly audit   'object-assign': [ '4.1.1' ],
2338 silly audit   'react-is': [ '16.13.1' ],
2338 silly audit   'js-tokens': [ '4.0.0' ],
2338 silly audit   scheduler: [ '0.23.2' ],
2338 silly audit   'node-exports-info': [ '1.6.0' ],
2338 silly audit   'path-parse': [ '1.0.7' ],
2338 silly audit   'supports-preserve-symlinks-flag': [ '1.0.0' ],
2338 silly audit   'queue-microtask': [ '1.2.3' ],
2338 silly audit   isarray: [ '2.0.5' ],
2338 silly audit   'shebang-regex': [ '3.0.0' ],
2338 silly audit   'side-channel-list': [ '1.0.1' ],
2338 silly audit   'side-channel-map': [ '1.0.1' ],
2338 silly audit   'side-channel-weakmap': [ '1.0.2' ],
2338 silly audit   eastasianwidth: [ '0.2.0' ],
2338 silly audit   'is-fullwidth-code-point': [ '3.0.0' ],
2338 silly audit   'ansi-regex': [ '5.0.1', '6.2.2' ],
2338 silly audit   'client-only': [ '0.0.1' ],
2338 silly audit   'has-flag': [ '4.0.0' ],
2338 silly audit   '@alloc/quick-lru': [ '5.2.0' ],
2338 silly audit   arg: [ '5.0.2' ],
2338 silly audit   chokidar: [ '3.6.0' ],
2338 silly audit   didyoumean: [ '1.2.2' ],
2338 silly audit   dlv: [ '1.1.3' ],
2338 silly audit   jiti: [ '1.21.7' ],
2338 silly audit   lilconfig: [ '3.1.3' ],
2338 silly audit   'normalize-path': [ '3.0.0' ],
2338 silly audit   'object-hash': [ '3.0.0' ],
2338 silly audit   'postcss-import': [ '15.1.0' ],
2338 silly audit   'postcss-js': [ '4.1.0' ],
2338 silly audit   'postcss-load-config': [ '6.0.1' ],
2338 silly audit   'postcss-nested': [ '6.2.0' ],
2338 silly audit   'postcss-selector-parser': [ '6.1.2' ],
2338 silly audit   sucrase: [ '3.35.1' ],
2338 silly audit   anymatch: [ '3.1.3' ],
2338 silly audit   fsevents: [ '2.3.3' ],
2338 silly audit   'is-binary-path': [ '2.1.0' ],
2338 silly audit   readdirp: [ '3.6.0' ],
2338 silly audit   'binary-extensions': [ '2.3.0' ],
2338 silly audit   'postcss-value-parser': [ '4.2.0' ],
2338 silly audit   'read-cache': [ '1.0.0' ],
2338 silly audit   'camelcase-css': [ '2.0.1' ],
2338 silly audit   cssesc: [ '3.0.0' ],
2338 silly audit   'util-deprecate': [ '1.0.2' ],
2338 silly audit   pify: [ '2.3.0' ],
2338 silly audit   '@jridgewell/gen-mapping': [ '0.3.13' ],
2338 silly audit   commander: [ '4.1.1' ],
2338 silly audit   'lines-and-columns': [ '1.2.4' ],
2338 silly audit   mz: [ '2.7.0' ],
2338 silly audit   pirates: [ '4.0.7' ],
2338 silly audit   'ts-interface-checker': [ '0.1.13' ],
2338 silly audit   '@jridgewell/sourcemap-codec': [ '1.5.5' ],
2338 silly audit   '@jridgewell/trace-mapping': [ '0.3.31' ],
2338 silly audit   '@jridgewell/resolve-uri': [ '3.1.2' ],
2338 silly audit   'any-promise': [ '1.3.0' ],
2338 silly audit   'thenify-all': [ '1.6.0' ],
2338 silly audit   thenify: [ '3.3.1' ],
2338 silly audit   fdir: [ '6.5.0' ],
2338 silly audit   'is-number': [ '7.0.0' ],
2338 silly audit   '@types/json5': [ '0.0.29' ],
2338 silly audit   json5: [ '1.0.2' ],
2338 silly audit   minimist: [ '1.2.8' ],
2338 silly audit   'strip-bom': [ '3.0.0' ],
2338 silly audit   'for-each': [ '0.3.5' ],
2338 silly audit   'reflect.getprototypeof': [ '1.0.10' ],
2338 silly audit   'which-builtin-type': [ '1.2.1' ],
2338 silly audit   'has-bigints': [ '1.1.0' ],
2338 silly audit   'which-boxed-primitive': [ '1.1.1' ],
2338 silly audit   '@unrs/resolver-binding-android-arm-eabi': [ '1.11.1' ],
2338 silly audit   '@unrs/resolver-binding-android-arm64': [ '1.11.1' ],
2338 silly audit   '@unrs/resolver-binding-darwin-arm64': [ '1.11.1' ],
2338 silly audit   '@unrs/resolver-binding-darwin-x64': [ '1.11.1' ],
2338 silly audit   '@unrs/resolver-binding-freebsd-x64': [ '1.11.1' ],
2338 silly audit   '@unrs/resolver-binding-linux-arm-gnueabihf': [ '1.11.1' ],
2338 silly audit   '@unrs/resolver-binding-linux-arm-musleabihf': [ '1.11.1' ],
2338 silly audit   '@unrs/resolver-binding-linux-arm64-gnu': [ '1.11.1' ],
2338 silly audit   '@unrs/resolver-binding-linux-arm64-musl': [ '1.11.1' ],
2338 silly audit   '@unrs/resolver-binding-linux-ppc64-gnu': [ '1.11.1' ],
2338 silly audit   '@unrs/resolver-binding-linux-riscv64-gnu': [ '1.11.1' ],
2338 silly audit   '@unrs/resolver-binding-linux-riscv64-musl': [ '1.11.1' ],
2338 silly audit   '@unrs/resolver-binding-linux-s390x-gnu': [ '1.11.1' ],
2338 silly audit   '@unrs/resolver-binding-linux-x64-gnu': [ '1.11.1' ],
2338 silly audit   '@unrs/resolver-binding-linux-x64-musl': [ '1.11.1' ],
2338 silly audit   '@unrs/resolver-binding-wasm32-wasi': [ '1.11.1' ],
2338 silly audit   '@unrs/resolver-binding-win32-arm64-msvc': [ '1.11.1' ],
2338 silly audit   '@unrs/resolver-binding-win32-ia32-msvc': [ '1.11.1' ],
2338 silly audit   '@unrs/resolver-binding-win32-x64-msvc': [ '1.11.1' ],
2338 silly audit   'napi-postinstall': [ '0.3.4' ],
2338 silly audit   '@napi-rs/wasm-runtime': [ '0.2.12' ],
2338 silly audit   '@emnapi/core': [ '1.10.0' ],
2338 silly audit   '@emnapi/runtime': [ '1.10.0' ],
2338 silly audit   '@tybys/wasm-util': [ '0.10.1' ],
2338 silly audit   '@emnapi/wasi-threads': [ '1.2.1' ],
2338 silly audit   punycode: [ '2.3.1' ],
2338 silly audit   isexe: [ '2.0.0' ],
2338 silly audit   'is-bigint': [ '1.1.0' ],
2338 silly audit   'is-boolean-object': [ '1.2.2' ],
2338 silly audit   'is-number-object': [ '1.1.1' ],
2338 silly audit   'is-async-function': [ '2.1.1' ],
2338 silly audit   'is-finalizationregistry': [ '1.1.1' ],
2338 silly audit   'is-generator-function': [ '1.1.2' ],
2338 silly audit   'which-collection': [ '1.0.2' ],
2338 silly audit   'async-function': [ '1.0.0' ],
2338 silly audit   'generator-function': [ '2.0.1' ],
2338 silly audit   'is-map': [ '2.0.3' ],
2338 silly audit   'is-weakmap': [ '2.0.2' ],
2338 silly audit   'is-weakset': [ '2.0.4' ],
2338 silly audit   'fs.realpath': [ '1.0.0' ],
2338 silly audit   inflight: [ '1.0.6' ],
2338 silly audit   inherits: [ '2.0.4' ],
2338 silly audit   once: [ '1.4.0' ],
2338 silly audit   'path-is-absolute': [ '1.0.1' ],
2338 silly audit   wrappy: [ '1.0.2' ]
2338 silly audit }
2339 http cache wrappy@https://registry.npmjs.org/wrappy/-/wrappy-1.0.2.tgz 0ms (cache hit)
2340 http cache path-is-absolute@https://registry.npmjs.org/path-is-absolute/-/path-is-absolute-1.0.1.tgz 0ms (cache hit)
2341 http cache once@https://registry.npmjs.org/once/-/once-1.4.0.tgz 0ms (cache hit)
2342 http cache inflight@https://registry.npmjs.org/inflight/-/inflight-1.0.6.tgz 0ms (cache hit)
2343 http cache fs.realpath@https://registry.npmjs.org/fs.realpath/-/fs.realpath-1.0.0.tgz 0ms (cache hit)
2344 http cache inherits@https://registry.npmjs.org/inherits/-/inherits-2.0.4.tgz 0ms (cache hit)
2345 http cache is-weakset@https://registry.npmjs.org/is-weakset/-/is-weakset-2.0.4.tgz 0ms (cache hit)
2346 http cache is-weakmap@https://registry.npmjs.org/is-weakmap/-/is-weakmap-2.0.2.tgz 0ms (cache hit)
2347 http cache is-map@https://registry.npmjs.org/is-map/-/is-map-2.0.3.tgz 0ms (cache hit)
2348 http cache generator-function@https://registry.npmjs.org/generator-function/-/generator-function-2.0.1.tgz 0ms (cache hit)
2349 http cache async-function@https://registry.npmjs.org/async-function/-/async-function-1.0.0.tgz 0ms (cache hit)
2350 http cache which-collection@https://registry.npmjs.org/which-collection/-/which-collection-1.0.2.tgz 0ms (cache hit)
2351 http cache is-generator-function@https://registry.npmjs.org/is-generator-function/-/is-generator-function-1.1.2.tgz 0ms (cache hit)
2352 http cache is-finalizationregistry@https://registry.npmjs.org/is-finalizationregistry/-/is-finalizationregistry-1.1.1.tgz 0ms (cache hit)
2353 http cache is-number-object@https://registry.npmjs.org/is-number-object/-/is-number-object-1.1.1.tgz 0ms (cache hit)
2354 http cache is-bigint@https://registry.npmjs.org/is-bigint/-/is-bigint-1.1.0.tgz 0ms (cache hit)
2355 http cache isexe@https://registry.npmjs.org/isexe/-/isexe-2.0.0.tgz 0ms (cache hit)
2356 http cache is-boolean-object@https://registry.npmjs.org/is-boolean-object/-/is-boolean-object-1.2.2.tgz 0ms (cache hit)
2357 http cache punycode@https://registry.npmjs.org/punycode/-/punycode-2.3.1.tgz 0ms (cache hit)
2358 http cache @unrs/resolver-binding-darwin-arm64@https://registry.npmjs.org/@unrs/resolver-binding-darwin-arm64/-/resolver-binding-darwin-arm64-1.11.1.tgz 0ms (cache hit)
2359 http cache which-boxed-primitive@https://registry.npmjs.org/which-boxed-primitive/-/which-boxed-primitive-1.1.1.tgz 0ms (cache hit)
2360 http cache napi-postinstall@https://registry.npmjs.org/napi-postinstall/-/napi-postinstall-0.3.4.tgz 0ms (cache hit)
2361 http cache has-bigints@https://registry.npmjs.org/has-bigints/-/has-bigints-1.1.0.tgz 0ms (cache hit)
2362 http cache reflect.getprototypeof@https://registry.npmjs.org/reflect.getprototypeof/-/reflect.getprototypeof-1.0.10.tgz 0ms (cache hit)
2363 http cache for-each@https://registry.npmjs.org/for-each/-/for-each-0.3.5.tgz 0ms (cache hit)
2364 http cache strip-bom@https://registry.npmjs.org/strip-bom/-/strip-bom-3.0.0.tgz 0ms (cache hit)
2365 http cache minimist@https://registry.npmjs.org/minimist/-/minimist-1.2.8.tgz 0ms (cache hit)
2366 http cache which-builtin-type@https://registry.npmjs.org/which-builtin-type/-/which-builtin-type-1.2.1.tgz 0ms (cache hit)
2367 http cache json5@https://registry.npmjs.org/json5/-/json5-1.0.2.tgz 0ms (cache hit)
2368 http cache is-number@https://registry.npmjs.org/is-number/-/is-number-7.0.0.tgz 0ms (cache hit)
2369 http cache is-async-function@https://registry.npmjs.org/is-async-function/-/is-async-function-2.1.1.tgz 0ms (cache hit)
2370 http cache @types/json5@https://registry.npmjs.org/@types/json5/-/json5-0.0.29.tgz 0ms (cache hit)
2371 http cache thenify@https://registry.npmjs.org/thenify/-/thenify-3.3.1.tgz 0ms (cache hit)
2372 http cache thenify-all@https://registry.npmjs.org/thenify-all/-/thenify-all-1.6.0.tgz 0ms (cache hit)
2373 http cache @jridgewell/resolve-uri@https://registry.npmjs.org/@jridgewell/resolve-uri/-/resolve-uri-3.1.2.tgz 0ms (cache hit)
2374 http cache @jridgewell/trace-mapping@https://registry.npmjs.org/@jridgewell/trace-mapping/-/trace-mapping-0.3.31.tgz 0ms (cache hit)
2375 http cache any-promise@https://registry.npmjs.org/any-promise/-/any-promise-1.3.0.tgz 0ms (cache hit)
2376 http cache @jridgewell/sourcemap-codec@https://registry.npmjs.org/@jridgewell/sourcemap-codec/-/sourcemap-codec-1.5.5.tgz 0ms (cache hit)
2377 http cache ts-interface-checker@https://registry.npmjs.org/ts-interface-checker/-/ts-interface-checker-0.1.13.tgz 0ms (cache hit)
2378 http cache pirates@https://registry.npmjs.org/pirates/-/pirates-4.0.7.tgz 0ms (cache hit)
2379 http cache mz@https://registry.npmjs.org/mz/-/mz-2.7.0.tgz 0ms (cache hit)
2380 http cache lines-and-columns@https://registry.npmjs.org/lines-and-columns/-/lines-and-columns-1.2.4.tgz 0ms (cache hit)
2381 http cache commander@https://registry.npmjs.org/commander/-/commander-4.1.1.tgz 0ms (cache hit)
2382 http cache pify@https://registry.npmjs.org/pify/-/pify-2.3.0.tgz 0ms (cache hit)
2383 http cache @jridgewell/gen-mapping@https://registry.npmjs.org/@jridgewell/gen-mapping/-/gen-mapping-0.3.13.tgz 0ms (cache hit)
2384 http cache util-deprecate@https://registry.npmjs.org/util-deprecate/-/util-deprecate-1.0.2.tgz 0ms (cache hit)
2385 http cache cssesc@https://registry.npmjs.org/cssesc/-/cssesc-3.0.0.tgz 0ms (cache hit)
2386 http cache camelcase-css@https://registry.npmjs.org/camelcase-css/-/camelcase-css-2.0.1.tgz 0ms (cache hit)
2387 http cache read-cache@https://registry.npmjs.org/read-cache/-/read-cache-1.0.0.tgz 0ms (cache hit)
2388 http cache postcss-value-parser@https://registry.npmjs.org/postcss-value-parser/-/postcss-value-parser-4.2.0.tgz 0ms (cache hit)
2389 http cache binary-extensions@https://registry.npmjs.org/binary-extensions/-/binary-extensions-2.3.0.tgz 0ms (cache hit)
2390 http cache readdirp@https://registry.npmjs.org/readdirp/-/readdirp-3.6.0.tgz 0ms (cache hit)
2391 http cache is-binary-path@https://registry.npmjs.org/is-binary-path/-/is-binary-path-2.1.0.tgz 0ms (cache hit)
2392 http cache fsevents@https://registry.npmjs.org/fsevents/-/fsevents-2.3.3.tgz 0ms (cache hit)
2393 http cache anymatch@https://registry.npmjs.org/anymatch/-/anymatch-3.1.3.tgz 0ms (cache hit)
2394 http cache sucrase@https://registry.npmjs.org/sucrase/-/sucrase-3.35.1.tgz 0ms (cache hit)
2395 http cache postcss-selector-parser@https://registry.npmjs.org/postcss-selector-parser/-/postcss-selector-parser-6.1.2.tgz 0ms (cache hit)
2396 http cache postcss-nested@https://registry.npmjs.org/postcss-nested/-/postcss-nested-6.2.0.tgz 0ms (cache hit)
2397 http cache postcss-load-config@https://registry.npmjs.org/postcss-load-config/-/postcss-load-config-6.0.1.tgz 0ms (cache hit)
2398 http cache postcss-js@https://registry.npmjs.org/postcss-js/-/postcss-js-4.1.0.tgz 0ms (cache hit)
2399 http cache object-hash@https://registry.npmjs.org/object-hash/-/object-hash-3.0.0.tgz 0ms (cache hit)
2400 http cache postcss-import@https://registry.npmjs.org/postcss-import/-/postcss-import-15.1.0.tgz 0ms (cache hit)
2401 http cache normalize-path@https://registry.npmjs.org/normalize-path/-/normalize-path-3.0.0.tgz 0ms (cache hit)
2402 http cache jiti@https://registry.npmjs.org/jiti/-/jiti-1.21.7.tgz 0ms (cache hit)
2403 http cache dlv@https://registry.npmjs.org/dlv/-/dlv-1.1.3.tgz 0ms (cache hit)
2404 http cache didyoumean@https://registry.npmjs.org/didyoumean/-/didyoumean-1.2.2.tgz 0ms (cache hit)
2405 http cache chokidar@https://registry.npmjs.org/chokidar/-/chokidar-3.6.0.tgz 0ms (cache hit)
2406 http cache arg@https://registry.npmjs.org/arg/-/arg-5.0.2.tgz 0ms (cache hit)
2407 http cache lilconfig@https://registry.npmjs.org/lilconfig/-/lilconfig-3.1.3.tgz 0ms (cache hit)
2408 http cache @alloc/quick-lru@https://registry.npmjs.org/@alloc/quick-lru/-/quick-lru-5.2.0.tgz 0ms (cache hit)
2409 http cache has-flag@https://registry.npmjs.org/has-flag/-/has-flag-4.0.0.tgz 0ms (cache hit)
2410 http cache ansi-regex@https://registry.npmjs.org/ansi-regex/-/ansi-regex-5.0.1.tgz 0ms (cache hit)
2411 http cache eastasianwidth@https://registry.npmjs.org/eastasianwidth/-/eastasianwidth-0.2.0.tgz 0ms (cache hit)
2412 http cache is-fullwidth-code-point@https://registry.npmjs.org/is-fullwidth-code-point/-/is-fullwidth-code-point-3.0.0.tgz 0ms (cache hit)
2413 http cache side-channel-weakmap@https://registry.npmjs.org/side-channel-weakmap/-/side-channel-weakmap-1.0.2.tgz 0ms (cache hit)
2414 http cache client-only@https://registry.npmjs.org/client-only/-/client-only-0.0.1.tgz 0ms (cache hit)
2415 http cache side-channel-map@https://registry.npmjs.org/side-channel-map/-/side-channel-map-1.0.1.tgz 0ms (cache hit)
2416 http cache side-channel-list@https://registry.npmjs.org/side-channel-list/-/side-channel-list-1.0.1.tgz 0ms (cache hit)
2417 http cache queue-microtask@https://registry.npmjs.org/queue-microtask/-/queue-microtask-1.2.3.tgz 0ms (cache hit)
2418 http cache supports-preserve-symlinks-flag@https://registry.npmjs.org/supports-preserve-symlinks-flag/-/supports-preserve-symlinks-flag-1.0.0.tgz 0ms (cache hit)
2419 http cache shebang-regex@https://registry.npmjs.org/shebang-regex/-/shebang-regex-3.0.0.tgz 0ms (cache hit)
2420 http cache isarray@https://registry.npmjs.org/isarray/-/isarray-2.0.5.tgz 0ms (cache hit)
2421 http cache path-parse@https://registry.npmjs.org/path-parse/-/path-parse-1.0.7.tgz 0ms (cache hit)
2422 http cache node-exports-info@https://registry.npmjs.org/node-exports-info/-/node-exports-info-1.6.0.tgz 0ms (cache hit)
2423 http cache scheduler@https://registry.npmjs.org/scheduler/-/scheduler-0.23.2.tgz 0ms (cache hit)
2424 http cache js-tokens@https://registry.npmjs.org/js-tokens/-/js-tokens-4.0.0.tgz 0ms (cache hit)
2425 http cache react-is@https://registry.npmjs.org/react-is/-/react-is-16.13.1.tgz 0ms (cache hit)
2426 http cache object-assign@https://registry.npmjs.org/object-assign/-/object-assign-4.1.1.tgz 0ms (cache hit)
2427 http cache picocolors@https://registry.npmjs.org/picocolors/-/picocolors-1.1.1.tgz 0ms (cache hit)
2428 http cache nanoid@https://registry.npmjs.org/nanoid/-/nanoid-3.3.11.tgz 0ms (cache hit)
2429 http cache source-map-js@https://registry.npmjs.org/source-map-js/-/source-map-js-1.2.1.tgz 0ms (cache hit)
2430 http cache loose-envify@https://registry.npmjs.org/loose-envify/-/loose-envify-1.4.0.tgz 0ms (cache hit)
2431 http cache lru-cache@https://registry.npmjs.org/lru-cache/-/lru-cache-10.4.3.tgz 0ms (cache hit)
2432 http cache callsites@https://registry.npmjs.org/callsites/-/callsites-3.1.0.tgz 0ms (cache hit)
2433 http cache yocto-queue@https://registry.npmjs.org/yocto-queue/-/yocto-queue-0.1.0.tgz 0ms (cache hit)
2434 http cache p-limit@https://registry.npmjs.org/p-limit/-/p-limit-3.1.0.tgz 0ms (cache hit)
2435 http cache fast-levenshtein@https://registry.npmjs.org/fast-levenshtein/-/fast-levenshtein-2.0.6.tgz 0ms (cache hit)
2436 http cache word-wrap@https://registry.npmjs.org/word-wrap/-/word-wrap-1.2.5.tgz 0ms (cache hit)
2437 http cache deep-is@https://registry.npmjs.org/deep-is/-/deep-is-0.1.4.tgz 0ms (cache hit)
2438 http cache @swc/counter@https://registry.npmjs.org/@swc/counter/-/counter-0.1.3.tgz 0ms (cache hit)
2439 http cache styled-jsx@https://registry.npmjs.org/styled-jsx/-/styled-jsx-5.1.1.tgz 0ms (cache hit)
2440 http cache graceful-fs@https://registry.npmjs.org/graceful-fs/-/graceful-fs-4.2.11.tgz 0ms (cache hit)
2441 http cache caniuse-lite@https://registry.npmjs.org/caniuse-lite/-/caniuse-lite-1.0.30001791.tgz 0ms (cache hit)
2442 http cache busboy@https://registry.npmjs.org/busboy/-/busboy-1.6.0.tgz 0ms (cache hit)
2443 http cache @swc/helpers@https://registry.npmjs.org/@swc/helpers/-/helpers-0.5.5.tgz 0ms (cache hit)
2444 http cache @next/swc-darwin-arm64@https://registry.npmjs.org/@next/swc-darwin-arm64/-/swc-darwin-arm64-14.2.3.tgz 0ms (cache hit)
2445 http cache @next/env@https://registry.npmjs.org/@next/env/-/env-14.2.3.tgz 0ms (cache hit)
2446 http cache concat-map@https://registry.npmjs.org/concat-map/-/concat-map-0.0.1.tgz 0ms (cache hit)
2447 http cache balanced-match@https://registry.npmjs.org/balanced-match/-/balanced-match-1.0.2.tgz 0ms (cache hit)
2448 http cache to-regex-range@https://registry.npmjs.org/to-regex-range/-/to-regex-range-5.0.1.tgz 0ms (cache hit)
2449 http cache brace-expansion@https://registry.npmjs.org/brace-expansion/-/brace-expansion-1.1.14.tgz 0ms (cache hit)
2450 http cache fill-range@https://registry.npmjs.org/fill-range/-/fill-range-7.1.1.tgz 0ms (cache hit)
2451 http cache streamsearch@https://registry.npmjs.org/streamsearch/-/streamsearch-1.1.0.tgz 0ms (cache hit)
2452 http cache picomatch@https://registry.npmjs.org/picomatch/-/picomatch-2.3.2.tgz 0ms (cache hit)
2453 http cache braces@https://registry.npmjs.org/braces/-/braces-3.0.3.tgz 0ms (cache hit)
2454 http cache p-locate@https://registry.npmjs.org/p-locate/-/p-locate-5.0.0.tgz 0ms (cache hit)
2455 http cache prelude-ls@https://registry.npmjs.org/prelude-ls/-/prelude-ls-1.2.1.tgz 0ms (cache hit)
2456 http cache type-check@https://registry.npmjs.org/type-check/-/type-check-0.4.0.tgz 0ms (cache hit)
2457 http cache json-buffer@https://registry.npmjs.org/json-buffer/-/json-buffer-3.0.1.tgz 0ms (cache hit)
2458 http cache language-subtag-registry@https://registry.npmjs.org/language-subtag-registry/-/language-subtag-registry-0.3.23.tgz 0ms (cache hit)
2459 http cache wrap-ansi-cjs@https://registry.npmjs.org/wrap-ansi/-/wrap-ansi-7.0.0.tgz 0ms (cache hit)
2460 http cache wrap-ansi@https://registry.npmjs.org/wrap-ansi/-/wrap-ansi-8.1.0.tgz 0ms (cache hit)
2461 http cache strip-ansi-cjs@https://registry.npmjs.org/strip-ansi/-/strip-ansi-6.0.1.tgz 0ms (cache hit)
2462 http cache string-width-cjs@https://registry.npmjs.org/string-width/-/string-width-4.2.3.tgz 0ms (cache hit)
2463 http cache string-width@https://registry.npmjs.org/string-width/-/string-width-5.1.2.tgz 0ms (cache hit)
2464 http cache @pkgjs/parseargs@https://registry.npmjs.org/@pkgjs/parseargs/-/parseargs-0.11.0.tgz 0ms (cache hit)
2465 http cache @isaacs/cliui@https://registry.npmjs.org/@isaacs/cliui/-/cliui-8.0.2.tgz 0ms (cache hit)
2466 http cache set-function-name@https://registry.npmjs.org/set-function-name/-/set-function-name-2.0.2.tgz 0ms (cache hit)
2467 http cache is-extglob@https://registry.npmjs.org/is-extglob/-/is-extglob-2.1.1.tgz 0ms (cache hit)
2468 http cache side-channel@https://registry.npmjs.org/side-channel/-/side-channel-1.1.0.tgz 0ms (cache hit)
2469 http cache parent-module@https://registry.npmjs.org/parent-module/-/parent-module-1.0.1.tgz 0ms (cache hit)
2470 http cache resolve-from@https://registry.npmjs.org/resolve-from/-/resolve-from-4.0.0.tgz 0ms (cache hit)
2471 http cache micromatch@https://registry.npmjs.org/micromatch/-/micromatch-4.0.8.tgz 0ms (cache hit)
2472 http cache path-type@https://registry.npmjs.org/path-type/-/path-type-4.0.0.tgz 0ms (cache hit)
2473 http cache slash@https://registry.npmjs.org/slash/-/slash-3.0.0.tgz 0ms (cache hit)
2474 http cache fast-glob@https://registry.npmjs.org/fast-glob/-/fast-glob-3.3.3.tgz 0ms (cache hit)
2475 http cache dir-glob@https://registry.npmjs.org/dir-glob/-/dir-glob-3.0.1.tgz 0ms (cache hit)
2476 http cache merge2@https://registry.npmjs.org/merge2/-/merge2-1.4.1.tgz 0ms (cache hit)
2477 http cache array-union@https://registry.npmjs.org/array-union/-/array-union-2.1.0.tgz 0ms (cache hit)
2478 http cache type-fest@https://registry.npmjs.org/type-fest/-/type-fest-0.20.2.tgz 0ms (cache hit)
2479 http cache signal-exit@https://registry.npmjs.org/signal-exit/-/signal-exit-4.1.0.tgz 0ms (cache hit)
2480 http cache path-scurry@https://registry.npmjs.org/path-scurry/-/path-scurry-1.11.1.tgz 0ms (cache hit)
2481 http cache minipass@https://registry.npmjs.org/minipass/-/minipass-7.1.3.tgz 0ms (cache hit)
2482 http cache argparse@https://registry.npmjs.org/argparse/-/argparse-2.0.1.tgz 0ms (cache hit)
2483 http cache jackspeak@https://registry.npmjs.org/jackspeak/-/jackspeak-2.3.6.tgz 0ms (cache hit)
2484 http cache foreground-child@https://registry.npmjs.org/foreground-child/-/foreground-child-3.3.1.tgz 0ms (cache hit)
2485 http cache resolve-pkg-maps@https://registry.npmjs.org/resolve-pkg-maps/-/resolve-pkg-maps-1.0.0.tgz 0ms (cache hit)
2486 http cache dunder-proto@https://registry.npmjs.org/dunder-proto/-/dunder-proto-1.0.1.tgz 0ms (cache hit)
2487 http cache functions-have-names@https://registry.npmjs.org/functions-have-names/-/functions-have-names-1.2.3.tgz 0ms (cache hit)
2488 http cache flatted@https://registry.npmjs.org/flatted/-/flatted-3.4.2.tgz 0ms (cache hit)
2489 http cache path-exists@https://registry.npmjs.org/path-exists/-/path-exists-4.0.0.tgz 0ms (cache hit)
2490 http cache locate-path@https://registry.npmjs.org/locate-path/-/locate-path-6.0.0.tgz 0ms (cache hit)
2491 http cache flat-cache@https://registry.npmjs.org/flat-cache/-/flat-cache-3.2.0.tgz 0ms (cache hit)
2492 http cache keyv@https://registry.npmjs.org/keyv/-/keyv-4.5.4.tgz 0ms (cache hit)
2493 http cache reusify@https://registry.npmjs.org/reusify/-/reusify-1.1.0.tgz 0ms (cache hit)
2494 http cache acorn-jsx@https://registry.npmjs.org/acorn-jsx/-/acorn-jsx-5.3.2.tgz 0ms (cache hit)
2495 http cache acorn@https://registry.npmjs.org/acorn/-/acorn-8.16.0.tgz 0ms (cache hit)
2496 http cache rimraf@https://registry.npmjs.org/rimraf/-/rimraf-3.0.2.tgz 0ms (cache hit)
2497 http cache esrecurse@https://registry.npmjs.org/esrecurse/-/esrecurse-4.3.0.tgz 0ms (cache hit)
2498 http cache string.prototype.matchall@https://registry.npmjs.org/string.prototype.matchall/-/string.prototype.matchall-4.0.12.tgz 0ms (cache hit)
2499 http cache prop-types@https://registry.npmjs.org/prop-types/-/prop-types-15.8.1.tgz 0ms (cache hit)
2500 http cache object.entries@https://registry.npmjs.org/object.entries/-/object.entries-1.1.9.tgz 0ms (cache hit)
2501 http cache estraverse@https://registry.npmjs.org/estraverse/-/estraverse-5.3.0.tgz 0ms (cache hit)
2502 http cache es-iterator-helpers@https://registry.npmjs.org/es-iterator-helpers/-/es-iterator-helpers-1.3.2.tgz 0ms (cache hit)
2503 http cache iterator.prototype@https://registry.npmjs.org/iterator.prototype/-/iterator.prototype-1.1.5.tgz 0ms (cache hit)
2504 http cache array.prototype.tosorted@https://registry.npmjs.org/array.prototype.tosorted/-/array.prototype.tosorted-1.1.4.tgz 0ms (cache hit)
2505 http cache array.prototype.findlast@https://registry.npmjs.org/array.prototype.findlast/-/array.prototype.findlast-1.2.5.tgz 0ms (cache hit)
2506 http cache string.prototype.includes@https://registry.npmjs.org/string.prototype.includes/-/string.prototype.includes-2.0.1.tgz 0ms (cache hit)
2507 http cache language-tags@https://registry.npmjs.org/language-tags/-/language-tags-1.0.9.tgz 0ms (cache hit)
2508 http cache damerau-levenshtein@https://registry.npmjs.org/damerau-levenshtein/-/damerau-levenshtein-1.0.8.tgz 0ms (cache hit)
2509 http cache jsx-ast-utils@https://registry.npmjs.org/jsx-ast-utils/-/jsx-ast-utils-3.3.5.tgz 0ms (cache hit)
2510 http cache string.prototype.repeat@https://registry.npmjs.org/string.prototype.repeat/-/string.prototype.repeat-1.0.0.tgz 0ms (cache hit)
2511 http cache axobject-query@https://registry.npmjs.org/axobject-query/-/axobject-query-4.1.0.tgz 0ms (cache hit)
2512 http cache emoji-regex@https://registry.npmjs.org/emoji-regex/-/emoji-regex-9.2.2.tgz 0ms (cache hit)
2513 http cache axe-core@https://registry.npmjs.org/axe-core/-/axe-core-4.11.3.tgz 0ms (cache hit)
2514 http cache is-symbol@https://registry.npmjs.org/is-symbol/-/is-symbol-1.1.1.tgz 0ms (cache hit)
2515 http cache has-tostringtag@https://registry.npmjs.org/has-tostringtag/-/has-tostringtag-1.0.2.tgz 0ms (cache hit)
2516 http cache ast-types-flow@https://registry.npmjs.org/ast-types-flow/-/ast-types-flow-0.0.8.tgz 0ms (cache hit)
2517 http cache is-date-object@https://registry.npmjs.org/is-date-object/-/is-date-object-1.1.0.tgz 0ms (cache hit)
2518 http cache possible-typed-array-names@https://registry.npmjs.org/possible-typed-array-names/-/possible-typed-array-names-1.1.0.tgz 0ms (cache hit)
2519 http cache unbox-primitive@https://registry.npmjs.org/unbox-primitive/-/unbox-primitive-1.1.0.tgz 0ms (cache hit)
2520 http cache which-typed-array@https://registry.npmjs.org/which-typed-array/-/which-typed-array-1.1.20.tgz 0ms (cache hit)
2521 http cache typed-array-length@https://registry.npmjs.org/typed-array-length/-/typed-array-length-1.0.7.tgz 0ms (cache hit)
2522 http cache typed-array-byte-offset@https://registry.npmjs.org/typed-array-byte-offset/-/typed-array-byte-offset-1.0.4.tgz 0ms (cache hit)
2523 http cache typed-array-byte-length@https://registry.npmjs.org/typed-array-byte-length/-/typed-array-byte-length-1.0.3.tgz 0ms (cache hit)
2524 http cache typed-array-buffer@https://registry.npmjs.org/typed-array-buffer/-/typed-array-buffer-1.0.3.tgz 0ms (cache hit)
2525 http cache aria-query@https://registry.npmjs.org/aria-query/-/aria-query-5.3.2.tgz 0ms (cache hit)
2526 http cache string.prototype.trimstart@https://registry.npmjs.org/string.prototype.trimstart/-/string.prototype.trimstart-1.0.8.tgz 0ms (cache hit)
2527 http cache string.prototype.trim@https://registry.npmjs.org/string.prototype.trim/-/string.prototype.trim-1.2.10.tgz 0ms (cache hit)
2528 http cache set-proto@https://registry.npmjs.org/set-proto/-/set-proto-1.0.0.tgz 0ms (cache hit)
2529 http cache safe-regex-test@https://registry.npmjs.org/safe-regex-test/-/safe-regex-test-1.1.0.tgz 0ms (cache hit)
2530 http cache stop-iteration-iterator@https://registry.npmjs.org/stop-iteration-iterator/-/stop-iteration-iterator-1.1.0.tgz 0ms (cache hit)
2531 http cache own-keys@https://registry.npmjs.org/own-keys/-/own-keys-1.0.1.tgz 0ms (cache hit)
2532 http cache regexp.prototype.flags@https://registry.npmjs.org/regexp.prototype.flags/-/regexp.prototype.flags-1.5.4.tgz 0ms (cache hit)
2533 http cache safe-array-concat@https://registry.npmjs.org/safe-array-concat/-/safe-array-concat-1.1.4.tgz 0ms (cache hit)
2534 http cache object-inspect@https://registry.npmjs.org/object-inspect/-/object-inspect-1.13.4.tgz 0ms (cache hit)
2535 http cache is-weakref@https://registry.npmjs.org/is-weakref/-/is-weakref-1.1.1.tgz 0ms (cache hit)
2536 http cache object.assign@https://registry.npmjs.org/object.assign/-/object.assign-4.1.7.tgz 0ms (cache hit)
2537 http cache safe-push-apply@https://registry.npmjs.org/safe-push-apply/-/safe-push-apply-1.0.0.tgz 0ms (cache hit)
2538 http cache is-typed-array@https://registry.npmjs.org/is-typed-array/-/is-typed-array-1.1.15.tgz 0ms (cache hit)
2539 http cache is-set@https://registry.npmjs.org/is-set/-/is-set-2.0.3.tgz 0ms (cache hit)
2540 http cache is-regex@https://registry.npmjs.org/is-regex/-/is-regex-1.2.1.tgz 0ms (cache hit)
2541 http cache is-data-view@https://registry.npmjs.org/is-data-view/-/is-data-view-1.0.2.tgz 0ms (cache hit)
2542 http cache is-negative-zero@https://registry.npmjs.org/is-negative-zero/-/is-negative-zero-2.0.3.tgz 0ms (cache hit)
2543 http cache is-callable@https://registry.npmjs.org/is-callable/-/is-callable-1.2.7.tgz 0ms (cache hit)
2544 http cache internal-slot@https://registry.npmjs.org/internal-slot/-/internal-slot-1.1.0.tgz 0ms (cache hit)
2545 http cache is-array-buffer@https://registry.npmjs.org/is-array-buffer/-/is-array-buffer-3.0.5.tgz 0ms (cache hit)
2546 http cache has-proto@https://registry.npmjs.org/has-proto/-/has-proto-1.2.0.tgz 0ms (cache hit)
2547 http cache has-symbols@https://registry.npmjs.org/has-symbols/-/has-symbols-1.1.0.tgz 0ms (cache hit)
2548 http cache globalthis@https://registry.npmjs.org/globalthis/-/globalthis-1.0.4.tgz 0ms (cache hit)
2549 http cache get-symbol-description@https://registry.npmjs.org/get-symbol-description/-/get-symbol-description-1.1.0.tgz 0ms (cache hit)
2550 http cache get-proto@https://registry.npmjs.org/get-proto/-/get-proto-1.0.1.tgz 0ms (cache hit)
2551 http cache function.prototype.name@https://registry.npmjs.org/function.prototype.name/-/function.prototype.name-1.1.8.tgz 0ms (cache hit)
2552 http cache es-to-primitive@https://registry.npmjs.org/es-to-primitive/-/es-to-primitive-1.3.0.tgz 0ms (cache hit)
2553 http cache es-set-tostringtag@https://registry.npmjs.org/es-set-tostringtag/-/es-set-tostringtag-2.1.0.tgz 0ms (cache hit)
2554 http cache data-view-byte-offset@https://registry.npmjs.org/data-view-byte-offset/-/data-view-byte-offset-1.0.1.tgz 0ms (cache hit)
2555 http cache data-view-byte-length@https://registry.npmjs.org/data-view-byte-length/-/data-view-byte-length-1.0.2.tgz 0ms (cache hit)
2556 http cache data-view-buffer@https://registry.npmjs.org/data-view-buffer/-/data-view-buffer-1.0.2.tgz 0ms (cache hit)
2557 http cache available-typed-arrays@https://registry.npmjs.org/available-typed-arrays/-/available-typed-arrays-1.0.7.tgz 0ms (cache hit)
2558 http cache arraybuffer.prototype.slice@https://registry.npmjs.org/arraybuffer.prototype.slice/-/arraybuffer.prototype.slice-1.0.4.tgz 0ms (cache hit)
2559 http cache array-buffer-byte-length@https://registry.npmjs.org/array-buffer-byte-length/-/array-buffer-byte-length-1.0.2.tgz 0ms (cache hit)
2560 http cache gopd@https://registry.npmjs.org/gopd/-/gopd-1.2.0.tgz 0ms (cache hit)
2561 http cache object-keys@https://registry.npmjs.org/object-keys/-/object-keys-1.1.1.tgz 0ms (cache hit)
2562 http cache define-data-property@https://registry.npmjs.org/define-data-property/-/define-data-property-1.1.4.tgz 0ms (cache hit)
2563 http cache has-property-descriptors@https://registry.npmjs.org/has-property-descriptors/-/has-property-descriptors-1.0.2.tgz 0ms (cache hit)
2564 http cache function-bind@https://registry.npmjs.org/function-bind/-/function-bind-1.1.2.tgz 0ms (cache hit)
2565 http cache set-function-length@https://registry.npmjs.org/set-function-length/-/set-function-length-1.2.2.tgz 0ms (cache hit)
2566 http cache es-define-property@https://registry.npmjs.org/es-define-property/-/es-define-property-1.0.1.tgz 0ms (cache hit)
2567 http cache is-shared-array-buffer@https://registry.npmjs.org/is-shared-array-buffer/-/is-shared-array-buffer-1.0.4.tgz 0ms (cache hit)
2568 http cache es-shim-unscopables@https://registry.npmjs.org/es-shim-unscopables/-/es-shim-unscopables-1.1.0.tgz 0ms (cache hit)
2569 http cache es-errors@https://registry.npmjs.org/es-errors/-/es-errors-1.3.0.tgz 0ms (cache hit)
2570 http cache call-bind-apply-helpers@https://registry.npmjs.org/call-bind-apply-helpers/-/call-bind-apply-helpers-1.0.2.tgz 0ms (cache hit)
2571 http cache get-intrinsic@https://registry.npmjs.org/get-intrinsic/-/get-intrinsic-1.3.0.tgz 0ms (cache hit)
2572 http cache is-string@https://registry.npmjs.org/is-string/-/is-string-1.1.1.tgz 0ms (cache hit)
2573 http cache es-object-atoms@https://registry.npmjs.org/es-object-atoms/-/es-object-atoms-1.1.1.tgz 0ms (cache hit)
2574 http cache es-abstract@https://registry.npmjs.org/es-abstract/-/es-abstract-1.24.2.tgz 0ms (cache hit)
2575 http cache define-properties@https://registry.npmjs.org/define-properties/-/define-properties-1.2.1.tgz 0ms (cache hit)
2576 http cache call-bound@https://registry.npmjs.org/call-bound/-/call-bound-1.0.4.tgz 0ms (cache hit)
2577 http cache call-bind@https://registry.npmjs.org/call-bind/-/call-bind-1.0.9.tgz 0ms (cache hit)
2578 http cache tsconfig-paths@https://registry.npmjs.org/tsconfig-paths/-/tsconfig-paths-3.15.0.tgz 0ms (cache hit)
2579 http cache string.prototype.trimend@https://registry.npmjs.org/string.prototype.trimend/-/string.prototype.trimend-1.0.9.tgz 0ms (cache hit)
2580 http cache math-intrinsics@https://registry.npmjs.org/math-intrinsics/-/math-intrinsics-1.1.0.tgz 0ms (cache hit)
2581 http cache object.groupby@https://registry.npmjs.org/object.groupby/-/object.groupby-1.0.3.tgz 0ms (cache hit)
2582 http cache hasown@https://registry.npmjs.org/hasown/-/hasown-2.0.3.tgz 0ms (cache hit)
2583 http cache eslint-module-utils@https://registry.npmjs.org/eslint-module-utils/-/eslint-module-utils-2.12.1.tgz 0ms (cache hit)
2584 http cache array.prototype.flatmap@https://registry.npmjs.org/array.prototype.flatmap/-/array.prototype.flatmap-1.3.3.tgz 0ms (cache hit)
2585 http cache array.prototype.flat@https://registry.npmjs.org/array.prototype.flat/-/array.prototype.flat-1.3.3.tgz 0ms (cache hit)
2586 http cache array.prototype.findlastindex@https://registry.npmjs.org/array.prototype.findlastindex/-/array.prototype.findlastindex-1.2.6.tgz 0ms (cache hit)
2587 http cache array-includes@https://registry.npmjs.org/array-includes/-/array-includes-3.1.9.tgz 0ms (cache hit)
2588 http cache @rtsao/scc@https://registry.npmjs.org/@rtsao/scc/-/scc-1.1.0.tgz 0ms (cache hit)
2589 http cache object.fromentries@https://registry.npmjs.org/object.fromentries/-/object.fromentries-2.0.8.tgz 0ms (cache hit)
2590 http cache unrs-resolver@https://registry.npmjs.org/unrs-resolver/-/unrs-resolver-1.11.1.tgz 0ms (cache hit)
2591 http cache stable-hash@https://registry.npmjs.org/stable-hash/-/stable-hash-0.0.5.tgz 0ms (cache hit)
2592 http cache tinyglobby@https://registry.npmjs.org/tinyglobby/-/tinyglobby-0.2.16.tgz 0ms (cache hit)
2593 http cache is-bun-module@https://registry.npmjs.org/is-bun-module/-/is-bun-module-2.0.0.tgz 0ms (cache hit)
2594 http cache get-tsconfig@https://registry.npmjs.org/get-tsconfig/-/get-tsconfig-4.14.0.tgz 0ms (cache hit)
2595 http cache object.values@https://registry.npmjs.org/object.values/-/object.values-1.2.1.tgz 0ms (cache hit)
2596 http cache @nolyfill/is-core-module@https://registry.npmjs.org/@nolyfill/is-core-module/-/is-core-module-1.0.39.tgz 0ms (cache hit)
2597 http cache resolve@https://registry.npmjs.org/resolve/-/resolve-2.0.0-next.6.tgz 0ms (cache hit)
2598 http cache is-core-module@https://registry.npmjs.org/is-core-module/-/is-core-module-2.16.1.tgz 0ms (cache hit)
2599 http cache ts-api-utils@https://registry.npmjs.org/ts-api-utils/-/ts-api-utils-1.4.3.tgz 0ms (cache hit)
2600 http cache semver@https://registry.npmjs.org/semver/-/semver-7.7.4.tgz 0ms (cache hit)
2601 http cache globby@https://registry.npmjs.org/globby/-/globby-11.1.0.tgz 0ms (cache hit)
2602 http cache @typescript-eslint/visitor-keys@https://registry.npmjs.org/@typescript-eslint/visitor-keys/-/visitor-keys-7.2.0.tgz 0ms (cache hit)
2603 http cache @typescript-eslint/typescript-estree@https://registry.npmjs.org/@typescript-eslint/typescript-estree/-/typescript-estree-7.2.0.tgz 0ms (cache hit)
2604 http cache @typescript-eslint/types@https://registry.npmjs.org/@typescript-eslint/types/-/types-7.2.0.tgz 0ms (cache hit)
2605 http cache @typescript-eslint/scope-manager@https://registry.npmjs.org/@typescript-eslint/scope-manager/-/scope-manager-7.2.0.tgz 0ms (cache hit)
2606 http cache glob@https://registry.npmjs.org/glob/-/glob-10.3.10.tgz 0ms (cache hit)
2607 http cache eslint-plugin-react-hooks@https://registry.npmjs.org/eslint-plugin-react-hooks/-/eslint-plugin-react-hooks-5.0.0-canary-7118f5dd7-20230705.tgz 0ms (cache hit)
2608 http cache eslint-plugin-react@https://registry.npmjs.org/eslint-plugin-react/-/eslint-plugin-react-7.37.5.tgz 0ms (cache hit)
2609 http cache eslint-plugin-jsx-a11y@https://registry.npmjs.org/eslint-plugin-jsx-a11y/-/eslint-plugin-jsx-a11y-6.10.2.tgz 0ms (cache hit)
2610 http cache eslint-plugin-import@https://registry.npmjs.org/eslint-plugin-import/-/eslint-plugin-import-2.32.0.tgz 0ms (cache hit)
2611 http cache eslint-import-resolver-typescript@https://registry.npmjs.org/eslint-import-resolver-typescript/-/eslint-import-resolver-typescript-3.10.1.tgz 0ms (cache hit)
2612 http cache eslint-import-resolver-node@https://registry.npmjs.org/eslint-import-resolver-node/-/eslint-import-resolver-node-0.3.10.tgz 0ms (cache hit)
2613 http cache @typescript-eslint/parser@https://registry.npmjs.org/@typescript-eslint/parser/-/parser-7.2.0.tgz 0ms (cache hit)
2614 http cache @rushstack/eslint-patch@https://registry.npmjs.org/@rushstack/eslint-patch/-/eslint-patch-1.16.1.tgz 0ms (cache hit)
2615 http cache @next/eslint-plugin-next@https://registry.npmjs.org/@next/eslint-plugin-next/-/eslint-plugin-next-14.2.3.tgz 0ms (cache hit)
2616 http cache ms@https://registry.npmjs.org/ms/-/ms-2.1.3.tgz 0ms (cache hit)
2617 http cache which@https://registry.npmjs.org/which/-/which-2.0.2.tgz 0ms (cache hit)
2618 http cache shebang-command@https://registry.npmjs.org/shebang-command/-/shebang-command-2.0.0.tgz 0ms (cache hit)
2619 http cache color-name@https://registry.npmjs.org/color-name/-/color-name-1.1.4.tgz 0ms (cache hit)
2620 http cache supports-color@https://registry.npmjs.org/supports-color/-/supports-color-7.2.0.tgz 0ms (cache hit)
2621 http cache ansi-styles@https://registry.npmjs.org/ansi-styles/-/ansi-styles-4.3.0.tgz 0ms (cache hit)
2622 http cache color-convert@https://registry.npmjs.org/color-convert/-/color-convert-2.0.1.tgz 0ms (cache hit)
2623 http cache uri-js@https://registry.npmjs.org/uri-js/-/uri-js-4.4.1.tgz 0ms (cache hit)
2624 http cache path-key@https://registry.npmjs.org/path-key/-/path-key-3.1.1.tgz 0ms (cache hit)
2625 http cache json-schema-traverse@https://registry.npmjs.org/json-schema-traverse/-/json-schema-traverse-0.4.1.tgz 0ms (cache hit)
2626 http cache fast-json-stable-stringify@https://registry.npmjs.org/fast-json-stable-stringify/-/fast-json-stable-stringify-2.1.0.tgz 0ms (cache hit)
2627 http cache run-parallel@https://registry.npmjs.org/run-parallel/-/run-parallel-1.2.0.tgz 0ms (cache hit)
2628 http cache fastq@https://registry.npmjs.org/fastq/-/fastq-1.20.1.tgz 0ms (cache hit)
2629 http cache @nodelib/fs.scandir@https://registry.npmjs.org/@nodelib/fs.scandir/-/fs.scandir-2.1.5.tgz 0ms (cache hit)
2630 http cache strip-json-comments@https://registry.npmjs.org/strip-json-comments/-/strip-json-comments-3.1.1.tgz 0ms (cache hit)
2631 http cache @humanwhocodes/object-schema@https://registry.npmjs.org/@humanwhocodes/object-schema/-/object-schema-2.0.3.tgz 0ms (cache hit)
2632 http cache import-fresh@https://registry.npmjs.org/import-fresh/-/import-fresh-3.3.1.tgz 0ms (cache hit)
2633 http cache @nodelib/fs.stat@https://registry.npmjs.org/@nodelib/fs.stat/-/fs.stat-2.0.5.tgz 0ms (cache hit)
2634 http cache text-table@https://registry.npmjs.org/text-table/-/text-table-0.2.0.tgz 0ms (cache hit)
2635 http cache strip-ansi@https://registry.npmjs.org/strip-ansi/-/strip-ansi-6.0.1.tgz 0ms (cache hit)
2636 http cache optionator@https://registry.npmjs.org/optionator/-/optionator-0.9.4.tgz 0ms (cache hit)
2637 http cache natural-compare@https://registry.npmjs.org/natural-compare/-/natural-compare-1.4.0.tgz 0ms (cache hit)
2638 http cache minimatch@https://registry.npmjs.org/minimatch/-/minimatch-3.1.5.tgz 0ms (cache hit)
2639 http cache levn@https://registry.npmjs.org/levn/-/levn-0.4.1.tgz 0ms (cache hit)
2640 http cache lodash.merge@https://registry.npmjs.org/lodash.merge/-/lodash.merge-4.6.2.tgz 0ms (cache hit)
2641 http cache js-yaml@https://registry.npmjs.org/js-yaml/-/js-yaml-4.1.1.tgz 0ms (cache hit)
2642 http cache is-path-inside@https://registry.npmjs.org/is-path-inside/-/is-path-inside-3.0.3.tgz 0ms (cache hit)
2643 http cache is-glob@https://registry.npmjs.org/is-glob/-/is-glob-4.0.3.tgz 0ms (cache hit)
2644 http cache imurmurhash@https://registry.npmjs.org/imurmurhash/-/imurmurhash-0.1.4.tgz 0ms (cache hit)
2645 http cache json-stable-stringify-without-jsonify@https://registry.npmjs.org/json-stable-stringify-without-jsonify/-/json-stable-stringify-without-jsonify-1.0.1.tgz 0ms (cache hit)
2646 http cache ignore@https://registry.npmjs.org/ignore/-/ignore-5.3.2.tgz 0ms (cache hit)
2647 http cache graphemer@https://registry.npmjs.org/graphemer/-/graphemer-1.4.0.tgz 0ms (cache hit)
2648 http cache globals@https://registry.npmjs.org/globals/-/globals-13.24.0.tgz 0ms (cache hit)
2649 http cache glob-parent@https://registry.npmjs.org/glob-parent/-/glob-parent-6.0.2.tgz 0ms (cache hit)
2650 http cache find-up@https://registry.npmjs.org/find-up/-/find-up-5.0.0.tgz 0ms (cache hit)
2651 http cache file-entry-cache@https://registry.npmjs.org/file-entry-cache/-/file-entry-cache-6.0.1.tgz 0ms (cache hit)
2652 http cache esquery@https://registry.npmjs.org/esquery/-/esquery-1.7.0.tgz 0ms (cache hit)
2653 http cache eslint-visitor-keys@https://registry.npmjs.org/eslint-visitor-keys/-/eslint-visitor-keys-3.4.3.tgz 0ms (cache hit)
2654 http cache escape-string-regexp@https://registry.npmjs.org/escape-string-regexp/-/escape-string-regexp-4.0.0.tgz 0ms (cache hit)
2655 http cache eslint-scope@https://registry.npmjs.org/eslint-scope/-/eslint-scope-7.2.2.tgz 0ms (cache hit)
2656 http cache esutils@https://registry.npmjs.org/esutils/-/esutils-2.0.3.tgz 0ms (cache hit)
2657 http cache doctrine@https://registry.npmjs.org/doctrine/-/doctrine-3.0.0.tgz 0ms (cache hit)
2658 http cache debug@https://registry.npmjs.org/debug/-/debug-4.4.3.tgz 0ms (cache hit)
2659 http cache ajv@https://registry.npmjs.org/ajv/-/ajv-6.15.0.tgz 0ms (cache hit)
2660 http cache chalk@https://registry.npmjs.org/chalk/-/chalk-4.1.2.tgz 0ms (cache hit)
2661 http cache @nodelib/fs.walk@https://registry.npmjs.org/@nodelib/fs.walk/-/fs.walk-1.2.8.tgz 0ms (cache hit)
2662 http cache @ungap/structured-clone@https://registry.npmjs.org/@ungap/structured-clone/-/structured-clone-1.3.0.tgz 0ms (cache hit)
2663 http cache fast-deep-equal@https://registry.npmjs.org/fast-deep-equal/-/fast-deep-equal-3.1.3.tgz 0ms (cache hit)
2664 http cache espree@https://registry.npmjs.org/espree/-/espree-9.6.1.tgz 0ms (cache hit)
2665 http cache @humanwhocodes/config-array@https://registry.npmjs.org/@humanwhocodes/config-array/-/config-array-0.13.0.tgz 0ms (cache hit)
2666 http cache @humanwhocodes/module-importer@https://registry.npmjs.org/@humanwhocodes/module-importer/-/module-importer-1.0.1.tgz 0ms (cache hit)
2667 http cache @eslint/js@https://registry.npmjs.org/@eslint/js/-/js-8.57.1.tgz 0ms (cache hit)
2668 http cache @eslint-community/regexpp@https://registry.npmjs.org/@eslint-community/regexpp/-/regexpp-4.12.2.tgz 0ms (cache hit)
2669 http cache cross-spawn@https://registry.npmjs.org/cross-spawn/-/cross-spawn-7.0.6.tgz 0ms (cache hit)
2670 http cache @eslint-community/eslint-utils@https://registry.npmjs.org/@eslint-community/eslint-utils/-/eslint-utils-4.9.1.tgz 0ms (cache hit)
2671 http cache csstype@https://registry.npmjs.org/csstype/-/csstype-3.2.3.tgz 0ms (cache hit)
2672 http cache @types/prop-types@https://registry.npmjs.org/@types/prop-types/-/prop-types-15.7.15.tgz 0ms (cache hit)
2673 http cache @eslint/eslintrc@https://registry.npmjs.org/@eslint/eslintrc/-/eslintrc-2.1.4.tgz 0ms (cache hit)
2674 http cache undici-types@https://registry.npmjs.org/undici-types/-/undici-types-6.21.0.tgz 0ms (cache hit)
2675 http cache ws@https://registry.npmjs.org/ws/-/ws-8.20.0.tgz 0ms (cache hit)
2676 http cache iceberg-js@https://registry.npmjs.org/iceberg-js/-/iceberg-js-0.8.1.tgz 0ms (cache hit)
2677 http cache @supabase/phoenix@https://registry.npmjs.org/@supabase/phoenix/-/phoenix-0.4.1.tgz 0ms (cache hit)
2678 http cache @supabase/storage-js@https://registry.npmjs.org/@supabase/storage-js/-/storage-js-2.105.1.tgz 0ms (cache hit)
2679 http cache tslib@https://registry.npmjs.org/tslib/-/tslib-2.8.1.tgz 0ms (cache hit)
2680 http cache @types/ws@https://registry.npmjs.org/@types/ws/-/ws-8.18.1.tgz 0ms (cache hit)
2681 http cache @supabase/realtime-js@https://registry.npmjs.org/@supabase/realtime-js/-/realtime-js-2.105.1.tgz 0ms (cache hit)
2682 http cache typescript@https://registry.npmjs.org/typescript/-/typescript-5.9.3.tgz 0ms (cache hit)
2683 http cache @supabase/postgrest-js@https://registry.npmjs.org/@supabase/postgrest-js/-/postgrest-js-2.105.1.tgz 0ms (cache hit)
2684 http cache tailwindcss@https://registry.npmjs.org/tailwindcss/-/tailwindcss-3.4.19.tgz 0ms (cache hit)
2685 http cache @supabase/functions-js@https://registry.npmjs.org/@supabase/functions-js/-/functions-js-2.105.1.tgz 0ms (cache hit)
2686 http cache postcss@https://registry.npmjs.org/postcss/-/postcss-8.5.12.tgz 0ms (cache hit)
2687 http cache react-dom@https://registry.npmjs.org/react-dom/-/react-dom-18.3.1.tgz 0ms (cache hit)
2688 http cache @supabase/auth-js@https://registry.npmjs.org/@supabase/auth-js/-/auth-js-2.105.1.tgz 0ms (cache hit)
2689 http cache react@https://registry.npmjs.org/react/-/react-18.3.1.tgz 0ms (cache hit)
2690 http cache lucide-react@https://registry.npmjs.org/lucide-react/-/lucide-react-0.379.0.tgz 0ms (cache hit)
2691 http cache eslint-config-next@https://registry.npmjs.org/eslint-config-next/-/eslint-config-next-14.2.3.tgz 0ms (cache hit)
2692 http cache eslint@https://registry.npmjs.org/eslint/-/eslint-8.57.1.tgz 0ms (cache hit)
2693 http cache @types/react-dom@https://registry.npmjs.org/@types/react-dom/-/react-dom-18.3.7.tgz 0ms (cache hit)
2694 http cache next@https://registry.npmjs.org/next/-/next-14.2.3.tgz 0ms (cache hit)
2695 http cache @types/react@https://registry.npmjs.org/@types/react/-/react-18.3.28.tgz 0ms (cache hit)
2696 http cache @types/node@https://registry.npmjs.org/@types/node/-/node-20.19.39.tgz 0ms (cache hit)
2697 http cache resolve@https://registry.npmjs.org/resolve/-/resolve-1.22.12.tgz 0ms (cache hit)
2698 http cache glob-parent@https://registry.npmjs.org/glob-parent/-/glob-parent-5.1.2.tgz 0ms (cache hit)
2699 http cache semver@https://registry.npmjs.org/semver/-/semver-6.3.1.tgz 0ms (cache hit)
2700 http cache emoji-regex@https://registry.npmjs.org/emoji-regex/-/emoji-regex-8.0.0.tgz 0ms (cache hit)
2701 http cache strip-ansi@https://registry.npmjs.org/strip-ansi/-/strip-ansi-7.2.0.tgz 0ms (cache hit)
2702 http cache string-width@https://registry.npmjs.org/string-width/-/string-width-4.2.3.tgz 0ms (cache hit)
2703 http cache ansi-styles@https://registry.npmjs.org/ansi-styles/-/ansi-styles-6.2.3.tgz 0ms (cache hit)
2704 http cache @supabase/supabase-js@https://registry.npmjs.org/@supabase/supabase-js/-/supabase-js-2.105.1.tgz 0ms (cache hit)
2705 http cache emoji-regex@https://registry.npmjs.org/emoji-regex/-/emoji-regex-8.0.0.tgz 0ms (cache hit)
2706 http cache ansi-regex@https://registry.npmjs.org/ansi-regex/-/ansi-regex-6.2.2.tgz 0ms (cache hit)
2707 http cache ansi-regex@https://registry.npmjs.org/ansi-regex/-/ansi-regex-6.2.2.tgz 0ms (cache hit)
2708 http cache strip-ansi@https://registry.npmjs.org/strip-ansi/-/strip-ansi-7.2.0.tgz 0ms (cache hit)
2709 http cache glob-parent@https://registry.npmjs.org/glob-parent/-/glob-parent-5.1.2.tgz 0ms (cache hit)
2710 http cache glob@https://registry.npmjs.org/glob/-/glob-7.2.3.tgz 0ms (cache hit)
2711 http cache ansi-regex@https://registry.npmjs.org/ansi-regex/-/ansi-regex-6.2.2.tgz 0ms (cache hit)
2712 http cache debug@https://registry.npmjs.org/debug/-/debug-3.2.7.tgz 0ms (cache hit)
2713 http cache strip-ansi@https://registry.npmjs.org/strip-ansi/-/strip-ansi-7.2.0.tgz 0ms (cache hit)
2714 http cache fdir@https://registry.npmjs.org/fdir/-/fdir-6.5.0.tgz 0ms (cache hit)
2715 http cache picomatch@https://registry.npmjs.org/picomatch/-/picomatch-4.0.4.tgz 0ms (cache hit)
2716 http cache minimatch@https://registry.npmjs.org/minimatch/-/minimatch-9.0.3.tgz 0ms (cache hit)
2717 http cache brace-expansion@https://registry.npmjs.org/brace-expansion/-/brace-expansion-2.1.0.tgz 0ms (cache hit)
2718 http cache semver@https://registry.npmjs.org/semver/-/semver-6.3.1.tgz 0ms (cache hit)
2719 http cache minimatch@https://registry.npmjs.org/minimatch/-/minimatch-9.0.9.tgz 0ms (cache hit)
2720 http cache doctrine@https://registry.npmjs.org/doctrine/-/doctrine-2.1.0.tgz 0ms (cache hit)
2721 http cache semver@https://registry.npmjs.org/semver/-/semver-6.3.1.tgz 0ms (cache hit)
2722 http cache doctrine@https://registry.npmjs.org/doctrine/-/doctrine-2.1.0.tgz 0ms (cache hit)
2723 http cache debug@https://registry.npmjs.org/debug/-/debug-3.2.7.tgz 0ms (cache hit)
2724 http cache resolve@https://registry.npmjs.org/resolve/-/resolve-1.22.12.tgz 0ms (cache hit)
2725 http cache postcss@https://registry.npmjs.org/postcss/-/postcss-8.4.31.tgz 0ms (cache hit)
2726 http cache brace-expansion@https://registry.npmjs.org/brace-expansion/-/brace-expansion-2.1.0.tgz 0ms (cache hit)
2727 http cache debug@https://registry.npmjs.org/debug/-/debug-3.2.7.tgz 0ms (cache hit)
2728 silly tarball no local data for wrappy@https://registry.npmjs.org/wrappy/-/wrappy-1.0.2.tgz. Extracting by manifest.
2729 silly tarball no local data for path-is-absolute@https://registry.npmjs.org/path-is-absolute/-/path-is-absolute-1.0.1.tgz. Extracting by manifest.
2730 silly tarball no local data for once@https://registry.npmjs.org/once/-/once-1.4.0.tgz. Extracting by manifest.
2731 silly tarball no local data for inflight@https://registry.npmjs.org/inflight/-/inflight-1.0.6.tgz. Extracting by manifest.
2732 silly tarball no local data for fs.realpath@https://registry.npmjs.org/fs.realpath/-/fs.realpath-1.0.0.tgz. Extracting by manifest.
2733 silly tarball no local data for inherits@https://registry.npmjs.org/inherits/-/inherits-2.0.4.tgz. Extracting by manifest.
2734 silly tarball no local data for is-weakset@https://registry.npmjs.org/is-weakset/-/is-weakset-2.0.4.tgz. Extracting by manifest.
2735 silly tarball no local data for is-weakmap@https://registry.npmjs.org/is-weakmap/-/is-weakmap-2.0.2.tgz. Extracting by manifest.
2736 silly tarball no local data for is-map@https://registry.npmjs.org/is-map/-/is-map-2.0.3.tgz. Extracting by manifest.
2737 silly tarball no local data for generator-function@https://registry.npmjs.org/generator-function/-/generator-function-2.0.1.tgz. Extracting by manifest.
2738 silly tarball no local data for async-function@https://registry.npmjs.org/async-function/-/async-function-1.0.0.tgz. Extracting by manifest.
2739 silly tarball no local data for which-collection@https://registry.npmjs.org/which-collection/-/which-collection-1.0.2.tgz. Extracting by manifest.
2740 silly tarball no local data for is-generator-function@https://registry.npmjs.org/is-generator-function/-/is-generator-function-1.1.2.tgz. Extracting by manifest.
2741 silly tarball no local data for is-finalizationregistry@https://registry.npmjs.org/is-finalizationregistry/-/is-finalizationregistry-1.1.1.tgz. Extracting by manifest.
2742 silly tarball no local data for is-number-object@https://registry.npmjs.org/is-number-object/-/is-number-object-1.1.1.tgz. Extracting by manifest.
2743 silly tarball no local data for is-bigint@https://registry.npmjs.org/is-bigint/-/is-bigint-1.1.0.tgz. Extracting by manifest.
2744 silly tarball no local data for isexe@https://registry.npmjs.org/isexe/-/isexe-2.0.0.tgz. Extracting by manifest.
2745 silly tarball no local data for is-boolean-object@https://registry.npmjs.org/is-boolean-object/-/is-boolean-object-1.2.2.tgz. Extracting by manifest.
2746 silly tarball no local data for punycode@https://registry.npmjs.org/punycode/-/punycode-2.3.1.tgz. Extracting by manifest.
2747 silly tarball no local data for @unrs/resolver-binding-darwin-arm64@https://registry.npmjs.org/@unrs/resolver-binding-darwin-arm64/-/resolver-binding-darwin-arm64-1.11.1.tgz. Extracting by manifest.
2748 silly tarball no local data for which-boxed-primitive@https://registry.npmjs.org/which-boxed-primitive/-/which-boxed-primitive-1.1.1.tgz. Extracting by manifest.
2749 silly tarball no local data for napi-postinstall@https://registry.npmjs.org/napi-postinstall/-/napi-postinstall-0.3.4.tgz. Extracting by manifest.
2750 silly tarball no local data for has-bigints@https://registry.npmjs.org/has-bigints/-/has-bigints-1.1.0.tgz. Extracting by manifest.
2751 silly tarball no local data for reflect.getprototypeof@https://registry.npmjs.org/reflect.getprototypeof/-/reflect.getprototypeof-1.0.10.tgz. Extracting by manifest.
2752 silly tarball no local data for for-each@https://registry.npmjs.org/for-each/-/for-each-0.3.5.tgz. Extracting by manifest.
2753 silly tarball no local data for strip-bom@https://registry.npmjs.org/strip-bom/-/strip-bom-3.0.0.tgz. Extracting by manifest.
2754 silly tarball no local data for minimist@https://registry.npmjs.org/minimist/-/minimist-1.2.8.tgz. Extracting by manifest.
2755 silly tarball no local data for which-builtin-type@https://registry.npmjs.org/which-builtin-type/-/which-builtin-type-1.2.1.tgz. Extracting by manifest.
2756 silly tarball no local data for json5@https://registry.npmjs.org/json5/-/json5-1.0.2.tgz. Extracting by manifest.
2757 silly tarball no local data for is-number@https://registry.npmjs.org/is-number/-/is-number-7.0.0.tgz. Extracting by manifest.
2758 silly tarball no local data for is-async-function@https://registry.npmjs.org/is-async-function/-/is-async-function-2.1.1.tgz. Extracting by manifest.
2759 silly tarball no local data for @types/json5@https://registry.npmjs.org/@types/json5/-/json5-0.0.29.tgz. Extracting by manifest.
2760 silly tarball no local data for thenify@https://registry.npmjs.org/thenify/-/thenify-3.3.1.tgz. Extracting by manifest.
2761 silly tarball no local data for thenify-all@https://registry.npmjs.org/thenify-all/-/thenify-all-1.6.0.tgz. Extracting by manifest.
2762 silly tarball no local data for @jridgewell/resolve-uri@https://registry.npmjs.org/@jridgewell/resolve-uri/-/resolve-uri-3.1.2.tgz. Extracting by manifest.
2763 silly tarball no local data for @jridgewell/trace-mapping@https://registry.npmjs.org/@jridgewell/trace-mapping/-/trace-mapping-0.3.31.tgz. Extracting by manifest.
2764 silly tarball no local data for any-promise@https://registry.npmjs.org/any-promise/-/any-promise-1.3.0.tgz. Extracting by manifest.
2765 silly tarball no local data for @jridgewell/sourcemap-codec@https://registry.npmjs.org/@jridgewell/sourcemap-codec/-/sourcemap-codec-1.5.5.tgz. Extracting by manifest.
2766 silly tarball no local data for ts-interface-checker@https://registry.npmjs.org/ts-interface-checker/-/ts-interface-checker-0.1.13.tgz. Extracting by manifest.
2767 silly tarball no local data for pirates@https://registry.npmjs.org/pirates/-/pirates-4.0.7.tgz. Extracting by manifest.
2768 silly tarball no local data for mz@https://registry.npmjs.org/mz/-/mz-2.7.0.tgz. Extracting by manifest.
2769 silly tarball no local data for lines-and-columns@https://registry.npmjs.org/lines-and-columns/-/lines-and-columns-1.2.4.tgz. Extracting by manifest.
2770 silly tarball no local data for commander@https://registry.npmjs.org/commander/-/commander-4.1.1.tgz. Extracting by manifest.
2771 silly tarball no local data for pify@https://registry.npmjs.org/pify/-/pify-2.3.0.tgz. Extracting by manifest.
2772 silly tarball no local data for @jridgewell/gen-mapping@https://registry.npmjs.org/@jridgewell/gen-mapping/-/gen-mapping-0.3.13.tgz. Extracting by manifest.
2773 silly tarball no local data for util-deprecate@https://registry.npmjs.org/util-deprecate/-/util-deprecate-1.0.2.tgz. Extracting by manifest.
2774 silly tarball no local data for cssesc@https://registry.npmjs.org/cssesc/-/cssesc-3.0.0.tgz. Extracting by manifest.
2775 silly tarball no local data for camelcase-css@https://registry.npmjs.org/camelcase-css/-/camelcase-css-2.0.1.tgz. Extracting by manifest.
2776 silly tarball no local data for read-cache@https://registry.npmjs.org/read-cache/-/read-cache-1.0.0.tgz. Extracting by manifest.
2777 silly tarball no local data for postcss-value-parser@https://registry.npmjs.org/postcss-value-parser/-/postcss-value-parser-4.2.0.tgz. Extracting by manifest.
2778 silly tarball no local data for binary-extensions@https://registry.npmjs.org/binary-extensions/-/binary-extensions-2.3.0.tgz. Extracting by manifest.
2779 silly tarball no local data for readdirp@https://registry.npmjs.org/readdirp/-/readdirp-3.6.0.tgz. Extracting by manifest.
2780 silly tarball no local data for is-binary-path@https://registry.npmjs.org/is-binary-path/-/is-binary-path-2.1.0.tgz. Extracting by manifest.
2781 silly tarball no local data for fsevents@https://registry.npmjs.org/fsevents/-/fsevents-2.3.3.tgz. Extracting by manifest.
2782 silly tarball no local data for anymatch@https://registry.npmjs.org/anymatch/-/anymatch-3.1.3.tgz. Extracting by manifest.
2783 silly tarball no local data for sucrase@https://registry.npmjs.org/sucrase/-/sucrase-3.35.1.tgz. Extracting by manifest.
2784 silly tarball no local data for postcss-selector-parser@https://registry.npmjs.org/postcss-selector-parser/-/postcss-selector-parser-6.1.2.tgz. Extracting by manifest.
2785 silly tarball no local data for postcss-nested@https://registry.npmjs.org/postcss-nested/-/postcss-nested-6.2.0.tgz. Extracting by manifest.
2786 silly tarball no local data for postcss-load-config@https://registry.npmjs.org/postcss-load-config/-/postcss-load-config-6.0.1.tgz. Extracting by manifest.
2787 silly tarball no local data for postcss-js@https://registry.npmjs.org/postcss-js/-/postcss-js-4.1.0.tgz. Extracting by manifest.
2788 silly tarball no local data for object-hash@https://registry.npmjs.org/object-hash/-/object-hash-3.0.0.tgz. Extracting by manifest.
2789 silly tarball no local data for postcss-import@https://registry.npmjs.org/postcss-import/-/postcss-import-15.1.0.tgz. Extracting by manifest.
2790 silly tarball no local data for normalize-path@https://registry.npmjs.org/normalize-path/-/normalize-path-3.0.0.tgz. Extracting by manifest.
2791 silly tarball no local data for jiti@https://registry.npmjs.org/jiti/-/jiti-1.21.7.tgz. Extracting by manifest.
2792 silly tarball no local data for dlv@https://registry.npmjs.org/dlv/-/dlv-1.1.3.tgz. Extracting by manifest.
2793 silly tarball no local data for didyoumean@https://registry.npmjs.org/didyoumean/-/didyoumean-1.2.2.tgz. Extracting by manifest.
2794 silly tarball no local data for chokidar@https://registry.npmjs.org/chokidar/-/chokidar-3.6.0.tgz. Extracting by manifest.
2795 silly tarball no local data for arg@https://registry.npmjs.org/arg/-/arg-5.0.2.tgz. Extracting by manifest.
2796 silly tarball no local data for lilconfig@https://registry.npmjs.org/lilconfig/-/lilconfig-3.1.3.tgz. Extracting by manifest.
2797 silly tarball no local data for @alloc/quick-lru@https://registry.npmjs.org/@alloc/quick-lru/-/quick-lru-5.2.0.tgz. Extracting by manifest.
2798 silly tarball no local data for has-flag@https://registry.npmjs.org/has-flag/-/has-flag-4.0.0.tgz. Extracting by manifest.
2799 silly tarball no local data for ansi-regex@https://registry.npmjs.org/ansi-regex/-/ansi-regex-5.0.1.tgz. Extracting by manifest.
2800 silly tarball no local data for eastasianwidth@https://registry.npmjs.org/eastasianwidth/-/eastasianwidth-0.2.0.tgz. Extracting by manifest.
2801 silly tarball no local data for is-fullwidth-code-point@https://registry.npmjs.org/is-fullwidth-code-point/-/is-fullwidth-code-point-3.0.0.tgz. Extracting by manifest.
2802 silly tarball no local data for side-channel-weakmap@https://registry.npmjs.org/side-channel-weakmap/-/side-channel-weakmap-1.0.2.tgz. Extracting by manifest.
2803 silly tarball no local data for client-only@https://registry.npmjs.org/client-only/-/client-only-0.0.1.tgz. Extracting by manifest.
2804 silly tarball no local data for side-channel-map@https://registry.npmjs.org/side-channel-map/-/side-channel-map-1.0.1.tgz. Extracting by manifest.
2805 silly tarball no local data for side-channel-list@https://registry.npmjs.org/side-channel-list/-/side-channel-list-1.0.1.tgz. Extracting by manifest.
2806 silly tarball no local data for queue-microtask@https://registry.npmjs.org/queue-microtask/-/queue-microtask-1.2.3.tgz. Extracting by manifest.
2807 silly tarball no local data for supports-preserve-symlinks-flag@https://registry.npmjs.org/supports-preserve-symlinks-flag/-/supports-preserve-symlinks-flag-1.0.0.tgz. Extracting by manifest.
2808 silly tarball no local data for shebang-regex@https://registry.npmjs.org/shebang-regex/-/shebang-regex-3.0.0.tgz. Extracting by manifest.
2809 silly tarball no local data for isarray@https://registry.npmjs.org/isarray/-/isarray-2.0.5.tgz. Extracting by manifest.
2810 silly tarball no local data for path-parse@https://registry.npmjs.org/path-parse/-/path-parse-1.0.7.tgz. Extracting by manifest.
2811 silly tarball no local data for node-exports-info@https://registry.npmjs.org/node-exports-info/-/node-exports-info-1.6.0.tgz. Extracting by manifest.
2812 silly tarball no local data for scheduler@https://registry.npmjs.org/scheduler/-/scheduler-0.23.2.tgz. Extracting by manifest.
2813 silly tarball no local data for js-tokens@https://registry.npmjs.org/js-tokens/-/js-tokens-4.0.0.tgz. Extracting by manifest.
2814 silly tarball no local data for react-is@https://registry.npmjs.org/react-is/-/react-is-16.13.1.tgz. Extracting by manifest.
2815 silly tarball no local data for object-assign@https://registry.npmjs.org/object-assign/-/object-assign-4.1.1.tgz. Extracting by manifest.
2816 silly tarball no local data for picocolors@https://registry.npmjs.org/picocolors/-/picocolors-1.1.1.tgz. Extracting by manifest.
2817 silly tarball no local data for nanoid@https://registry.npmjs.org/nanoid/-/nanoid-3.3.11.tgz. Extracting by manifest.
2818 silly tarball no local data for source-map-js@https://registry.npmjs.org/source-map-js/-/source-map-js-1.2.1.tgz. Extracting by manifest.
2819 silly tarball no local data for loose-envify@https://registry.npmjs.org/loose-envify/-/loose-envify-1.4.0.tgz. Extracting by manifest.
2820 silly tarball no local data for lru-cache@https://registry.npmjs.org/lru-cache/-/lru-cache-10.4.3.tgz. Extracting by manifest.
2821 silly tarball no local data for callsites@https://registry.npmjs.org/callsites/-/callsites-3.1.0.tgz. Extracting by manifest.
2822 silly tarball no local data for yocto-queue@https://registry.npmjs.org/yocto-queue/-/yocto-queue-0.1.0.tgz. Extracting by manifest.
2823 silly tarball no local data for p-limit@https://registry.npmjs.org/p-limit/-/p-limit-3.1.0.tgz. Extracting by manifest.
2824 silly tarball no local data for fast-levenshtein@https://registry.npmjs.org/fast-levenshtein/-/fast-levenshtein-2.0.6.tgz. Extracting by manifest.
2825 silly tarball no local data for word-wrap@https://registry.npmjs.org/word-wrap/-/word-wrap-1.2.5.tgz. Extracting by manifest.
2826 silly tarball no local data for deep-is@https://registry.npmjs.org/deep-is/-/deep-is-0.1.4.tgz. Extracting by manifest.
2827 silly tarball no local data for @swc/counter@https://registry.npmjs.org/@swc/counter/-/counter-0.1.3.tgz. Extracting by manifest.
2828 silly tarball no local data for styled-jsx@https://registry.npmjs.org/styled-jsx/-/styled-jsx-5.1.1.tgz. Extracting by manifest.
2829 silly tarball no local data for graceful-fs@https://registry.npmjs.org/graceful-fs/-/graceful-fs-4.2.11.tgz. Extracting by manifest.
2830 silly tarball no local data for caniuse-lite@https://registry.npmjs.org/caniuse-lite/-/caniuse-lite-1.0.30001791.tgz. Extracting by manifest.
2831 silly tarball no local data for busboy@https://registry.npmjs.org/busboy/-/busboy-1.6.0.tgz. Extracting by manifest.
2832 silly tarball no local data for @swc/helpers@https://registry.npmjs.org/@swc/helpers/-/helpers-0.5.5.tgz. Extracting by manifest.
2833 silly tarball no local data for @next/swc-darwin-arm64@https://registry.npmjs.org/@next/swc-darwin-arm64/-/swc-darwin-arm64-14.2.3.tgz. Extracting by manifest.
2834 silly tarball no local data for @next/env@https://registry.npmjs.org/@next/env/-/env-14.2.3.tgz. Extracting by manifest.
2835 silly tarball no local data for concat-map@https://registry.npmjs.org/concat-map/-/concat-map-0.0.1.tgz. Extracting by manifest.
2836 silly tarball no local data for balanced-match@https://registry.npmjs.org/balanced-match/-/balanced-match-1.0.2.tgz. Extracting by manifest.
2837 silly tarball no local data for to-regex-range@https://registry.npmjs.org/to-regex-range/-/to-regex-range-5.0.1.tgz. Extracting by manifest.
2838 silly tarball no local data for brace-expansion@https://registry.npmjs.org/brace-expansion/-/brace-expansion-1.1.14.tgz. Extracting by manifest.
2839 silly tarball no local data for fill-range@https://registry.npmjs.org/fill-range/-/fill-range-7.1.1.tgz. Extracting by manifest.
2840 silly tarball no local data for streamsearch@https://registry.npmjs.org/streamsearch/-/streamsearch-1.1.0.tgz. Extracting by manifest.
2841 silly tarball no local data for picomatch@https://registry.npmjs.org/picomatch/-/picomatch-2.3.2.tgz. Extracting by manifest.
2842 silly tarball no local data for braces@https://registry.npmjs.org/braces/-/braces-3.0.3.tgz. Extracting by manifest.
2843 silly tarball no local data for p-locate@https://registry.npmjs.org/p-locate/-/p-locate-5.0.0.tgz. Extracting by manifest.
2844 silly tarball no local data for prelude-ls@https://registry.npmjs.org/prelude-ls/-/prelude-ls-1.2.1.tgz. Extracting by manifest.
2845 silly tarball no local data for type-check@https://registry.npmjs.org/type-check/-/type-check-0.4.0.tgz. Extracting by manifest.
2846 silly tarball no local data for json-buffer@https://registry.npmjs.org/json-buffer/-/json-buffer-3.0.1.tgz. Extracting by manifest.
2847 silly tarball no local data for language-subtag-registry@https://registry.npmjs.org/language-subtag-registry/-/language-subtag-registry-0.3.23.tgz. Extracting by manifest.
2848 silly tarball no local data for wrap-ansi-cjs@https://registry.npmjs.org/wrap-ansi/-/wrap-ansi-7.0.0.tgz. Extracting by manifest.
2849 silly tarball no local data for wrap-ansi@https://registry.npmjs.org/wrap-ansi/-/wrap-ansi-8.1.0.tgz. Extracting by manifest.
2850 silly tarball no local data for strip-ansi-cjs@https://registry.npmjs.org/strip-ansi/-/strip-ansi-6.0.1.tgz. Extracting by manifest.
2851 silly tarball no local data for string-width-cjs@https://registry.npmjs.org/string-width/-/string-width-4.2.3.tgz. Extracting by manifest.
2852 silly tarball no local data for string-width@https://registry.npmjs.org/string-width/-/string-width-5.1.2.tgz. Extracting by manifest.
2853 silly tarball no local data for @pkgjs/parseargs@https://registry.npmjs.org/@pkgjs/parseargs/-/parseargs-0.11.0.tgz. Extracting by manifest.
2854 silly tarball no local data for @isaacs/cliui@https://registry.npmjs.org/@isaacs/cliui/-/cliui-8.0.2.tgz. Extracting by manifest.
2855 silly tarball no local data for set-function-name@https://registry.npmjs.org/set-function-name/-/set-function-name-2.0.2.tgz. Extracting by manifest.
2856 silly tarball no local data for is-extglob@https://registry.npmjs.org/is-extglob/-/is-extglob-2.1.1.tgz. Extracting by manifest.
2857 silly tarball no local data for side-channel@https://registry.npmjs.org/side-channel/-/side-channel-1.1.0.tgz. Extracting by manifest.
2858 silly tarball no local data for parent-module@https://registry.npmjs.org/parent-module/-/parent-module-1.0.1.tgz. Extracting by manifest.
2859 silly tarball no local data for resolve-from@https://registry.npmjs.org/resolve-from/-/resolve-from-4.0.0.tgz. Extracting by manifest.
2860 silly tarball no local data for micromatch@https://registry.npmjs.org/micromatch/-/micromatch-4.0.8.tgz. Extracting by manifest.
2861 silly tarball no local data for path-type@https://registry.npmjs.org/path-type/-/path-type-4.0.0.tgz. Extracting by manifest.
2862 silly tarball no local data for slash@https://registry.npmjs.org/slash/-/slash-3.0.0.tgz. Extracting by manifest.
2863 silly tarball no local data for fast-glob@https://registry.npmjs.org/fast-glob/-/fast-glob-3.3.3.tgz. Extracting by manifest.
2864 silly tarball no local data for dir-glob@https://registry.npmjs.org/dir-glob/-/dir-glob-3.0.1.tgz. Extracting by manifest.
2865 silly tarball no local data for merge2@https://registry.npmjs.org/merge2/-/merge2-1.4.1.tgz. Extracting by manifest.
2866 silly tarball no local data for array-union@https://registry.npmjs.org/array-union/-/array-union-2.1.0.tgz. Extracting by manifest.
2867 silly tarball no local data for type-fest@https://registry.npmjs.org/type-fest/-/type-fest-0.20.2.tgz. Extracting by manifest.
2868 silly tarball no local data for signal-exit@https://registry.npmjs.org/signal-exit/-/signal-exit-4.1.0.tgz. Extracting by manifest.
2869 silly tarball no local data for path-scurry@https://registry.npmjs.org/path-scurry/-/path-scurry-1.11.1.tgz. Extracting by manifest.
2870 silly tarball no local data for minipass@https://registry.npmjs.org/minipass/-/minipass-7.1.3.tgz. Extracting by manifest.
2871 silly tarball no local data for argparse@https://registry.npmjs.org/argparse/-/argparse-2.0.1.tgz. Extracting by manifest.
2872 silly tarball no local data for jackspeak@https://registry.npmjs.org/jackspeak/-/jackspeak-2.3.6.tgz. Extracting by manifest.
2873 silly tarball no local data for foreground-child@https://registry.npmjs.org/foreground-child/-/foreground-child-3.3.1.tgz. Extracting by manifest.
2874 silly tarball no local data for resolve-pkg-maps@https://registry.npmjs.org/resolve-pkg-maps/-/resolve-pkg-maps-1.0.0.tgz. Extracting by manifest.
2875 silly tarball no local data for dunder-proto@https://registry.npmjs.org/dunder-proto/-/dunder-proto-1.0.1.tgz. Extracting by manifest.
2876 silly tarball no local data for functions-have-names@https://registry.npmjs.org/functions-have-names/-/functions-have-names-1.2.3.tgz. Extracting by manifest.
2877 silly tarball no local data for flatted@https://registry.npmjs.org/flatted/-/flatted-3.4.2.tgz. Extracting by manifest.
2878 silly tarball no local data for path-exists@https://registry.npmjs.org/path-exists/-/path-exists-4.0.0.tgz. Extracting by manifest.
2879 silly tarball no local data for locate-path@https://registry.npmjs.org/locate-path/-/locate-path-6.0.0.tgz. Extracting by manifest.
2880 silly tarball no local data for flat-cache@https://registry.npmjs.org/flat-cache/-/flat-cache-3.2.0.tgz. Extracting by manifest.
2881 silly tarball no local data for keyv@https://registry.npmjs.org/keyv/-/keyv-4.5.4.tgz. Extracting by manifest.
2882 silly tarball no local data for reusify@https://registry.npmjs.org/reusify/-/reusify-1.1.0.tgz. Extracting by manifest.
2883 silly tarball no local data for acorn-jsx@https://registry.npmjs.org/acorn-jsx/-/acorn-jsx-5.3.2.tgz. Extracting by manifest.
2884 silly tarball no local data for acorn@https://registry.npmjs.org/acorn/-/acorn-8.16.0.tgz. Extracting by manifest.
2885 silly tarball no local data for rimraf@https://registry.npmjs.org/rimraf/-/rimraf-3.0.2.tgz. Extracting by manifest.
2886 silly tarball no local data for esrecurse@https://registry.npmjs.org/esrecurse/-/esrecurse-4.3.0.tgz. Extracting by manifest.
2887 silly tarball no local data for string.prototype.matchall@https://registry.npmjs.org/string.prototype.matchall/-/string.prototype.matchall-4.0.12.tgz. Extracting by manifest.
2888 silly tarball no local data for prop-types@https://registry.npmjs.org/prop-types/-/prop-types-15.8.1.tgz. Extracting by manifest.
2889 silly tarball no local data for object.entries@https://registry.npmjs.org/object.entries/-/object.entries-1.1.9.tgz. Extracting by manifest.
2890 silly tarball no local data for estraverse@https://registry.npmjs.org/estraverse/-/estraverse-5.3.0.tgz. Extracting by manifest.
2891 silly tarball no local data for es-iterator-helpers@https://registry.npmjs.org/es-iterator-helpers/-/es-iterator-helpers-1.3.2.tgz. Extracting by manifest.
2892 silly tarball no local data for iterator.prototype@https://registry.npmjs.org/iterator.prototype/-/iterator.prototype-1.1.5.tgz. Extracting by manifest.
2893 silly tarball no local data for array.prototype.tosorted@https://registry.npmjs.org/array.prototype.tosorted/-/array.prototype.tosorted-1.1.4.tgz. Extracting by manifest.
2894 silly tarball no local data for array.prototype.findlast@https://registry.npmjs.org/array.prototype.findlast/-/array.prototype.findlast-1.2.5.tgz. Extracting by manifest.
2895 silly tarball no local data for string.prototype.includes@https://registry.npmjs.org/string.prototype.includes/-/string.prototype.includes-2.0.1.tgz. Extracting by manifest.
2896 silly tarball no local data for language-tags@https://registry.npmjs.org/language-tags/-/language-tags-1.0.9.tgz. Extracting by manifest.
2897 silly tarball no local data for damerau-levenshtein@https://registry.npmjs.org/damerau-levenshtein/-/damerau-levenshtein-1.0.8.tgz. Extracting by manifest.
2898 silly tarball no local data for jsx-ast-utils@https://registry.npmjs.org/jsx-ast-utils/-/jsx-ast-utils-3.3.5.tgz. Extracting by manifest.
2899 silly tarball no local data for string.prototype.repeat@https://registry.npmjs.org/string.prototype.repeat/-/string.prototype.repeat-1.0.0.tgz. Extracting by manifest.
2900 silly tarball no local data for axobject-query@https://registry.npmjs.org/axobject-query/-/axobject-query-4.1.0.tgz. Extracting by manifest.
2901 silly tarball no local data for emoji-regex@https://registry.npmjs.org/emoji-regex/-/emoji-regex-9.2.2.tgz. Extracting by manifest.
2902 silly tarball no local data for axe-core@https://registry.npmjs.org/axe-core/-/axe-core-4.11.3.tgz. Extracting by manifest.
2903 silly tarball no local data for is-symbol@https://registry.npmjs.org/is-symbol/-/is-symbol-1.1.1.tgz. Extracting by manifest.
2904 silly tarball no local data for has-tostringtag@https://registry.npmjs.org/has-tostringtag/-/has-tostringtag-1.0.2.tgz. Extracting by manifest.
2905 silly tarball no local data for ast-types-flow@https://registry.npmjs.org/ast-types-flow/-/ast-types-flow-0.0.8.tgz. Extracting by manifest.
2906 silly tarball no local data for is-date-object@https://registry.npmjs.org/is-date-object/-/is-date-object-1.1.0.tgz. Extracting by manifest.
2907 silly tarball no local data for possible-typed-array-names@https://registry.npmjs.org/possible-typed-array-names/-/possible-typed-array-names-1.1.0.tgz. Extracting by manifest.
2908 silly tarball no local data for unbox-primitive@https://registry.npmjs.org/unbox-primitive/-/unbox-primitive-1.1.0.tgz. Extracting by manifest.
2909 silly tarball no local data for which-typed-array@https://registry.npmjs.org/which-typed-array/-/which-typed-array-1.1.20.tgz. Extracting by manifest.
2910 silly tarball no local data for typed-array-length@https://registry.npmjs.org/typed-array-length/-/typed-array-length-1.0.7.tgz. Extracting by manifest.
2911 silly tarball no local data for typed-array-byte-offset@https://registry.npmjs.org/typed-array-byte-offset/-/typed-array-byte-offset-1.0.4.tgz. Extracting by manifest.
2912 silly tarball no local data for typed-array-byte-length@https://registry.npmjs.org/typed-array-byte-length/-/typed-array-byte-length-1.0.3.tgz. Extracting by manifest.
2913 silly tarball no local data for typed-array-buffer@https://registry.npmjs.org/typed-array-buffer/-/typed-array-buffer-1.0.3.tgz. Extracting by manifest.
2914 silly tarball no local data for aria-query@https://registry.npmjs.org/aria-query/-/aria-query-5.3.2.tgz. Extracting by manifest.
2915 silly tarball no local data for string.prototype.trimstart@https://registry.npmjs.org/string.prototype.trimstart/-/string.prototype.trimstart-1.0.8.tgz. Extracting by manifest.
2916 silly tarball no local data for string.prototype.trim@https://registry.npmjs.org/string.prototype.trim/-/string.prototype.trim-1.2.10.tgz. Extracting by manifest.
2917 silly tarball no local data for set-proto@https://registry.npmjs.org/set-proto/-/set-proto-1.0.0.tgz. Extracting by manifest.
2918 silly tarball no local data for safe-regex-test@https://registry.npmjs.org/safe-regex-test/-/safe-regex-test-1.1.0.tgz. Extracting by manifest.
2919 silly tarball no local data for stop-iteration-iterator@https://registry.npmjs.org/stop-iteration-iterator/-/stop-iteration-iterator-1.1.0.tgz. Extracting by manifest.
2920 silly tarball no local data for own-keys@https://registry.npmjs.org/own-keys/-/own-keys-1.0.1.tgz. Extracting by manifest.
2921 silly tarball no local data for regexp.prototype.flags@https://registry.npmjs.org/regexp.prototype.flags/-/regexp.prototype.flags-1.5.4.tgz. Extracting by manifest.
2922 silly tarball no local data for safe-array-concat@https://registry.npmjs.org/safe-array-concat/-/safe-array-concat-1.1.4.tgz. Extracting by manifest.
2923 silly tarball no local data for object-inspect@https://registry.npmjs.org/object-inspect/-/object-inspect-1.13.4.tgz. Extracting by manifest.
2924 silly tarball no local data for is-weakref@https://registry.npmjs.org/is-weakref/-/is-weakref-1.1.1.tgz. Extracting by manifest.
2925 silly tarball no local data for object.assign@https://registry.npmjs.org/object.assign/-/object.assign-4.1.7.tgz. Extracting by manifest.
2926 silly tarball no local data for safe-push-apply@https://registry.npmjs.org/safe-push-apply/-/safe-push-apply-1.0.0.tgz. Extracting by manifest.
2927 silly tarball no local data for is-typed-array@https://registry.npmjs.org/is-typed-array/-/is-typed-array-1.1.15.tgz. Extracting by manifest.
2928 silly tarball no local data for is-set@https://registry.npmjs.org/is-set/-/is-set-2.0.3.tgz. Extracting by manifest.
2929 silly tarball no local data for is-regex@https://registry.npmjs.org/is-regex/-/is-regex-1.2.1.tgz. Extracting by manifest.
2930 silly tarball no local data for is-data-view@https://registry.npmjs.org/is-data-view/-/is-data-view-1.0.2.tgz. Extracting by manifest.
2931 silly tarball no local data for is-negative-zero@https://registry.npmjs.org/is-negative-zero/-/is-negative-zero-2.0.3.tgz. Extracting by manifest.
2932 silly tarball no local data for is-callable@https://registry.npmjs.org/is-callable/-/is-callable-1.2.7.tgz. Extracting by manifest.
2933 silly tarball no local data for internal-slot@https://registry.npmjs.org/internal-slot/-/internal-slot-1.1.0.tgz. Extracting by manifest.
2934 silly tarball no local data for is-array-buffer@https://registry.npmjs.org/is-array-buffer/-/is-array-buffer-3.0.5.tgz. Extracting by manifest.
2935 silly tarball no local data for has-proto@https://registry.npmjs.org/has-proto/-/has-proto-1.2.0.tgz. Extracting by manifest.
2936 silly tarball no local data for has-symbols@https://registry.npmjs.org/has-symbols/-/has-symbols-1.1.0.tgz. Extracting by manifest.
2937 silly tarball no local data for globalthis@https://registry.npmjs.org/globalthis/-/globalthis-1.0.4.tgz. Extracting by manifest.
2938 silly tarball no local data for get-symbol-description@https://registry.npmjs.org/get-symbol-description/-/get-symbol-description-1.1.0.tgz. Extracting by manifest.
2939 silly tarball no local data for get-proto@https://registry.npmjs.org/get-proto/-/get-proto-1.0.1.tgz. Extracting by manifest.
2940 silly tarball no local data for function.prototype.name@https://registry.npmjs.org/function.prototype.name/-/function.prototype.name-1.1.8.tgz. Extracting by manifest.
2941 silly tarball no local data for es-to-primitive@https://registry.npmjs.org/es-to-primitive/-/es-to-primitive-1.3.0.tgz. Extracting by manifest.
2942 silly tarball no local data for es-set-tostringtag@https://registry.npmjs.org/es-set-tostringtag/-/es-set-tostringtag-2.1.0.tgz. Extracting by manifest.
2943 silly tarball no local data for data-view-byte-offset@https://registry.npmjs.org/data-view-byte-offset/-/data-view-byte-offset-1.0.1.tgz. Extracting by manifest.
2944 silly tarball no local data for data-view-byte-length@https://registry.npmjs.org/data-view-byte-length/-/data-view-byte-length-1.0.2.tgz. Extracting by manifest.
2945 silly tarball no local data for data-view-buffer@https://registry.npmjs.org/data-view-buffer/-/data-view-buffer-1.0.2.tgz. Extracting by manifest.
2946 silly tarball no local data for available-typed-arrays@https://registry.npmjs.org/available-typed-arrays/-/available-typed-arrays-1.0.7.tgz. Extracting by manifest.
2947 silly tarball no local data for arraybuffer.prototype.slice@https://registry.npmjs.org/arraybuffer.prototype.slice/-/arraybuffer.prototype.slice-1.0.4.tgz. Extracting by manifest.
2948 silly tarball no local data for array-buffer-byte-length@https://registry.npmjs.org/array-buffer-byte-length/-/array-buffer-byte-length-1.0.2.tgz. Extracting by manifest.
2949 silly tarball no local data for gopd@https://registry.npmjs.org/gopd/-/gopd-1.2.0.tgz. Extracting by manifest.
2950 silly tarball no local data for object-keys@https://registry.npmjs.org/object-keys/-/object-keys-1.1.1.tgz. Extracting by manifest.
2951 silly tarball no local data for define-data-property@https://registry.npmjs.org/define-data-property/-/define-data-property-1.1.4.tgz. Extracting by manifest.
2952 silly tarball no local data for has-property-descriptors@https://registry.npmjs.org/has-property-descriptors/-/has-property-descriptors-1.0.2.tgz. Extracting by manifest.
2953 silly tarball no local data for function-bind@https://registry.npmjs.org/function-bind/-/function-bind-1.1.2.tgz. Extracting by manifest.
2954 silly tarball no local data for set-function-length@https://registry.npmjs.org/set-function-length/-/set-function-length-1.2.2.tgz. Extracting by manifest.
2955 silly tarball no local data for es-define-property@https://registry.npmjs.org/es-define-property/-/es-define-property-1.0.1.tgz. Extracting by manifest.
2956 silly tarball no local data for is-shared-array-buffer@https://registry.npmjs.org/is-shared-array-buffer/-/is-shared-array-buffer-1.0.4.tgz. Extracting by manifest.
2957 silly tarball no local data for es-shim-unscopables@https://registry.npmjs.org/es-shim-unscopables/-/es-shim-unscopables-1.1.0.tgz. Extracting by manifest.
2958 silly tarball no local data for es-errors@https://registry.npmjs.org/es-errors/-/es-errors-1.3.0.tgz. Extracting by manifest.
2959 silly tarball no local data for call-bind-apply-helpers@https://registry.npmjs.org/call-bind-apply-helpers/-/call-bind-apply-helpers-1.0.2.tgz. Extracting by manifest.
2960 silly tarball no local data for get-intrinsic@https://registry.npmjs.org/get-intrinsic/-/get-intrinsic-1.3.0.tgz. Extracting by manifest.
2961 silly tarball no local data for is-string@https://registry.npmjs.org/is-string/-/is-string-1.1.1.tgz. Extracting by manifest.
2962 silly tarball no local data for es-object-atoms@https://registry.npmjs.org/es-object-atoms/-/es-object-atoms-1.1.1.tgz. Extracting by manifest.
2963 silly tarball no local data for es-abstract@https://registry.npmjs.org/es-abstract/-/es-abstract-1.24.2.tgz. Extracting by manifest.
2964 silly tarball no local data for define-properties@https://registry.npmjs.org/define-properties/-/define-properties-1.2.1.tgz. Extracting by manifest.
2965 silly tarball no local data for call-bound@https://registry.npmjs.org/call-bound/-/call-bound-1.0.4.tgz. Extracting by manifest.
2966 silly tarball no local data for call-bind@https://registry.npmjs.org/call-bind/-/call-bind-1.0.9.tgz. Extracting by manifest.
2967 silly tarball no local data for tsconfig-paths@https://registry.npmjs.org/tsconfig-paths/-/tsconfig-paths-3.15.0.tgz. Extracting by manifest.
2968 silly tarball no local data for string.prototype.trimend@https://registry.npmjs.org/string.prototype.trimend/-/string.prototype.trimend-1.0.9.tgz. Extracting by manifest.
2969 silly tarball no local data for math-intrinsics@https://registry.npmjs.org/math-intrinsics/-/math-intrinsics-1.1.0.tgz. Extracting by manifest.
2970 silly tarball no local data for object.groupby@https://registry.npmjs.org/object.groupby/-/object.groupby-1.0.3.tgz. Extracting by manifest.
2971 silly tarball no local data for hasown@https://registry.npmjs.org/hasown/-/hasown-2.0.3.tgz. Extracting by manifest.
2972 silly tarball no local data for eslint-module-utils@https://registry.npmjs.org/eslint-module-utils/-/eslint-module-utils-2.12.1.tgz. Extracting by manifest.
2973 silly tarball no local data for array.prototype.flatmap@https://registry.npmjs.org/array.prototype.flatmap/-/array.prototype.flatmap-1.3.3.tgz. Extracting by manifest.
2974 silly tarball no local data for array.prototype.flat@https://registry.npmjs.org/array.prototype.flat/-/array.prototype.flat-1.3.3.tgz. Extracting by manifest.
2975 silly tarball no local data for array.prototype.findlastindex@https://registry.npmjs.org/array.prototype.findlastindex/-/array.prototype.findlastindex-1.2.6.tgz. Extracting by manifest.
2976 silly tarball no local data for array-includes@https://registry.npmjs.org/array-includes/-/array-includes-3.1.9.tgz. Extracting by manifest.
2977 silly tarball no local data for @rtsao/scc@https://registry.npmjs.org/@rtsao/scc/-/scc-1.1.0.tgz. Extracting by manifest.
2978 silly tarball no local data for object.fromentries@https://registry.npmjs.org/object.fromentries/-/object.fromentries-2.0.8.tgz. Extracting by manifest.
2979 silly tarball no local data for unrs-resolver@https://registry.npmjs.org/unrs-resolver/-/unrs-resolver-1.11.1.tgz. Extracting by manifest.
2980 silly tarball no local data for stable-hash@https://registry.npmjs.org/stable-hash/-/stable-hash-0.0.5.tgz. Extracting by manifest.
2981 silly tarball no local data for tinyglobby@https://registry.npmjs.org/tinyglobby/-/tinyglobby-0.2.16.tgz. Extracting by manifest.
2982 silly tarball no local data for is-bun-module@https://registry.npmjs.org/is-bun-module/-/is-bun-module-2.0.0.tgz. Extracting by manifest.
2983 silly tarball no local data for get-tsconfig@https://registry.npmjs.org/get-tsconfig/-/get-tsconfig-4.14.0.tgz. Extracting by manifest.
2984 silly tarball no local data for object.values@https://registry.npmjs.org/object.values/-/object.values-1.2.1.tgz. Extracting by manifest.
2985 silly tarball no local data for @nolyfill/is-core-module@https://registry.npmjs.org/@nolyfill/is-core-module/-/is-core-module-1.0.39.tgz. Extracting by manifest.
2986 silly tarball no local data for resolve@https://registry.npmjs.org/resolve/-/resolve-2.0.0-next.6.tgz. Extracting by manifest.
2987 silly tarball no local data for is-core-module@https://registry.npmjs.org/is-core-module/-/is-core-module-2.16.1.tgz. Extracting by manifest.
2988 silly tarball no local data for ts-api-utils@https://registry.npmjs.org/ts-api-utils/-/ts-api-utils-1.4.3.tgz. Extracting by manifest.
2989 silly tarball no local data for semver@https://registry.npmjs.org/semver/-/semver-7.7.4.tgz. Extracting by manifest.
2990 silly tarball no local data for globby@https://registry.npmjs.org/globby/-/globby-11.1.0.tgz. Extracting by manifest.
2991 silly tarball no local data for @typescript-eslint/visitor-keys@https://registry.npmjs.org/@typescript-eslint/visitor-keys/-/visitor-keys-7.2.0.tgz. Extracting by manifest.
2992 silly tarball no local data for @typescript-eslint/typescript-estree@https://registry.npmjs.org/@typescript-eslint/typescript-estree/-/typescript-estree-7.2.0.tgz. Extracting by manifest.
2993 silly tarball no local data for @typescript-eslint/types@https://registry.npmjs.org/@typescript-eslint/types/-/types-7.2.0.tgz. Extracting by manifest.
2994 silly tarball no local data for @typescript-eslint/scope-manager@https://registry.npmjs.org/@typescript-eslint/scope-manager/-/scope-manager-7.2.0.tgz. Extracting by manifest.
2995 silly tarball no local data for glob@https://registry.npmjs.org/glob/-/glob-10.3.10.tgz. Extracting by manifest.
2996 silly tarball no local data for eslint-plugin-react-hooks@https://registry.npmjs.org/eslint-plugin-react-hooks/-/eslint-plugin-react-hooks-5.0.0-canary-7118f5dd7-20230705.tgz. Extracting by manifest.
2997 silly tarball no local data for eslint-plugin-react@https://registry.npmjs.org/eslint-plugin-react/-/eslint-plugin-react-7.37.5.tgz. Extracting by manifest.
2998 silly tarball no local data for eslint-plugin-jsx-a11y@https://registry.npmjs.org/eslint-plugin-jsx-a11y/-/eslint-plugin-jsx-a11y-6.10.2.tgz. Extracting by manifest.
2999 silly tarball no local data for eslint-plugin-import@https://registry.npmjs.org/eslint-plugin-import/-/eslint-plugin-import-2.32.0.tgz. Extracting by manifest.
3000 silly tarball no local data for eslint-import-resolver-typescript@https://registry.npmjs.org/eslint-import-resolver-typescript/-/eslint-import-resolver-typescript-3.10.1.tgz. Extracting by manifest.
3001 silly tarball no local data for eslint-import-resolver-node@https://registry.npmjs.org/eslint-import-resolver-node/-/eslint-import-resolver-node-0.3.10.tgz. Extracting by manifest.
3002 silly tarball no local data for @typescript-eslint/parser@https://registry.npmjs.org/@typescript-eslint/parser/-/parser-7.2.0.tgz. Extracting by manifest.
3003 silly tarball no local data for @rushstack/eslint-patch@https://registry.npmjs.org/@rushstack/eslint-patch/-/eslint-patch-1.16.1.tgz. Extracting by manifest.
3004 silly tarball no local data for @next/eslint-plugin-next@https://registry.npmjs.org/@next/eslint-plugin-next/-/eslint-plugin-next-14.2.3.tgz. Extracting by manifest.
3005 silly tarball no local data for ms@https://registry.npmjs.org/ms/-/ms-2.1.3.tgz. Extracting by manifest.
3006 silly tarball no local data for which@https://registry.npmjs.org/which/-/which-2.0.2.tgz. Extracting by manifest.
3007 silly tarball no local data for shebang-command@https://registry.npmjs.org/shebang-command/-/shebang-command-2.0.0.tgz. Extracting by manifest.
3008 silly tarball no local data for color-name@https://registry.npmjs.org/color-name/-/color-name-1.1.4.tgz. Extracting by manifest.
3009 silly tarball no local data for supports-color@https://registry.npmjs.org/supports-color/-/supports-color-7.2.0.tgz. Extracting by manifest.
3010 silly tarball no local data for ansi-styles@https://registry.npmjs.org/ansi-styles/-/ansi-styles-4.3.0.tgz. Extracting by manifest.
3011 silly tarball no local data for color-convert@https://registry.npmjs.org/color-convert/-/color-convert-2.0.1.tgz. Extracting by manifest.
3012 silly tarball no local data for uri-js@https://registry.npmjs.org/uri-js/-/uri-js-4.4.1.tgz. Extracting by manifest.
3013 silly tarball no local data for path-key@https://registry.npmjs.org/path-key/-/path-key-3.1.1.tgz. Extracting by manifest.
3014 silly tarball no local data for json-schema-traverse@https://registry.npmjs.org/json-schema-traverse/-/json-schema-traverse-0.4.1.tgz. Extracting by manifest.
3015 silly tarball no local data for fast-json-stable-stringify@https://registry.npmjs.org/fast-json-stable-stringify/-/fast-json-stable-stringify-2.1.0.tgz. Extracting by manifest.
3016 silly tarball no local data for run-parallel@https://registry.npmjs.org/run-parallel/-/run-parallel-1.2.0.tgz. Extracting by manifest.
3017 silly tarball no local data for fastq@https://registry.npmjs.org/fastq/-/fastq-1.20.1.tgz. Extracting by manifest.
3018 silly tarball no local data for @nodelib/fs.scandir@https://registry.npmjs.org/@nodelib/fs.scandir/-/fs.scandir-2.1.5.tgz. Extracting by manifest.
3019 silly tarball no local data for strip-json-comments@https://registry.npmjs.org/strip-json-comments/-/strip-json-comments-3.1.1.tgz. Extracting by manifest.
3020 silly tarball no local data for @humanwhocodes/object-schema@https://registry.npmjs.org/@humanwhocodes/object-schema/-/object-schema-2.0.3.tgz. Extracting by manifest.
3021 silly tarball no local data for import-fresh@https://registry.npmjs.org/import-fresh/-/import-fresh-3.3.1.tgz. Extracting by manifest.
3022 silly tarball no local data for @nodelib/fs.stat@https://registry.npmjs.org/@nodelib/fs.stat/-/fs.stat-2.0.5.tgz. Extracting by manifest.
3023 silly tarball no local data for text-table@https://registry.npmjs.org/text-table/-/text-table-0.2.0.tgz. Extracting by manifest.
3024 silly tarball no local data for strip-ansi@https://registry.npmjs.org/strip-ansi/-/strip-ansi-6.0.1.tgz. Extracting by manifest.
3025 silly tarball no local data for optionator@https://registry.npmjs.org/optionator/-/optionator-0.9.4.tgz. Extracting by manifest.
3026 silly tarball no local data for natural-compare@https://registry.npmjs.org/natural-compare/-/natural-compare-1.4.0.tgz. Extracting by manifest.
3027 silly tarball no local data for minimatch@https://registry.npmjs.org/minimatch/-/minimatch-3.1.5.tgz. Extracting by manifest.
3028 silly tarball no local data for levn@https://registry.npmjs.org/levn/-/levn-0.4.1.tgz. Extracting by manifest.
3029 silly tarball no local data for lodash.merge@https://registry.npmjs.org/lodash.merge/-/lodash.merge-4.6.2.tgz. Extracting by manifest.
3030 silly tarball no local data for js-yaml@https://registry.npmjs.org/js-yaml/-/js-yaml-4.1.1.tgz. Extracting by manifest.
3031 silly tarball no local data for is-path-inside@https://registry.npmjs.org/is-path-inside/-/is-path-inside-3.0.3.tgz. Extracting by manifest.
3032 silly tarball no local data for is-glob@https://registry.npmjs.org/is-glob/-/is-glob-4.0.3.tgz. Extracting by manifest.
3033 silly tarball no local data for imurmurhash@https://registry.npmjs.org/imurmurhash/-/imurmurhash-0.1.4.tgz. Extracting by manifest.
3034 silly tarball no local data for json-stable-stringify-without-jsonify@https://registry.npmjs.org/json-stable-stringify-without-jsonify/-/json-stable-stringify-without-jsonify-1.0.1.tgz. Extracting by manifest.
3035 silly tarball no local data for ignore@https://registry.npmjs.org/ignore/-/ignore-5.3.2.tgz. Extracting by manifest.
3036 silly tarball no local data for graphemer@https://registry.npmjs.org/graphemer/-/graphemer-1.4.0.tgz. Extracting by manifest.
3037 silly tarball no local data for globals@https://registry.npmjs.org/globals/-/globals-13.24.0.tgz. Extracting by manifest.
3038 silly tarball no local data for glob-parent@https://registry.npmjs.org/glob-parent/-/glob-parent-6.0.2.tgz. Extracting by manifest.
3039 silly tarball no local data for find-up@https://registry.npmjs.org/find-up/-/find-up-5.0.0.tgz. Extracting by manifest.
3040 silly tarball no local data for file-entry-cache@https://registry.npmjs.org/file-entry-cache/-/file-entry-cache-6.0.1.tgz. Extracting by manifest.
3041 silly tarball no local data for esquery@https://registry.npmjs.org/esquery/-/esquery-1.7.0.tgz. Extracting by manifest.
3042 silly tarball no local data for eslint-visitor-keys@https://registry.npmjs.org/eslint-visitor-keys/-/eslint-visitor-keys-3.4.3.tgz. Extracting by manifest.
3043 silly tarball no local data for escape-string-regexp@https://registry.npmjs.org/escape-string-regexp/-/escape-string-regexp-4.0.0.tgz. Extracting by manifest.
3044 silly tarball no local data for eslint-scope@https://registry.npmjs.org/eslint-scope/-/eslint-scope-7.2.2.tgz. Extracting by manifest.
3045 silly tarball no local data for esutils@https://registry.npmjs.org/esutils/-/esutils-2.0.3.tgz. Extracting by manifest.
3046 silly tarball no local data for doctrine@https://registry.npmjs.org/doctrine/-/doctrine-3.0.0.tgz. Extracting by manifest.
3047 silly tarball no local data for debug@https://registry.npmjs.org/debug/-/debug-4.4.3.tgz. Extracting by manifest.
3048 silly tarball no local data for ajv@https://registry.npmjs.org/ajv/-/ajv-6.15.0.tgz. Extracting by manifest.
3049 silly tarball no local data for chalk@https://registry.npmjs.org/chalk/-/chalk-4.1.2.tgz. Extracting by manifest.
3050 silly tarball no local data for @nodelib/fs.walk@https://registry.npmjs.org/@nodelib/fs.walk/-/fs.walk-1.2.8.tgz. Extracting by manifest.
3051 silly tarball no local data for @ungap/structured-clone@https://registry.npmjs.org/@ungap/structured-clone/-/structured-clone-1.3.0.tgz. Extracting by manifest.
3052 silly tarball no local data for fast-deep-equal@https://registry.npmjs.org/fast-deep-equal/-/fast-deep-equal-3.1.3.tgz. Extracting by manifest.
3053 silly tarball no local data for espree@https://registry.npmjs.org/espree/-/espree-9.6.1.tgz. Extracting by manifest.
3054 silly tarball no local data for @humanwhocodes/config-array@https://registry.npmjs.org/@humanwhocodes/config-array/-/config-array-0.13.0.tgz. Extracting by manifest.
3055 silly tarball no local data for @humanwhocodes/module-importer@https://registry.npmjs.org/@humanwhocodes/module-importer/-/module-importer-1.0.1.tgz. Extracting by manifest.
3056 silly tarball no local data for @eslint/js@https://registry.npmjs.org/@eslint/js/-/js-8.57.1.tgz. Extracting by manifest.
3057 silly tarball no local data for @eslint-community/regexpp@https://registry.npmjs.org/@eslint-community/regexpp/-/regexpp-4.12.2.tgz. Extracting by manifest.
3058 silly tarball no local data for cross-spawn@https://registry.npmjs.org/cross-spawn/-/cross-spawn-7.0.6.tgz. Extracting by manifest.
3059 silly tarball no local data for @eslint-community/eslint-utils@https://registry.npmjs.org/@eslint-community/eslint-utils/-/eslint-utils-4.9.1.tgz. Extracting by manifest.
3060 silly tarball no local data for csstype@https://registry.npmjs.org/csstype/-/csstype-3.2.3.tgz. Extracting by manifest.
3061 silly tarball no local data for @types/prop-types@https://registry.npmjs.org/@types/prop-types/-/prop-types-15.7.15.tgz. Extracting by manifest.
3062 silly tarball no local data for @eslint/eslintrc@https://registry.npmjs.org/@eslint/eslintrc/-/eslintrc-2.1.4.tgz. Extracting by manifest.
3063 silly tarball no local data for undici-types@https://registry.npmjs.org/undici-types/-/undici-types-6.21.0.tgz. Extracting by manifest.
3064 silly tarball no local data for ws@https://registry.npmjs.org/ws/-/ws-8.20.0.tgz. Extracting by manifest.
3065 silly tarball no local data for iceberg-js@https://registry.npmjs.org/iceberg-js/-/iceberg-js-0.8.1.tgz. Extracting by manifest.
3066 silly tarball no local data for @supabase/phoenix@https://registry.npmjs.org/@supabase/phoenix/-/phoenix-0.4.1.tgz. Extracting by manifest.
3067 silly tarball no local data for @supabase/storage-js@https://registry.npmjs.org/@supabase/storage-js/-/storage-js-2.105.1.tgz. Extracting by manifest.
3068 silly tarball no local data for tslib@https://registry.npmjs.org/tslib/-/tslib-2.8.1.tgz. Extracting by manifest.
3069 silly tarball no local data for @types/ws@https://registry.npmjs.org/@types/ws/-/ws-8.18.1.tgz. Extracting by manifest.
3070 silly tarball no local data for @supabase/realtime-js@https://registry.npmjs.org/@supabase/realtime-js/-/realtime-js-2.105.1.tgz. Extracting by manifest.
3071 silly tarball no local data for typescript@https://registry.npmjs.org/typescript/-/typescript-5.9.3.tgz. Extracting by manifest.
3072 silly tarball no local data for @supabase/postgrest-js@https://registry.npmjs.org/@supabase/postgrest-js/-/postgrest-js-2.105.1.tgz. Extracting by manifest.
3073 silly tarball no local data for tailwindcss@https://registry.npmjs.org/tailwindcss/-/tailwindcss-3.4.19.tgz. Extracting by manifest.
3074 silly tarball no local data for @supabase/functions-js@https://registry.npmjs.org/@supabase/functions-js/-/functions-js-2.105.1.tgz. Extracting by manifest.
3075 silly tarball no local data for postcss@https://registry.npmjs.org/postcss/-/postcss-8.5.12.tgz. Extracting by manifest.
3076 silly tarball no local data for react-dom@https://registry.npmjs.org/react-dom/-/react-dom-18.3.1.tgz. Extracting by manifest.
3077 silly tarball no local data for @supabase/auth-js@https://registry.npmjs.org/@supabase/auth-js/-/auth-js-2.105.1.tgz. Extracting by manifest.
3078 silly tarball no local data for react@https://registry.npmjs.org/react/-/react-18.3.1.tgz. Extracting by manifest.
3079 silly tarball no local data for lucide-react@https://registry.npmjs.org/lucide-react/-/lucide-react-0.379.0.tgz. Extracting by manifest.
3080 silly tarball no local data for eslint-config-next@https://registry.npmjs.org/eslint-config-next/-/eslint-config-next-14.2.3.tgz. Extracting by manifest.
3081 silly tarball no local data for eslint@https://registry.npmjs.org/eslint/-/eslint-8.57.1.tgz. Extracting by manifest.
3082 silly tarball no local data for @types/react-dom@https://registry.npmjs.org/@types/react-dom/-/react-dom-18.3.7.tgz. Extracting by manifest.
3083 silly tarball no local data for next@https://registry.npmjs.org/next/-/next-14.2.3.tgz. Extracting by manifest.
3084 silly tarball no local data for @types/react@https://registry.npmjs.org/@types/react/-/react-18.3.28.tgz. Extracting by manifest.
3085 silly tarball no local data for @types/node@https://registry.npmjs.org/@types/node/-/node-20.19.39.tgz. Extracting by manifest.
3086 silly tarball no local data for resolve@https://registry.npmjs.org/resolve/-/resolve-1.22.12.tgz. Extracting by manifest.
3087 silly tarball no local data for glob-parent@https://registry.npmjs.org/glob-parent/-/glob-parent-5.1.2.tgz. Extracting by manifest.
3088 silly tarball no local data for semver@https://registry.npmjs.org/semver/-/semver-6.3.1.tgz. Extracting by manifest.
3089 silly tarball no local data for emoji-regex@https://registry.npmjs.org/emoji-regex/-/emoji-regex-8.0.0.tgz. Extracting by manifest.
3090 silly tarball no local data for strip-ansi@https://registry.npmjs.org/strip-ansi/-/strip-ansi-7.2.0.tgz. Extracting by manifest.
3091 silly tarball no local data for string-width@https://registry.npmjs.org/string-width/-/string-width-4.2.3.tgz. Extracting by manifest.
3092 silly tarball no local data for ansi-styles@https://registry.npmjs.org/ansi-styles/-/ansi-styles-6.2.3.tgz. Extracting by manifest.
3093 silly tarball no local data for @supabase/supabase-js@https://registry.npmjs.org/@supabase/supabase-js/-/supabase-js-2.105.1.tgz. Extracting by manifest.
3094 silly tarball no local data for emoji-regex@https://registry.npmjs.org/emoji-regex/-/emoji-regex-8.0.0.tgz. Extracting by manifest.
3095 silly tarball no local data for ansi-regex@https://registry.npmjs.org/ansi-regex/-/ansi-regex-6.2.2.tgz. Extracting by manifest.
3096 silly tarball no local data for ansi-regex@https://registry.npmjs.org/ansi-regex/-/ansi-regex-6.2.2.tgz. Extracting by manifest.
3097 silly tarball no local data for strip-ansi@https://registry.npmjs.org/strip-ansi/-/strip-ansi-7.2.0.tgz. Extracting by manifest.
3098 silly tarball no local data for glob-parent@https://registry.npmjs.org/glob-parent/-/glob-parent-5.1.2.tgz. Extracting by manifest.
3099 silly tarball no local data for glob@https://registry.npmjs.org/glob/-/glob-7.2.3.tgz. Extracting by manifest.
3100 silly tarball no local data for ansi-regex@https://registry.npmjs.org/ansi-regex/-/ansi-regex-6.2.2.tgz. Extracting by manifest.
3101 silly tarball no local data for debug@https://registry.npmjs.org/debug/-/debug-3.2.7.tgz. Extracting by manifest.
3102 silly tarball no local data for strip-ansi@https://registry.npmjs.org/strip-ansi/-/strip-ansi-7.2.0.tgz. Extracting by manifest.
3103 silly tarball no local data for fdir@https://registry.npmjs.org/fdir/-/fdir-6.5.0.tgz. Extracting by manifest.
3104 silly tarball no local data for picomatch@https://registry.npmjs.org/picomatch/-/picomatch-4.0.4.tgz. Extracting by manifest.
3105 silly tarball no local data for minimatch@https://registry.npmjs.org/minimatch/-/minimatch-9.0.3.tgz. Extracting by manifest.
3106 silly tarball no local data for brace-expansion@https://registry.npmjs.org/brace-expansion/-/brace-expansion-2.1.0.tgz. Extracting by manifest.
3107 silly tarball no local data for semver@https://registry.npmjs.org/semver/-/semver-6.3.1.tgz. Extracting by manifest.
3108 silly tarball no local data for minimatch@https://registry.npmjs.org/minimatch/-/minimatch-9.0.9.tgz. Extracting by manifest.
3109 silly tarball no local data for doctrine@https://registry.npmjs.org/doctrine/-/doctrine-2.1.0.tgz. Extracting by manifest.
3110 silly tarball no local data for semver@https://registry.npmjs.org/semver/-/semver-6.3.1.tgz. Extracting by manifest.
3111 silly tarball no local data for doctrine@https://registry.npmjs.org/doctrine/-/doctrine-2.1.0.tgz. Extracting by manifest.
3112 silly tarball no local data for debug@https://registry.npmjs.org/debug/-/debug-3.2.7.tgz. Extracting by manifest.
3113 silly tarball no local data for resolve@https://registry.npmjs.org/resolve/-/resolve-1.22.12.tgz. Extracting by manifest.
3114 silly tarball no local data for postcss@https://registry.npmjs.org/postcss/-/postcss-8.4.31.tgz. Extracting by manifest.
3115 silly tarball no local data for brace-expansion@https://registry.npmjs.org/brace-expansion/-/brace-expansion-2.1.0.tgz. Extracting by manifest.
3116 silly tarball no local data for debug@https://registry.npmjs.org/debug/-/debug-3.2.7.tgz. Extracting by manifest.
3117 http fetch GET 200 https://registry.npmjs.org/inflight/-/inflight-1.0.6.tgz 100ms (cache miss)
3118 warn deprecated inflight@1.0.6: This module is not supported, and leaks memory. Do not use it. Check out lru-cache if you want a good and tested way to coalesce async requests by a key value, which is much more comprehensive and powerful.
3119 http fetch GET 200 https://registry.npmjs.org/inherits/-/inherits-2.0.4.tgz 101ms (cache miss)
3120 http fetch GET 200 https://registry.npmjs.org/wrappy/-/wrappy-1.0.2.tgz 118ms (cache miss)
3121 http fetch GET 200 https://registry.npmjs.org/path-is-absolute/-/path-is-absolute-1.0.1.tgz 118ms (cache miss)
3122 http fetch GET 200 https://registry.npmjs.org/fs.realpath/-/fs.realpath-1.0.0.tgz 120ms (cache miss)
3123 http fetch GET 200 https://registry.npmjs.org/once/-/once-1.4.0.tgz 121ms (cache miss)
3124 http fetch GET 200 https://registry.npmjs.org/isexe/-/isexe-2.0.0.tgz 122ms (cache miss)
3125 http fetch GET 200 https://registry.npmjs.org/is-bigint/-/is-bigint-1.1.0.tgz 123ms (cache miss)
3126 http fetch GET 200 https://registry.npmjs.org/is-number-object/-/is-number-object-1.1.1.tgz 123ms (cache miss)
3127 http fetch GET 200 https://registry.npmjs.org/punycode/-/punycode-2.3.1.tgz 123ms (cache miss)
3128 http fetch GET 200 https://registry.npmjs.org/is-boolean-object/-/is-boolean-object-1.2.2.tgz 123ms (cache miss)
3129 http fetch GET 200 https://registry.npmjs.org/which-boxed-primitive/-/which-boxed-primitive-1.1.1.tgz 130ms (cache miss)
3130 http fetch GET 200 https://registry.npmjs.org/has-bigints/-/has-bigints-1.1.0.tgz 142ms (cache miss)
3131 http fetch GET 200 https://registry.npmjs.org/reflect.getprototypeof/-/reflect.getprototypeof-1.0.10.tgz 148ms (cache miss)
3132 http fetch GET 200 https://registry.npmjs.org/is-finalizationregistry/-/is-finalizationregistry-1.1.1.tgz 150ms (cache miss)
3133 http fetch GET 200 https://registry.npmjs.org/async-function/-/async-function-1.0.0.tgz 151ms (cache miss)
3134 http fetch GET 200 https://registry.npmjs.org/for-each/-/for-each-0.3.5.tgz 150ms (cache miss)
3135 http fetch GET 200 https://registry.npmjs.org/generator-function/-/generator-function-2.0.1.tgz 153ms (cache miss)
3136 http fetch GET 200 https://registry.npmjs.org/which-collection/-/which-collection-1.0.2.tgz 153ms (cache miss)
3137 http fetch GET 200 https://registry.npmjs.org/is-weakset/-/is-weakset-2.0.4.tgz 154ms (cache miss)
3138 http fetch GET 200 https://registry.npmjs.org/is-weakmap/-/is-weakmap-2.0.2.tgz 154ms (cache miss)
3139 http fetch GET 200 https://registry.npmjs.org/is-generator-function/-/is-generator-function-1.1.2.tgz 154ms (cache miss)
3140 http fetch GET 200 https://registry.npmjs.org/strip-bom/-/strip-bom-3.0.0.tgz 153ms (cache miss)
3141 http fetch GET 200 https://registry.npmjs.org/is-map/-/is-map-2.0.3.tgz 156ms (cache miss)
3142 http fetch GET 200 https://registry.npmjs.org/napi-postinstall/-/napi-postinstall-0.3.4.tgz 156ms (cache miss)
3143 http fetch GET 200 https://registry.npmjs.org/which-builtin-type/-/which-builtin-type-1.2.1.tgz 156ms (cache miss)
3144 http fetch GET 200 https://registry.npmjs.org/json5/-/json5-1.0.2.tgz 158ms (cache miss)
3145 http fetch GET 200 https://registry.npmjs.org/thenify-all/-/thenify-all-1.6.0.tgz 161ms (cache miss)
3146 http fetch GET 200 https://registry.npmjs.org/minimist/-/minimist-1.2.8.tgz 163ms (cache miss)
3147 http fetch GET 200 https://registry.npmjs.org/is-number/-/is-number-7.0.0.tgz 165ms (cache miss)
3148 http fetch GET 200 https://registry.npmjs.org/thenify/-/thenify-3.3.1.tgz 165ms (cache miss)
3149 http fetch GET 200 https://registry.npmjs.org/is-async-function/-/is-async-function-2.1.1.tgz 165ms (cache miss)
3150 http fetch GET 200 https://registry.npmjs.org/any-promise/-/any-promise-1.3.0.tgz 170ms (cache miss)
3151 http fetch GET 200 https://registry.npmjs.org/ts-interface-checker/-/ts-interface-checker-0.1.13.tgz 176ms (cache miss)
3152 http fetch GET 200 https://registry.npmjs.org/lines-and-columns/-/lines-and-columns-1.2.4.tgz 178ms (cache miss)
3153 http fetch GET 200 https://registry.npmjs.org/pirates/-/pirates-4.0.7.tgz 179ms (cache miss)
3154 http fetch GET 200 https://registry.npmjs.org/mz/-/mz-2.7.0.tgz 179ms (cache miss)
3155 http fetch POST 200 https://registry.npmjs.org/-/npm/v1/security/advisories/bulk 224ms
3156 silly audit report {
3156 silly audit report   next: [
3156 silly audit report     {
3156 silly audit report       id: 1099638,
3156 silly audit report       url: 'https://github.com/advisories/GHSA-gp8f-8m3g-qvj9',
3156 silly audit report       title: 'Next.js Cache Poisoning',
3156 silly audit report       severity: 'high',
3156 silly audit report       vulnerable_versions: '>=14.0.0 <14.2.10',
3156 silly audit report       cwe: [Array],
3156 silly audit report       cvss: [Object]
3156 silly audit report     },
3156 silly audit report     {
3156 silly audit report       id: 1100421,
3156 silly audit report       url: 'https://github.com/advisories/GHSA-g77x-44xx-532m',
3156 silly audit report       title: 'Denial of Service condition in Next.js image optimization',
3156 silly audit report       severity: 'moderate',
3156 silly audit report       vulnerable_versions: '>=10.0.0 <14.2.7',
3156 silly audit report       cwe: [Array],
3156 silly audit report       cvss: [Object]
3156 silly audit report     },
3156 silly audit report     {
3156 silly audit report       id: 1101438,
3156 silly audit report       url: 'https://github.com/advisories/GHSA-7m27-7ghc-44w9',
3156 silly audit report       title: 'Next.js Allows a Denial of Service (DoS) with Server Actions',
3156 silly audit report       severity: 'moderate',
3156 silly audit report       vulnerable_versions: '>=14.0.0 <14.2.21',
3156 silly audit report       cwe: [Array],
3156 silly audit report       cvss: [Object]
3156 silly audit report     },
3156 silly audit report     {
3156 silly audit report       id: 1105461,
3156 silly audit report       url: 'https://github.com/advisories/GHSA-3h52-269p-cp9r',
3156 silly audit report       title: 'Information exposure in Next.js dev server due to lack of origin verification',
3156 silly audit report       severity: 'low',
3156 silly audit report       vulnerable_versions: '>=13.0 <14.2.30',
3156 silly audit report       cwe: [Array],
3156 silly audit report       cvss: [Object]
3156 silly audit report     },
3156 silly audit report     {
3156 silly audit report       id: 1111391,
3156 silly audit report       url: 'https://github.com/advisories/GHSA-mwv6-3258-q52c',
3156 silly audit report       title: 'Next Vulnerable to Denial of Service with Server Components',
3156 silly audit report       severity: 'high',
3156 silly audit report       vulnerable_versions: '>=13.3.0 <14.2.34',
3156 silly audit report       cwe: [Array],
3156 silly audit report       cvss: [Object]
3156 silly audit report     },
3156 silly audit report     {
3156 silly audit report       id: 1107226,
3156 silly audit report       url: 'https://github.com/advisories/GHSA-g5qg-72qw-gw5v',
3156 silly audit report       title: 'Next.js Affected by Cache Key Confusion for Image Optimization API Routes',
3156 silly audit report       severity: 'moderate',
3156 silly audit report       vulnerable_versions: '>=0.9.9 <14.2.31',
3156 silly audit report       cwe: [Array],
3156 silly audit report       cvss: [Object]
3156 silly audit report     },
3156 silly audit report     {
3156 silly audit report       id: 1107420,
3156 silly audit report       url: 'https://github.com/advisories/GHSA-7gfc-8cq8-jh5f',
3156 silly audit report       title: 'Next.js authorization bypass vulnerability',
3156 silly audit report       severity: 'high',
3156 silly audit report       vulnerable_versions: '>=9.5.5 <14.2.15',
3156 silly audit report       cwe: [Array],
3156 silly audit report       cvss: [Object]
3156 silly audit report     },
3156 silly audit report     {
3156 silly audit report       id: 1107512,
3156 silly audit report       url: 'https://github.com/advisories/GHSA-4342-x723-ch2f',
3156 silly audit report       title: 'Next.js Improper Middleware Redirect Handling Leads to SSRF',
3156 silly audit report       severity: 'moderate',
3156 silly audit report       vulnerable_versions: '>=0.9.9 <14.2.32',
3156 silly audit report       cwe: [Array],
3156 silly audit report       cvss: [Object]
3156 silly audit report     },
3156 silly audit report     {
3156 silly audit report       id: 1107513,
3156 silly audit report       url: 'https://github.com/advisories/GHSA-xv57-4mr9-wg8v',
3156 silly audit report       title: 'Next.js Content Injection Vulnerability for Image Optimization',
3156 silly audit report       severity: 'moderate',
3156 silly audit report       vulnerable_versions: '>=0.9.9 <14.2.31',
3156 silly audit report       cwe: [Array],
3156 silly audit report       cvss: [Object]
3156 silly audit report     },
3156 silly audit report     {
3156 silly audit report       id: 1112182,
3156 silly audit report       url: 'https://github.com/advisories/GHSA-5j59-xgg2-r9c4',
3156 silly audit report       title: 'Next has a Denial of Service with Server Components - Incomplete Fix Follow-Up',
3156 silly audit report       severity: 'high',
3156 silly audit report       vulnerable_versions: '>=13.3.1-canary.0 <14.2.35',
3156 silly audit report       cwe: [Array],
3156 silly audit report       cvss: [Object]
3156 silly audit report     },
3156 silly audit report     {
3156 silly audit report       id: 1108291,
3156 silly audit report       url: 'https://github.com/advisories/GHSA-qpjv-v59x-3qc4',
3156 silly audit report       title: 'Next.js Race Condition to Cache Poisoning',
3156 silly audit report       severity: 'low',
3156 silly audit report       vulnerable_versions: '>=0.9.9 <14.2.24',
3156 silly audit report       cwe: [Array],
3156 silly audit report       cvss: [Object]
3156 silly audit report     },
3156 silly audit report     {
3156 silly audit report       id: 1112593,
3156 silly audit report       url: 'https://github.com/advisories/GHSA-9g9p-9gw9-jx7f',
3156 silly audit report       title: 'Next.js self-hosted applications vulnerable to DoS via Image Optimizer remotePatterns configuration',
3156 silly audit report       severity: 'moderate',
3156 silly audit report       vulnerable_versions: '>=10.0.0 <15.5.10',
3156 silly audit report       cwe: [Array],
3156 silly audit report       cvss: [Object]
3156 silly audit report     },
3156 silly audit report     {
3156 silly audit report       id: 1112653,
3156 silly audit report       url: 'https://github.com/advisories/GHSA-h25m-26qc-wcjf',
3156 silly audit report       title: 'Next.js HTTP request deserialization can lead to DoS when using insecure React Server Components',
3156 silly audit report       severity: 'high',
3156 silly audit report       vulnerable_versions: '>=13.0.0 <15.0.8',
3156 silly audit report       cwe: [Array],
3156 silly audit report       cvss: [Object]
3156 silly audit report     },
3156 silly audit report     {
3156 silly audit report       id: 1113689,
3156 silly audit report       url: 'https://github.com/advisories/GHSA-f82v-jwr5-mffw',
3156 silly audit report       title: 'Authorization Bypass in Next.js Middleware',
3156 silly audit report       severity: 'critical',
3156 silly audit report       vulnerable_versions: '>=14.0.0 <14.2.25',
3156 silly audit report       cwe: [Array],
3156 silly audit report       cvss: [Object]
3156 silly audit report     },
3156 silly audit report     {
3156 silly audit report       id: 1114897,
3156 silly audit report       url: 'https://github.com/advisories/GHSA-ggv3-7p47-pfv8',
3156 silly audit report       title: 'Next.js: HTTP request smuggling in rewrites',
3156 silly audit report       severity: 'moderate',
3156 silly audit report       vulnerable_versions: '>=9.5.0 <15.5.13',
3156 silly audit report       cwe: [Array],
3156 silly audit report       cvss: [Object]
3156 silly audit report     },
3156 silly audit report     {
3156 silly audit report       id: 1114940,
3156 silly audit report       url: 'https://github.com/advisories/GHSA-3x4c-7xq6-9pq8',
3156 silly audit report       title: 'Next.js: Unbounded next/image disk cache growth can exhaust storage',
3156 silly audit report       severity: 'moderate',
3156 silly audit report       vulnerable_versions: '>=10.0.0 <15.5.14',
3156 silly audit report       cwe: [Array],
3156 silly audit report       cvss: [Object]
3156 silly audit report     },
3156 silly audit report     {
3156 silly audit report       id: 1116376,
3156 silly audit report       url: 'https://github.com/advisories/GHSA-q4gf-8mx6-v5v3',
3156 silly audit report       title: 'Next.js has a Denial of Service with Server Components',
3156 silly audit report       severity: 'high',
3156 silly audit report       vulnerable_versions: '>=13.0.0 <15.5.15',
3156 silly audit report       cwe: [Array],
3156 silly audit report       cvss: [Object]
3156 silly audit report     }
3156 silly audit report   ],
3156 silly audit report   postcss: [
3156 silly audit report     {
3156 silly audit report       id: 1117015,
3156 silly audit report       url: 'https://github.com/advisories/GHSA-qx2v-qp2m-jg93',
3156 silly audit report       title: 'PostCSS has XSS via Unescaped </style> in its CSS Stringify Output',
3156 silly audit report       severity: 'moderate',
3156 silly audit report       vulnerable_versions: '<8.5.10',
3156 silly audit report       cwe: [Array],
3156 silly audit report       cvss: [Object]
3156 silly audit report     }
3156 silly audit report   ],
3156 silly audit report   minimatch: [
3156 silly audit report     {
3156 silly audit report       id: 1113465,
3156 silly audit report       url: 'https://github.com/advisories/GHSA-3ppc-4f35-3m26',
3156 silly audit report       title: 'minimatch has a ReDoS via repeated wildcards with non-matching literal in pattern',
3156 silly audit report       severity: 'high',
3156 silly audit report       vulnerable_versions: '>=9.0.0 <9.0.6',
3156 silly audit report       cwe: [Array],
3156 silly audit report       cvss: [Object]
3156 silly audit report     },
3156 silly audit report     {
3156 silly audit report       id: 1113544,
3156 silly audit report       url: 'https://github.com/advisories/GHSA-7r86-cg39-jmmj',
3156 silly audit report       title: 'minimatch has ReDoS: matchOne() combinatorial backtracking via multiple non-adjacent GLOBSTAR segments',
3156 silly audit report       severity: 'high',
3156 silly audit report       vulnerable_versions: '>=9.0.0 <9.0.7',
3156 silly audit report       cwe: [Array],
3156 silly audit report       cvss: [Object]
3156 silly audit report     },
3156 silly audit report     {
3156 silly audit report       id: 1113552,
3156 silly audit report       url: 'https://github.com/advisories/GHSA-23c5-xmqv-rm74',
3156 silly audit report       title: 'minimatch ReDoS: nested *() extglobs generate catastrophically backtracking regular expressions',
3156 silly audit report       severity: 'high',
3156 silly audit report       vulnerable_versions: '>=9.0.0 <9.0.7',
3156 silly audit report       cwe: [Array],
3156 silly audit report       cvss: [Object]
3156 silly audit report     }
3156 silly audit report   ],
3156 silly audit report   glob: [
3156 silly audit report     {
3156 silly audit report       id: 1109842,
3156 silly audit report       url: 'https://github.com/advisories/GHSA-5j98-mcp5-4vw2',
3156 silly audit report       title: 'glob CLI: Command injection via -c/--cmd executes matches with shell:true',
3156 silly audit report       severity: 'high',
3156 silly audit report       vulnerable_versions: '>=10.2.0 <10.5.0',
3156 silly audit report       cwe: [Array],
3156 silly audit report       cvss: [Object]
3156 silly audit report     }
3156 silly audit report   ]
3156 silly audit report }
3157 silly packumentCache corgi:https://registry.npmjs.org/next cache-miss
3158 silly packumentCache corgi:https://registry.npmjs.org/postcss cache-miss
3159 silly packumentCache corgi:https://registry.npmjs.org/minimatch cache-miss
3160 silly packumentCache corgi:https://registry.npmjs.org/glob cache-miss
3161 http fetch GET 200 https://registry.npmjs.org/commander/-/commander-4.1.1.tgz 191ms (cache miss)
3162 http fetch GET 200 https://registry.npmjs.org/@jridgewell/sourcemap-codec/-/sourcemap-codec-1.5.5.tgz 192ms (cache miss)
3163 http fetch GET 200 https://registry.npmjs.org/pify/-/pify-2.3.0.tgz 192ms (cache miss)
3164 http fetch GET 200 https://registry.npmjs.org/util-deprecate/-/util-deprecate-1.0.2.tgz 191ms (cache miss)
3165 http fetch GET 200 https://registry.npmjs.org/cssesc/-/cssesc-3.0.0.tgz 193ms (cache miss)
3166 http fetch GET 200 https://registry.npmjs.org/@jridgewell/trace-mapping/-/trace-mapping-0.3.31.tgz 195ms (cache miss)
3167 http fetch GET 200 https://registry.npmjs.org/postcss-value-parser/-/postcss-value-parser-4.2.0.tgz 208ms (cache miss)
3168 http fetch GET 200 https://registry.npmjs.org/is-binary-path/-/is-binary-path-2.1.0.tgz 209ms (cache miss)
3169 http fetch GET 200 https://registry.npmjs.org/binary-extensions/-/binary-extensions-2.3.0.tgz 209ms (cache miss)
3170 http fetch GET 200 https://registry.npmjs.org/readdirp/-/readdirp-3.6.0.tgz 209ms (cache miss)
3171 http fetch GET 200 https://registry.npmjs.org/read-cache/-/read-cache-1.0.0.tgz 210ms (cache miss)
3172 http fetch GET 200 https://registry.npmjs.org/camelcase-css/-/camelcase-css-2.0.1.tgz 210ms (cache miss)
3173 http fetch GET 200 https://registry.npmjs.org/anymatch/-/anymatch-3.1.3.tgz 210ms (cache miss)
3174 http fetch GET 200 https://registry.npmjs.org/fsevents/-/fsevents-2.3.3.tgz 214ms (cache miss)
3175 http fetch GET 200 https://registry.npmjs.org/postcss-nested/-/postcss-nested-6.2.0.tgz 219ms (cache miss)
3176 http fetch GET 200 https://registry.npmjs.org/@jridgewell/gen-mapping/-/gen-mapping-0.3.13.tgz 221ms (cache miss)
3177 http fetch GET 200 https://registry.npmjs.org/postcss-import/-/postcss-import-15.1.0.tgz 221ms (cache miss)
3178 http fetch GET 200 https://registry.npmjs.org/postcss-js/-/postcss-js-4.1.0.tgz 228ms (cache miss)
3179 http fetch GET 200 https://registry.npmjs.org/normalize-path/-/normalize-path-3.0.0.tgz 228ms (cache miss)
3180 http fetch GET 200 https://registry.npmjs.org/postcss-selector-parser/-/postcss-selector-parser-6.1.2.tgz 229ms (cache miss)
3181 http fetch GET 200 https://registry.npmjs.org/object-hash/-/object-hash-3.0.0.tgz 229ms (cache miss)
3182 http fetch GET 200 https://registry.npmjs.org/didyoumean/-/didyoumean-1.2.2.tgz 229ms (cache miss)
3183 http fetch GET 200 https://registry.npmjs.org/dlv/-/dlv-1.1.3.tgz 233ms (cache miss)
3184 http fetch GET 200 https://registry.npmjs.org/arg/-/arg-5.0.2.tgz 234ms (cache miss)
3185 http fetch GET 200 https://registry.npmjs.org/postcss-load-config/-/postcss-load-config-6.0.1.tgz 236ms (cache miss)
3186 http fetch GET 200 https://registry.npmjs.org/has-flag/-/has-flag-4.0.0.tgz 239ms (cache miss)
3187 http fetch GET 200 https://registry.npmjs.org/lilconfig/-/lilconfig-3.1.3.tgz 242ms (cache miss)
3188 http fetch GET 200 https://registry.npmjs.org/chokidar/-/chokidar-3.6.0.tgz 244ms (cache miss)
3189 http fetch GET 200 https://registry.npmjs.org/ansi-regex/-/ansi-regex-5.0.1.tgz 243ms (cache miss)
3190 http fetch GET 200 https://registry.npmjs.org/eastasianwidth/-/eastasianwidth-0.2.0.tgz 252ms (cache miss)
3191 http fetch GET 200 https://registry.npmjs.org/@alloc/quick-lru/-/quick-lru-5.2.0.tgz 254ms (cache miss)
3192 http fetch GET 200 https://registry.npmjs.org/is-fullwidth-code-point/-/is-fullwidth-code-point-3.0.0.tgz 253ms (cache miss)
3193 http fetch GET 200 https://registry.npmjs.org/client-only/-/client-only-0.0.1.tgz 253ms (cache miss)
3194 http fetch GET 200 https://registry.npmjs.org/side-channel-map/-/side-channel-map-1.0.1.tgz 253ms (cache miss)
3195 http fetch GET 200 https://registry.npmjs.org/queue-microtask/-/queue-microtask-1.2.3.tgz 254ms (cache miss)
3196 http fetch GET 200 https://registry.npmjs.org/side-channel-list/-/side-channel-list-1.0.1.tgz 259ms (cache miss)
3197 http fetch GET 200 https://registry.npmjs.org/supports-preserve-symlinks-flag/-/supports-preserve-symlinks-flag-1.0.0.tgz 263ms (cache miss)
3198 http fetch GET 200 https://registry.npmjs.org/side-channel-weakmap/-/side-channel-weakmap-1.0.2.tgz 263ms (cache miss)
3199 http fetch GET 200 https://registry.npmjs.org/shebang-regex/-/shebang-regex-3.0.0.tgz 265ms (cache miss)
3200 http fetch GET 200 https://registry.npmjs.org/path-parse/-/path-parse-1.0.7.tgz 265ms (cache miss)
3201 http fetch GET 200 https://registry.npmjs.org/isarray/-/isarray-2.0.5.tgz 266ms (cache miss)
3202 http fetch GET 200 https://registry.npmjs.org/jiti/-/jiti-1.21.7.tgz 277ms (cache miss)
3203 http fetch GET 200 https://registry.npmjs.org/object-assign/-/object-assign-4.1.1.tgz 276ms (cache miss)
3204 http fetch GET 200 https://registry.npmjs.org/react-is/-/react-is-16.13.1.tgz 276ms (cache miss)
3205 http fetch GET 200 https://registry.npmjs.org/picocolors/-/picocolors-1.1.1.tgz 277ms (cache miss)
3206 http fetch GET 200 https://registry.npmjs.org/node-exports-info/-/node-exports-info-1.6.0.tgz 281ms (cache miss)
3207 http fetch GET 200 https://registry.npmjs.org/scheduler/-/scheduler-0.23.2.tgz 283ms (cache miss)
3208 http fetch GET 200 https://registry.npmjs.org/js-tokens/-/js-tokens-4.0.0.tgz 283ms (cache miss)
3209 http fetch GET 200 https://registry.npmjs.org/nanoid/-/nanoid-3.3.11.tgz 282ms (cache miss)
3210 http fetch GET 200 https://registry.npmjs.org/callsites/-/callsites-3.1.0.tgz 283ms (cache miss)
3211 http fetch GET 200 https://registry.npmjs.org/loose-envify/-/loose-envify-1.4.0.tgz 285ms (cache miss)
3212 http fetch GET 200 https://registry.npmjs.org/source-map-js/-/source-map-js-1.2.1.tgz 286ms (cache miss)
3213 http fetch GET 200 https://registry.npmjs.org/sucrase/-/sucrase-3.35.1.tgz 294ms (cache miss)
3214 http fetch GET 200 https://registry.npmjs.org/yocto-queue/-/yocto-queue-0.1.0.tgz 292ms (cache miss)
3215 http fetch GET 200 https://registry.npmjs.org/deep-is/-/deep-is-0.1.4.tgz 292ms (cache miss)
3216 http fetch GET 200 https://registry.npmjs.org/fast-levenshtein/-/fast-levenshtein-2.0.6.tgz 296ms (cache miss)
3217 http fetch GET 200 https://registry.npmjs.org/p-limit/-/p-limit-3.1.0.tgz 296ms (cache miss)
3218 http fetch GET 200 https://registry.npmjs.org/word-wrap/-/word-wrap-1.2.5.tgz 295ms (cache miss)
3219 http fetch GET 200 https://registry.npmjs.org/lru-cache/-/lru-cache-10.4.3.tgz 296ms (cache miss)
3220 http fetch GET 200 https://registry.npmjs.org/graceful-fs/-/graceful-fs-4.2.11.tgz 299ms (cache miss)
3221 http fetch GET 200 https://registry.npmjs.org/balanced-match/-/balanced-match-1.0.2.tgz 324ms (cache miss)
3222 http fetch GET 200 https://registry.npmjs.org/@swc/counter/-/counter-0.1.3.tgz 326ms (cache miss)
3223 http fetch GET 200 https://registry.npmjs.org/concat-map/-/concat-map-0.0.1.tgz 325ms (cache miss)
3224 http fetch GET 200 https://registry.npmjs.org/to-regex-range/-/to-regex-range-5.0.1.tgz 325ms (cache miss)
3225 http fetch GET 200 https://registry.npmjs.org/fill-range/-/fill-range-7.1.1.tgz 327ms (cache miss)
3226 http fetch GET 200 https://registry.npmjs.org/brace-expansion/-/brace-expansion-1.1.14.tgz 327ms (cache miss)
3227 http fetch GET 200 https://registry.npmjs.org/streamsearch/-/streamsearch-1.1.0.tgz 328ms (cache miss)
3228 http fetch GET 200 https://registry.npmjs.org/styled-jsx/-/styled-jsx-5.1.1.tgz 332ms (cache miss)
3229 http fetch GET 200 https://registry.npmjs.org/p-locate/-/p-locate-5.0.0.tgz 335ms (cache miss)
3230 http fetch GET 200 https://registry.npmjs.org/busboy/-/busboy-1.6.0.tgz 337ms (cache miss)
3231 http fetch GET 200 https://registry.npmjs.org/type-check/-/type-check-0.4.0.tgz 336ms (cache miss)
3232 http fetch GET 200 https://registry.npmjs.org/prelude-ls/-/prelude-ls-1.2.1.tgz 336ms (cache miss)
3233 http fetch GET 200 https://registry.npmjs.org/picomatch/-/picomatch-2.3.2.tgz 338ms (cache miss)
3234 http fetch GET 200 https://registry.npmjs.org/braces/-/braces-3.0.3.tgz 338ms (cache miss)
3235 http fetch GET 200 https://registry.npmjs.org/json-buffer/-/json-buffer-3.0.1.tgz 341ms (cache miss)
3236 http fetch GET 200 https://registry.npmjs.org/wrap-ansi/-/wrap-ansi-7.0.0.tgz 341ms (cache miss)
3237 http fetch GET 200 https://registry.npmjs.org/wrap-ansi/-/wrap-ansi-8.1.0.tgz 347ms (cache miss)
3238 http fetch GET 200 https://registry.npmjs.org/string-width/-/string-width-5.1.2.tgz 349ms (cache miss)
3239 http fetch GET 200 https://registry.npmjs.org/language-subtag-registry/-/language-subtag-registry-0.3.23.tgz 350ms (cache miss)
3240 http fetch GET 200 https://registry.npmjs.org/@types/json5/-/json5-0.0.29.tgz 362ms (cache miss)
3241 http fetch GET 200 https://registry.npmjs.org/string-width/-/string-width-4.2.3.tgz 351ms (cache miss)
3242 http fetch GET 200 https://registry.npmjs.org/strip-ansi/-/strip-ansi-6.0.1.tgz 354ms (cache miss)
3243 http fetch GET 200 https://registry.npmjs.org/is-extglob/-/is-extglob-2.1.1.tgz 357ms (cache miss)
3244 http fetch GET 200 https://registry.npmjs.org/parent-module/-/parent-module-1.0.1.tgz 366ms (cache miss)
3245 http fetch GET 200 https://registry.npmjs.org/side-channel/-/side-channel-1.1.0.tgz 366ms (cache miss)
3246 http fetch GET 200 https://registry.npmjs.org/set-function-name/-/set-function-name-2.0.2.tgz 366ms (cache miss)
3247 http fetch GET 200 https://registry.npmjs.org/resolve-from/-/resolve-from-4.0.0.tgz 368ms (cache miss)
3248 http fetch GET 200 https://registry.npmjs.org/slash/-/slash-3.0.0.tgz 372ms (cache miss)
3249 http fetch GET 200 https://registry.npmjs.org/path-type/-/path-type-4.0.0.tgz 372ms (cache miss)
3250 http fetch GET 200 https://registry.npmjs.org/@unrs/resolver-binding-darwin-arm64/-/resolver-binding-darwin-arm64-1.11.1.tgz 388ms (cache miss)
3251 http fetch GET 200 https://registry.npmjs.org/micromatch/-/micromatch-4.0.8.tgz 375ms (cache miss)
3252 http fetch GET 200 https://registry.npmjs.org/dir-glob/-/dir-glob-3.0.1.tgz 382ms (cache miss)
3253 http fetch GET 200 https://registry.npmjs.org/fast-glob/-/fast-glob-3.3.3.tgz 386ms (cache miss)
3254 http fetch GET 200 https://registry.npmjs.org/array-union/-/array-union-2.1.0.tgz 391ms (cache miss)
3255 http fetch GET 200 https://registry.npmjs.org/merge2/-/merge2-1.4.1.tgz 392ms (cache miss)
3256 http fetch GET 200 https://registry.npmjs.org/argparse/-/argparse-2.0.1.tgz 400ms (cache miss)
3257 http fetch GET 200 https://registry.npmjs.org/type-fest/-/type-fest-0.20.2.tgz 402ms (cache miss)
3258 http fetch GET 200 https://registry.npmjs.org/signal-exit/-/signal-exit-4.1.0.tgz 402ms (cache miss)
3259 http fetch GET 200 https://registry.npmjs.org/path-scurry/-/path-scurry-1.11.1.tgz 406ms (cache miss)
3260 http fetch GET 200 https://registry.npmjs.org/minipass/-/minipass-7.1.3.tgz 407ms (cache miss)
3261 http fetch GET 200 https://registry.npmjs.org/dunder-proto/-/dunder-proto-1.0.1.tgz 408ms (cache miss)
3262 http fetch GET 200 https://registry.npmjs.org/flatted/-/flatted-3.4.2.tgz 409ms (cache miss)
3263 http fetch GET 200 https://registry.npmjs.org/path-exists/-/path-exists-4.0.0.tgz 420ms (cache miss)
3264 http fetch GET 200 https://registry.npmjs.org/functions-have-names/-/functions-have-names-1.2.3.tgz 421ms (cache miss)
3265 http fetch GET 200 https://registry.npmjs.org/resolve-pkg-maps/-/resolve-pkg-maps-1.0.0.tgz 423ms (cache miss)
3266 http fetch GET 200 https://registry.npmjs.org/jackspeak/-/jackspeak-2.3.6.tgz 424ms (cache miss)
3267 http fetch GET 200 https://registry.npmjs.org/locate-path/-/locate-path-6.0.0.tgz 424ms (cache miss)
3268 http fetch GET 200 https://registry.npmjs.org/acorn-jsx/-/acorn-jsx-5.3.2.tgz 425ms (cache miss)
3269 http fetch GET 200 https://registry.npmjs.org/reusify/-/reusify-1.1.0.tgz 427ms (cache miss)
3270 http fetch GET 200 https://registry.npmjs.org/foreground-child/-/foreground-child-3.3.1.tgz 429ms (cache miss)
3271 http fetch GET 200 https://registry.npmjs.org/keyv/-/keyv-4.5.4.tgz 429ms (cache miss)
3272 http fetch GET 200 https://registry.npmjs.org/flat-cache/-/flat-cache-3.2.0.tgz 433ms (cache miss)
3273 http fetch GET 200 https://registry.npmjs.org/acorn/-/acorn-8.16.0.tgz 433ms (cache miss)
3274 http fetch GET 200 https://registry.npmjs.org/esrecurse/-/esrecurse-4.3.0.tgz 434ms (cache miss)
3275 http fetch GET 200 https://registry.npmjs.org/rimraf/-/rimraf-3.0.2.tgz 435ms (cache miss)
3276 warn deprecated rimraf@3.0.2: Rimraf versions prior to v4 are no longer supported
3277 http fetch GET 200 https://registry.npmjs.org/estraverse/-/estraverse-5.3.0.tgz 445ms (cache miss)
3278 http fetch GET 200 https://registry.npmjs.org/string.prototype.matchall/-/string.prototype.matchall-4.0.12.tgz 445ms (cache miss)
3279 http fetch GET 200 https://registry.npmjs.org/object.entries/-/object.entries-1.1.9.tgz 448ms (cache miss)
3280 http fetch GET 200 https://registry.npmjs.org/prop-types/-/prop-types-15.8.1.tgz 453ms (cache miss)
3281 http fetch GET 200 https://registry.npmjs.org/array.prototype.tosorted/-/array.prototype.tosorted-1.1.4.tgz 452ms (cache miss)
3282 http fetch GET 200 https://registry.npmjs.org/string.prototype.includes/-/string.prototype.includes-2.0.1.tgz 454ms (cache miss)
3283 http fetch GET 200 https://registry.npmjs.org/array.prototype.findlast/-/array.prototype.findlast-1.2.5.tgz 456ms (cache miss)
3284 http fetch GET 200 https://registry.npmjs.org/iterator.prototype/-/iterator.prototype-1.1.5.tgz 457ms (cache miss)
3285 http fetch GET 200 https://registry.npmjs.org/damerau-levenshtein/-/damerau-levenshtein-1.0.8.tgz 463ms (cache miss)
3286 http fetch GET 200 https://registry.npmjs.org/language-tags/-/language-tags-1.0.9.tgz 468ms (cache miss)
3287 http fetch GET 200 https://registry.npmjs.org/is-symbol/-/is-symbol-1.1.1.tgz 474ms (cache miss)
3288 http fetch GET 200 https://registry.npmjs.org/emoji-regex/-/emoji-regex-9.2.2.tgz 478ms (cache miss)
3289 http fetch GET 200 https://registry.npmjs.org/string.prototype.repeat/-/string.prototype.repeat-1.0.0.tgz 479ms (cache miss)
3290 http fetch GET 200 https://registry.npmjs.org/ast-types-flow/-/ast-types-flow-0.0.8.tgz 483ms (cache miss)
3291 http fetch GET 200 https://registry.npmjs.org/has-tostringtag/-/has-tostringtag-1.0.2.tgz 486ms (cache miss)
3292 http fetch GET 200 https://registry.npmjs.org/is-date-object/-/is-date-object-1.1.0.tgz 489ms (cache miss)
3293 http fetch GET 200 https://registry.npmjs.org/which-typed-array/-/which-typed-array-1.1.20.tgz 493ms (cache miss)
3294 http fetch GET 200 https://registry.npmjs.org/typed-array-length/-/typed-array-length-1.0.7.tgz 493ms (cache miss)
3295 http fetch GET 200 https://registry.npmjs.org/possible-typed-array-names/-/possible-typed-array-names-1.1.0.tgz 506ms (cache miss)
3296 http fetch GET 200 https://registry.npmjs.org/unbox-primitive/-/unbox-primitive-1.1.0.tgz 509ms (cache miss)
3297 http fetch GET 200 https://registry.npmjs.org/typed-array-byte-length/-/typed-array-byte-length-1.0.3.tgz 508ms (cache miss)
3298 http fetch GET 200 https://registry.npmjs.org/typed-array-byte-offset/-/typed-array-byte-offset-1.0.4.tgz 510ms (cache miss)
3299 http fetch GET 200 https://registry.npmjs.org/typed-array-buffer/-/typed-array-buffer-1.0.3.tgz 516ms (cache miss)
3300 http fetch GET 200 https://registry.npmjs.org/string.prototype.trimstart/-/string.prototype.trimstart-1.0.8.tgz 518ms (cache miss)
3301 http fetch GET 200 https://registry.npmjs.org/string.prototype.trim/-/string.prototype.trim-1.2.10.tgz 524ms (cache miss)
3302 http fetch GET 200 https://registry.npmjs.org/safe-regex-test/-/safe-regex-test-1.1.0.tgz 523ms (cache miss)
3303 http fetch GET 200 https://registry.npmjs.org/@next/env/-/env-14.2.3.tgz 534ms (cache miss)
3304 http fetch GET 200 https://registry.npmjs.org/set-proto/-/set-proto-1.0.0.tgz 525ms (cache miss)
3305 http fetch GET 200 https://registry.npmjs.org/stop-iteration-iterator/-/stop-iteration-iterator-1.1.0.tgz 526ms (cache miss)
3306 http fetch GET 200 https://registry.npmjs.org/own-keys/-/own-keys-1.0.1.tgz 528ms (cache miss)
3307 http fetch GET 200 https://registry.npmjs.org/is-weakref/-/is-weakref-1.1.1.tgz 538ms (cache miss)
3308 http fetch GET 200 https://registry.npmjs.org/safe-array-concat/-/safe-array-concat-1.1.4.tgz 541ms (cache miss)
3309 http fetch GET 200 https://registry.npmjs.org/is-regex/-/is-regex-1.2.1.tgz 540ms (cache miss)
3310 http fetch GET 200 https://registry.npmjs.org/safe-push-apply/-/safe-push-apply-1.0.0.tgz 541ms (cache miss)
3311 http fetch GET 200 https://registry.npmjs.org/is-set/-/is-set-2.0.3.tgz 544ms (cache miss)
3312 http fetch GET 200 https://registry.npmjs.org/regexp.prototype.flags/-/regexp.prototype.flags-1.5.4.tgz 550ms (cache miss)
3313 http fetch GET 200 https://registry.npmjs.org/is-typed-array/-/is-typed-array-1.1.15.tgz 551ms (cache miss)
3314 http fetch GET 200 https://registry.npmjs.org/is-negative-zero/-/is-negative-zero-2.0.3.tgz 553ms (cache miss)
3315 http fetch GET 200 https://registry.npmjs.org/has-symbols/-/has-symbols-1.1.0.tgz 559ms (cache miss)
3316 http fetch GET 200 https://registry.npmjs.org/internal-slot/-/internal-slot-1.1.0.tgz 561ms (cache miss)
3317 http fetch GET 200 https://registry.npmjs.org/is-data-view/-/is-data-view-1.0.2.tgz 561ms (cache miss)
3318 http fetch GET 200 https://registry.npmjs.org/object.assign/-/object.assign-4.1.7.tgz 562ms (cache miss)
3319 http fetch GET 200 https://registry.npmjs.org/@isaacs/cliui/-/cliui-8.0.2.tgz 571ms (cache miss)
3320 http fetch GET 200 https://registry.npmjs.org/globalthis/-/globalthis-1.0.4.tgz 566ms (cache miss)
3321 http fetch GET 200 https://registry.npmjs.org/is-callable/-/is-callable-1.2.7.tgz 568ms (cache miss)
3322 http fetch GET 200 https://registry.npmjs.org/has-proto/-/has-proto-1.2.0.tgz 567ms (cache miss)
3323 http fetch GET 200 https://registry.npmjs.org/es-iterator-helpers/-/es-iterator-helpers-1.3.2.tgz 575ms (cache miss)
3324 http fetch GET 200 https://registry.npmjs.org/@pkgjs/parseargs/-/parseargs-0.11.0.tgz 581ms (cache miss)
3325 http fetch GET 200 https://registry.npmjs.org/axe-core/-/axe-core-4.11.3.tgz 577ms (cache miss)
3326 http fetch GET 200 https://registry.npmjs.org/object-inspect/-/object-inspect-1.13.4.tgz 577ms (cache miss)
3327 http fetch GET 200 https://registry.npmjs.org/array-buffer-byte-length/-/array-buffer-byte-length-1.0.2.tgz 580ms (cache miss)
3328 http fetch GET 200 https://registry.npmjs.org/jsx-ast-utils/-/jsx-ast-utils-3.3.5.tgz 611ms (cache miss)
3329 http fetch GET 200 https://registry.npmjs.org/object-keys/-/object-keys-1.1.1.tgz 609ms (cache miss)
3330 http fetch GET 200 https://registry.npmjs.org/data-view-byte-offset/-/data-view-byte-offset-1.0.1.tgz 621ms (cache miss)
3331 http fetch GET 200 https://registry.npmjs.org/axobject-query/-/axobject-query-4.1.0.tgz 637ms (cache miss)
3332 http fetch GET 200 https://registry.npmjs.org/define-data-property/-/define-data-property-1.1.4.tgz 636ms (cache miss)
3333 http fetch GET 200 https://registry.npmjs.org/has-property-descriptors/-/has-property-descriptors-1.0.2.tgz 638ms (cache miss)
3334 http fetch GET 200 https://registry.npmjs.org/set-function-length/-/set-function-length-1.2.2.tgz 657ms (cache miss)
3335 http fetch GET 200 https://registry.npmjs.org/function-bind/-/function-bind-1.1.2.tgz 659ms (cache miss)
3336 http fetch GET 200 https://registry.npmjs.org/es-define-property/-/es-define-property-1.0.1.tgz 673ms (cache miss)
3337 http fetch GET 200 https://registry.npmjs.org/aria-query/-/aria-query-5.3.2.tgz 681ms (cache miss)
3338 http fetch GET 200 https://registry.npmjs.org/is-shared-array-buffer/-/is-shared-array-buffer-1.0.4.tgz 678ms (cache miss)
3339 http fetch GET 200 https://registry.npmjs.org/@swc/helpers/-/helpers-0.5.5.tgz 700ms (cache miss)
3340 http fetch GET 200 https://registry.npmjs.org/arraybuffer.prototype.slice/-/arraybuffer.prototype.slice-1.0.4.tgz 691ms (cache miss)
3341 http fetch GET 200 https://registry.npmjs.org/es-shim-unscopables/-/es-shim-unscopables-1.1.0.tgz 694ms (cache miss)
3342 http fetch GET 200 https://registry.npmjs.org/es-errors/-/es-errors-1.3.0.tgz 697ms (cache miss)
3343 http fetch GET 200 https://registry.npmjs.org/data-view-byte-length/-/data-view-byte-length-1.0.2.tgz 705ms (cache miss)
3344 http fetch GET 200 https://registry.npmjs.org/call-bind-apply-helpers/-/call-bind-apply-helpers-1.0.2.tgz 712ms (cache miss)
3345 http fetch GET 200 https://registry.npmjs.org/get-intrinsic/-/get-intrinsic-1.3.0.tgz 711ms (cache miss)
3346 http fetch GET 200 https://registry.npmjs.org/is-string/-/is-string-1.1.1.tgz 720ms (cache miss)
3347 http fetch GET 200 https://registry.npmjs.org/es-object-atoms/-/es-object-atoms-1.1.1.tgz 720ms (cache miss)
3348 http fetch GET 200 https://registry.npmjs.org/caniuse-lite/-/caniuse-lite-1.0.30001791.tgz 738ms (cache miss)
3349 http fetch GET 200 https://registry.npmjs.org/define-properties/-/define-properties-1.2.1.tgz 729ms (cache miss)
3350 http fetch GET 200 https://registry.npmjs.org/call-bound/-/call-bound-1.0.4.tgz 751ms (cache miss)
3351 http fetch GET 200 https://registry.npmjs.org/call-bind/-/call-bind-1.0.9.tgz 752ms (cache miss)
3352 http fetch GET 200 https://registry.npmjs.org/string.prototype.trimend/-/string.prototype.trimend-1.0.9.tgz 759ms (cache miss)
3353 http fetch GET 200 https://registry.npmjs.org/object.groupby/-/object.groupby-1.0.3.tgz 764ms (cache miss)
3354 http fetch GET 200 https://registry.npmjs.org/math-intrinsics/-/math-intrinsics-1.1.0.tgz 778ms (cache miss)
3355 http fetch GET 200 https://registry.npmjs.org/hasown/-/hasown-2.0.3.tgz 779ms (cache miss)
3356 http fetch GET 200 https://registry.npmjs.org/es-set-tostringtag/-/es-set-tostringtag-2.1.0.tgz 792ms (cache miss)
3357 http fetch GET 200 https://registry.npmjs.org/eslint-module-utils/-/eslint-module-utils-2.12.1.tgz 792ms (cache miss)
3358 http fetch GET 200 https://registry.npmjs.org/array.prototype.findlastindex/-/array.prototype.findlastindex-1.2.6.tgz 794ms (cache miss)
3359 http fetch GET 200 https://registry.npmjs.org/array.prototype.flat/-/array.prototype.flat-1.3.3.tgz 798ms (cache miss)
3360 http fetch GET 200 https://registry.npmjs.org/is-array-buffer/-/is-array-buffer-3.0.5.tgz 805ms (cache miss)
3361 http fetch GET 200 https://registry.npmjs.org/array.prototype.flatmap/-/array.prototype.flatmap-1.3.3.tgz 800ms (cache miss)
3362 http fetch GET 200 https://registry.npmjs.org/array-includes/-/array-includes-3.1.9.tgz 801ms (cache miss)
3363 http fetch GET 200 https://registry.npmjs.org/es-to-primitive/-/es-to-primitive-1.3.0.tgz 812ms (cache miss)
3364 http fetch GET 200 https://registry.npmjs.org/stable-hash/-/stable-hash-0.0.5.tgz 811ms (cache miss)
3365 http fetch GET 200 https://registry.npmjs.org/unrs-resolver/-/unrs-resolver-1.11.1.tgz 811ms (cache miss)
3366 http fetch GET 200 https://registry.npmjs.org/get-proto/-/get-proto-1.0.1.tgz 819ms (cache miss)
3367 http fetch GET 200 https://registry.npmjs.org/object.fromentries/-/object.fromentries-2.0.8.tgz 815ms (cache miss)
3368 http fetch GET 200 https://registry.npmjs.org/tsconfig-paths/-/tsconfig-paths-3.15.0.tgz 821ms (cache miss)
3369 http fetch GET 200 https://registry.npmjs.org/is-bun-module/-/is-bun-module-2.0.0.tgz 818ms (cache miss)
3370 http fetch GET 200 https://registry.npmjs.org/get-symbol-description/-/get-symbol-description-1.1.0.tgz 825ms (cache miss)
3371 http fetch GET 200 https://registry.npmjs.org/@rtsao/scc/-/scc-1.1.0.tgz 826ms (cache miss)
3372 http fetch GET 200 https://registry.npmjs.org/object.values/-/object.values-1.2.1.tgz 825ms (cache miss)
3373 http fetch GET 200 https://registry.npmjs.org/is-core-module/-/is-core-module-2.16.1.tgz 831ms (cache miss)
3374 http fetch GET 200 https://registry.npmjs.org/ts-api-utils/-/ts-api-utils-1.4.3.tgz 833ms (cache miss)
3375 http fetch GET 200 https://registry.npmjs.org/tinyglobby/-/tinyglobby-0.2.16.tgz 836ms (cache miss)
3376 http fetch GET 200 https://registry.npmjs.org/globby/-/globby-11.1.0.tgz 841ms (cache miss)
3377 http fetch GET 200 https://registry.npmjs.org/@jridgewell/resolve-uri/-/resolve-uri-3.1.2.tgz 880ms (cache miss)
3378 http fetch GET 200 https://registry.npmjs.org/available-typed-arrays/-/available-typed-arrays-1.0.7.tgz 876ms (cache miss)
3379 http fetch GET 200 https://registry.npmjs.org/get-tsconfig/-/get-tsconfig-4.14.0.tgz 873ms (cache miss)
3380 http fetch GET 200 https://registry.npmjs.org/function.prototype.name/-/function.prototype.name-1.1.8.tgz 888ms (cache miss)
3381 http fetch GET 200 https://registry.npmjs.org/glob/-/glob-10.3.10.tgz 892ms (cache miss)
3382 warn deprecated glob@10.3.10: Old versions of glob are not supported, and contain widely publicized security vulnerabilities, which have been fixed in the current version. Please update. Support for old versions may be purchased (at exorbitant rates) by contacting i@izs.me
3383 http fetch GET 200 https://registry.npmjs.org/eslint-import-resolver-typescript/-/eslint-import-resolver-typescript-3.10.1.tgz 896ms (cache miss)
3384 http fetch GET 200 https://registry.npmjs.org/semver/-/semver-7.7.4.tgz 909ms (cache miss)
3385 http fetch GET 200 https://registry.npmjs.org/resolve/-/resolve-2.0.0-next.6.tgz 916ms (cache miss)
3386 http fetch GET 200 https://registry.npmjs.org/eslint-import-resolver-node/-/eslint-import-resolver-node-0.3.10.tgz 952ms (cache miss)
3387 http fetch GET 200 https://registry.npmjs.org/data-view-buffer/-/data-view-buffer-1.0.2.tgz 961ms (cache miss)
3388 http fetch GET 200 https://registry.npmjs.org/gopd/-/gopd-1.2.0.tgz 961ms (cache miss)
3389 http fetch GET 200 https://registry.npmjs.org/eslint-plugin-react-hooks/-/eslint-plugin-react-hooks-5.0.0-canary-7118f5dd7-20230705.tgz 955ms (cache miss)
3390 http fetch GET 200 https://registry.npmjs.org/ms/-/ms-2.1.3.tgz 959ms (cache miss)
3391 http fetch GET 200 https://registry.npmjs.org/ansi-styles/-/ansi-styles-4.3.0.tgz 980ms (cache miss)
3392 http fetch GET 200 https://registry.npmjs.org/color-convert/-/color-convert-2.0.1.tgz 993ms (cache miss)
3393 http fetch GET 200 https://registry.npmjs.org/eslint-plugin-import/-/eslint-plugin-import-2.32.0.tgz 999ms (cache miss)
3394 http fetch GET 200 https://registry.npmjs.org/supports-color/-/supports-color-7.2.0.tgz 1000ms (cache miss)
3395 http fetch GET 200 https://registry.npmjs.org/color-name/-/color-name-1.1.4.tgz 1000ms (cache miss)
3396 http fetch GET 200 https://registry.npmjs.org/which/-/which-2.0.2.tgz 1000ms (cache miss)
3397 http fetch GET 200 https://registry.npmjs.org/shebang-command/-/shebang-command-2.0.0.tgz 1014ms (cache miss)
3398 http fetch GET 200 https://registry.npmjs.org/json-schema-traverse/-/json-schema-traverse-0.4.1.tgz 1028ms (cache miss)
3399 http fetch GET 200 https://registry.npmjs.org/run-parallel/-/run-parallel-1.2.0.tgz 1029ms (cache miss)
3400 http fetch GET 200 https://registry.npmjs.org/fast-json-stable-stringify/-/fast-json-stable-stringify-2.1.0.tgz 1031ms (cache miss)
3401 http fetch GET 200 https://registry.npmjs.org/path-key/-/path-key-3.1.1.tgz 1036ms (cache miss)
3402 http fetch GET 200 https://registry.npmjs.org/@typescript-eslint/visitor-keys/-/visitor-keys-7.2.0.tgz 1045ms (cache miss)
3403 http fetch GET 200 https://registry.npmjs.org/fastq/-/fastq-1.20.1.tgz 1044ms (cache miss)
3404 http fetch GET 200 https://registry.npmjs.org/eslint-plugin-jsx-a11y/-/eslint-plugin-jsx-a11y-6.10.2.tgz 1046ms (cache miss)
3405 http fetch GET 200 https://registry.npmjs.org/strip-json-comments/-/strip-json-comments-3.1.1.tgz 1060ms (cache miss)
3406 http fetch GET 200 https://registry.npmjs.org/import-fresh/-/import-fresh-3.3.1.tgz 1063ms (cache miss)
3407 http fetch GET 200 https://registry.npmjs.org/@humanwhocodes/object-schema/-/object-schema-2.0.3.tgz 1064ms (cache miss)
3408 warn deprecated @humanwhocodes/object-schema@2.0.3: Use @eslint/object-schema instead
3409 http fetch GET 200 https://registry.npmjs.org/@nodelib/fs.stat/-/fs.stat-2.0.5.tgz 1067ms (cache miss)
3410 http fetch GET 200 https://registry.npmjs.org/strip-ansi/-/strip-ansi-6.0.1.tgz 1071ms (cache miss)
3411 http fetch GET 200 https://registry.npmjs.org/optionator/-/optionator-0.9.4.tgz 1081ms (cache miss)
3412 http fetch GET 200 https://registry.npmjs.org/lodash.merge/-/lodash.merge-4.6.2.tgz 1081ms (cache miss)
3413 http fetch GET 200 https://registry.npmjs.org/minimatch/-/minimatch-3.1.5.tgz 1081ms (cache miss)
3414 http fetch GET 200 https://registry.npmjs.org/natural-compare/-/natural-compare-1.4.0.tgz 1082ms (cache miss)
3415 http fetch GET 200 https://registry.npmjs.org/text-table/-/text-table-0.2.0.tgz 1088ms (cache miss)
3416 http fetch GET 200 https://registry.npmjs.org/@typescript-eslint/types/-/types-7.2.0.tgz 1092ms (cache miss)
3417 http fetch GET 200 https://registry.npmjs.org/is-path-inside/-/is-path-inside-3.0.3.tgz 1089ms (cache miss)
3418 http fetch GET 200 https://registry.npmjs.org/levn/-/levn-0.4.1.tgz 1090ms (cache miss)
3419 http fetch GET 200 https://registry.npmjs.org/@nodelib/fs.scandir/-/fs.scandir-2.1.5.tgz 1092ms (cache miss)
3420 http fetch GET 200 https://registry.npmjs.org/is-glob/-/is-glob-4.0.3.tgz 1092ms (cache miss)
3421 http fetch GET 200 https://registry.npmjs.org/imurmurhash/-/imurmurhash-0.1.4.tgz 1094ms (cache miss)
3422 http fetch GET 200 https://registry.npmjs.org/json-stable-stringify-without-jsonify/-/json-stable-stringify-without-jsonify-1.0.1.tgz 1116ms (cache miss)
3423 http fetch GET 200 https://registry.npmjs.org/globals/-/globals-13.24.0.tgz 1118ms (cache miss)
3424 http fetch GET 200 https://registry.npmjs.org/file-entry-cache/-/file-entry-cache-6.0.1.tgz 1119ms (cache miss)
3425 http fetch GET 200 https://registry.npmjs.org/glob-parent/-/glob-parent-6.0.2.tgz 1119ms (cache miss)
3426 http fetch GET 200 https://registry.npmjs.org/uri-js/-/uri-js-4.4.1.tgz 1122ms (cache miss)
3427 http fetch GET 200 https://registry.npmjs.org/find-up/-/find-up-5.0.0.tgz 1120ms (cache miss)
3428 http fetch GET 200 https://registry.npmjs.org/ignore/-/ignore-5.3.2.tgz 1121ms (cache miss)
3429 http fetch GET 200 https://registry.npmjs.org/eslint-visitor-keys/-/eslint-visitor-keys-3.4.3.tgz 1120ms (cache miss)
3430 http fetch GET 200 https://registry.npmjs.org/escape-string-regexp/-/escape-string-regexp-4.0.0.tgz 1123ms (cache miss)
3431 http fetch GET 200 https://registry.npmjs.org/esutils/-/esutils-2.0.3.tgz 1130ms (cache miss)
3432 http fetch GET 200 https://registry.npmjs.org/doctrine/-/doctrine-3.0.0.tgz 1132ms (cache miss)
3433 http fetch GET 200 https://registry.npmjs.org/debug/-/debug-4.4.3.tgz 1132ms (cache miss)
3434 http fetch GET 200 https://registry.npmjs.org/chalk/-/chalk-4.1.2.tgz 1136ms (cache miss)
3435 http fetch GET 200 https://registry.npmjs.org/@typescript-eslint/parser/-/parser-7.2.0.tgz 1141ms (cache miss)
3436 http fetch GET 200 https://registry.npmjs.org/graphemer/-/graphemer-1.4.0.tgz 1146ms (cache miss)
3437 http fetch GET 200 https://registry.npmjs.org/espree/-/espree-9.6.1.tgz 1146ms (cache miss)
3438 http fetch GET 200 https://registry.npmjs.org/@nodelib/fs.walk/-/fs.walk-1.2.8.tgz 1146ms (cache miss)
3439 http fetch GET 200 https://registry.npmjs.org/fast-deep-equal/-/fast-deep-equal-3.1.3.tgz 1147ms (cache miss)
3440 http fetch GET 200 https://registry.npmjs.org/cross-spawn/-/cross-spawn-7.0.6.tgz 1151ms (cache miss)
3441 http fetch GET 200 https://registry.npmjs.org/js-yaml/-/js-yaml-4.1.1.tgz 1157ms (cache miss)
3442 http fetch GET 200 https://registry.npmjs.org/@eslint-community/regexpp/-/regexpp-4.12.2.tgz 1181ms (cache miss)
3443 http fetch GET 200 https://registry.npmjs.org/csstype/-/csstype-3.2.3.tgz 1189ms (cache miss)
3444 http fetch GET 200 https://registry.npmjs.org/@eslint-community/eslint-utils/-/eslint-utils-4.9.1.tgz 1192ms (cache miss)
3445 http fetch GET 200 https://registry.npmjs.org/@nolyfill/is-core-module/-/is-core-module-1.0.39.tgz 1202ms (cache miss)
3446 http fetch GET 200 https://registry.npmjs.org/iceberg-js/-/iceberg-js-0.8.1.tgz 1209ms (cache miss)
3447 http fetch GET 200 https://registry.npmjs.org/undici-types/-/undici-types-6.21.0.tgz 1214ms (cache miss)
3448 http fetch GET 200 https://registry.npmjs.org/ws/-/ws-8.20.0.tgz 1219ms (cache miss)
3449 http fetch GET 200 https://registry.npmjs.org/tslib/-/tslib-2.8.1.tgz 1218ms (cache miss)
3450 http fetch GET 200 https://registry.npmjs.org/@eslint/eslintrc/-/eslintrc-2.1.4.tgz 1229ms (cache miss)
3451 http fetch GET 200 https://registry.npmjs.org/eslint-plugin-react/-/eslint-plugin-react-7.37.5.tgz 1270ms (cache miss)
3452 http fetch GET 200 https://registry.npmjs.org/@typescript-eslint/typescript-estree/-/typescript-estree-7.2.0.tgz 1271ms (cache miss)
3453 http fetch GET 200 https://registry.npmjs.org/ajv/-/ajv-6.15.0.tgz 1277ms (cache miss)
3454 http fetch GET 200 https://registry.npmjs.org/@rushstack/eslint-patch/-/eslint-patch-1.16.1.tgz 1288ms (cache miss)
3455 http fetch GET 200 https://registry.npmjs.org/eslint-scope/-/eslint-scope-7.2.2.tgz 1336ms (cache miss)
3456 http fetch GET 200 https://registry.npmjs.org/@ungap/structured-clone/-/structured-clone-1.3.0.tgz 1339ms (cache miss)
3457 http fetch GET 200 https://registry.npmjs.org/esquery/-/esquery-1.7.0.tgz 1340ms (cache miss)
3458 http fetch GET 200 https://registry.npmjs.org/@humanwhocodes/module-importer/-/module-importer-1.0.1.tgz 1343ms (cache miss)
3459 http fetch GET 200 https://registry.npmjs.org/@humanwhocodes/config-array/-/config-array-0.13.0.tgz 1350ms (cache miss)
3460 warn deprecated @humanwhocodes/config-array@0.13.0: Use @eslint/config-array instead
3461 http fetch GET 200 https://registry.npmjs.org/@eslint/js/-/js-8.57.1.tgz 1366ms (cache miss)
3462 http fetch GET 200 https://registry.npmjs.org/@types/prop-types/-/prop-types-15.7.15.tgz 1372ms (cache miss)
3463 http fetch GET 200 https://registry.npmjs.org/eslint-config-next/-/eslint-config-next-14.2.3.tgz 1396ms (cache miss)
3464 http fetch GET 200 https://registry.npmjs.org/postcss/-/postcss-8.5.12.tgz 1403ms (cache miss)
3465 http fetch GET 200 https://registry.npmjs.org/@types/ws/-/ws-8.18.1.tgz 1433ms (cache miss)
3466 http fetch GET 200 https://registry.npmjs.org/@supabase/storage-js/-/storage-js-2.105.1.tgz 1444ms (cache miss)
3467 http fetch GET 200 https://registry.npmjs.org/react/-/react-18.3.1.tgz 1466ms (cache miss)
3468 http fetch GET 200 https://registry.npmjs.org/@next/eslint-plugin-next/-/eslint-plugin-next-14.2.3.tgz 1521ms (cache miss)
3469 http fetch GET 200 https://registry.npmjs.org/glob-parent/-/glob-parent-5.1.2.tgz 1533ms (cache miss)
3470 http fetch GET 200 https://registry.npmjs.org/emoji-regex/-/emoji-regex-8.0.0.tgz 1568ms (cache miss)
3471 http fetch GET 200 https://registry.npmjs.org/semver/-/semver-6.3.1.tgz 1568ms (cache miss)
3472 http fetch GET 200 https://registry.npmjs.org/@typescript-eslint/scope-manager/-/scope-manager-7.2.0.tgz 1582ms (cache miss)
3473 http fetch GET 200 https://registry.npmjs.org/string-width/-/string-width-4.2.3.tgz 1577ms (cache miss)
3474 http fetch GET 200 https://registry.npmjs.org/react-dom/-/react-dom-18.3.1.tgz 1582ms (cache miss)
3475 http fetch GET 200 https://registry.npmjs.org/strip-ansi/-/strip-ansi-7.2.0.tgz 1586ms (cache miss)
3476 http fetch GET 200 https://registry.npmjs.org/ansi-styles/-/ansi-styles-6.2.3.tgz 1591ms (cache miss)
3477 http fetch GET 200 https://registry.npmjs.org/emoji-regex/-/emoji-regex-8.0.0.tgz 1608ms (cache miss)
3478 http fetch GET 200 https://registry.npmjs.org/ansi-regex/-/ansi-regex-6.2.2.tgz 1608ms (cache miss)
3479 http fetch GET 200 https://registry.npmjs.org/ansi-regex/-/ansi-regex-6.2.2.tgz 1625ms (cache miss)
3480 http fetch GET 200 https://registry.npmjs.org/strip-ansi/-/strip-ansi-7.2.0.tgz 1629ms (cache miss)
3481 http fetch GET 200 https://registry.npmjs.org/glob-parent/-/glob-parent-5.1.2.tgz 1646ms (cache miss)
3482 http fetch GET 200 https://registry.npmjs.org/glob/-/glob-7.2.3.tgz 1647ms (cache miss)
3483 warn deprecated glob@7.2.3: Old versions of glob are not supported, and contain widely publicized security vulnerabilities, which have been fixed in the current version. Please update. Support for old versions may be purchased (at exorbitant rates) by contacting i@izs.me
3484 http fetch GET 200 https://registry.npmjs.org/tailwindcss/-/tailwindcss-3.4.19.tgz 1650ms (cache miss)
3485 http fetch GET 200 https://registry.npmjs.org/@types/react-dom/-/react-dom-18.3.7.tgz 1649ms (cache miss)
3486 http fetch GET 200 https://registry.npmjs.org/ansi-regex/-/ansi-regex-6.2.2.tgz 1652ms (cache miss)
3487 http fetch GET 200 https://registry.npmjs.org/strip-ansi/-/strip-ansi-7.2.0.tgz 1660ms (cache miss)
3488 http fetch GET 200 https://registry.npmjs.org/debug/-/debug-3.2.7.tgz 1663ms (cache miss)
3489 http fetch GET 200 https://registry.npmjs.org/fdir/-/fdir-6.5.0.tgz 1668ms (cache miss)
3490 http fetch GET 200 https://registry.npmjs.org/@supabase/postgrest-js/-/postgrest-js-2.105.1.tgz 1672ms (cache miss)
3491 http fetch GET 200 https://registry.npmjs.org/resolve/-/resolve-1.22.12.tgz 1675ms (cache miss)
3492 http fetch GET 200 https://registry.npmjs.org/picomatch/-/picomatch-4.0.4.tgz 1685ms (cache miss)
3493 http fetch GET 200 https://registry.npmjs.org/semver/-/semver-6.3.1.tgz 1686ms (cache miss)
3494 http fetch GET 200 https://registry.npmjs.org/brace-expansion/-/brace-expansion-2.1.0.tgz 1688ms (cache miss)
3495 http fetch GET 200 https://registry.npmjs.org/doctrine/-/doctrine-2.1.0.tgz 1710ms (cache miss)
3496 http fetch GET 200 https://registry.npmjs.org/debug/-/debug-3.2.7.tgz 1711ms (cache miss)
3497 http fetch GET 200 https://registry.npmjs.org/semver/-/semver-6.3.1.tgz 1730ms (cache miss)
3498 http fetch GET 200 https://registry.npmjs.org/doctrine/-/doctrine-2.1.0.tgz 1735ms (cache miss)
3499 http fetch GET 200 https://registry.npmjs.org/brace-expansion/-/brace-expansion-2.1.0.tgz 1744ms (cache miss)
3500 http fetch GET 200 https://registry.npmjs.org/debug/-/debug-3.2.7.tgz 1747ms (cache miss)
3501 http fetch GET 200 https://registry.npmjs.org/minimatch 1613ms (cache miss)
3502 silly packumentCache corgi:https://registry.npmjs.org/minimatch set size:undefined disposed:false
3503 http fetch GET 200 https://registry.npmjs.org/postcss 1628ms (cache miss)
3504 silly packumentCache corgi:https://registry.npmjs.org/postcss set size:undefined disposed:false
3505 http fetch GET 200 https://registry.npmjs.org/glob 1634ms (cache miss)
3506 silly packumentCache corgi:https://registry.npmjs.org/glob set size:undefined disposed:false
3507 http fetch GET 200 https://registry.npmjs.org/postcss/-/postcss-8.4.31.tgz 1784ms (cache miss)
3508 http fetch GET 200 https://registry.npmjs.org/minimatch/-/minimatch-9.0.3.tgz 1785ms (cache miss)
3509 http fetch GET 200 https://registry.npmjs.org/@supabase/realtime-js/-/realtime-js-2.105.1.tgz 1809ms (cache miss)
3510 http fetch GET 200 https://registry.npmjs.org/@types/node/-/node-20.19.39.tgz 1822ms (cache miss)
3511 http fetch GET 200 https://registry.npmjs.org/@supabase/supabase-js/-/supabase-js-2.105.1.tgz 1824ms (cache miss)
3512 http fetch GET 200 https://registry.npmjs.org/resolve/-/resolve-1.22.12.tgz 1834ms (cache miss)
3513 http fetch GET 200 https://registry.npmjs.org/es-abstract/-/es-abstract-1.24.2.tgz 1879ms (cache miss)
3514 http fetch GET 200 https://registry.npmjs.org/@supabase/auth-js/-/auth-js-2.105.1.tgz 1866ms (cache miss)
3515 http fetch GET 200 https://registry.npmjs.org/eslint/-/eslint-8.57.1.tgz 1867ms (cache miss)
3516 warn deprecated eslint@8.57.1: This version is no longer supported. Please see https://eslint.org/version-support for other options.
3517 http fetch GET 200 https://registry.npmjs.org/minimatch/-/minimatch-9.0.9.tgz 1965ms (cache miss)
3518 http fetch GET 200 https://registry.npmjs.org/@supabase/phoenix/-/phoenix-0.4.1.tgz 1977ms (cache miss)
3519 http fetch GET 200 https://registry.npmjs.org/@types/react/-/react-18.3.28.tgz 2127ms (cache miss)
3520 http fetch GET 200 https://registry.npmjs.org/typescript/-/typescript-5.9.3.tgz 2150ms (cache miss)
3521 http fetch GET 200 https://registry.npmjs.org/@supabase/functions-js/-/functions-js-2.105.1.tgz 2182ms (cache miss)
3522 http fetch GET 200 https://registry.npmjs.org/lucide-react/-/lucide-react-0.379.0.tgz 2861ms (cache miss)
3523 http fetch GET 200 https://registry.npmjs.org/next 2712ms (cache miss)
3524 silly packumentCache corgi:https://registry.npmjs.org/next set size:undefined disposed:false
3525 silly packumentCache corgi:https://registry.npmjs.org/@typescript-eslint%2ftypescript-estree cache-miss
3526 http fetch GET 200 https://registry.npmjs.org/@typescript-eslint%2ftypescript-estree 235ms (cache miss)
3527 silly packumentCache corgi:https://registry.npmjs.org/@typescript-eslint%2ftypescript-estree set size:undefined disposed:false
3528 silly packumentCache corgi:https://registry.npmjs.org/@next%2feslint-plugin-next cache-miss
3529 http fetch GET 200 https://registry.npmjs.org/@next%2feslint-plugin-next 521ms (cache miss)
3530 silly packumentCache corgi:https://registry.npmjs.org/@next%2feslint-plugin-next set size:undefined disposed:false
3531 silly packumentCache corgi:https://registry.npmjs.org/@typescript-eslint%2fparser cache-miss
3532 http fetch GET 200 https://registry.npmjs.org/next/-/next-14.2.3.tgz 5084ms (cache miss)
3533 warn deprecated next@14.2.3: This version has a security vulnerability. Please upgrade to a patched version. See https://nextjs.org/blog/security-update-2025-12-11 for more details.
3534 http fetch GET 200 https://registry.npmjs.org/@typescript-eslint%2fparser 490ms (cache miss)
3535 silly packumentCache corgi:https://registry.npmjs.org/@typescript-eslint%2fparser set size:undefined disposed:false
3536 silly packumentCache corgi:https://registry.npmjs.org/eslint-config-next cache-miss
3537 http fetch GET 200 https://registry.npmjs.org/@next/swc-darwin-arm64/-/swc-darwin-arm64-14.2.3.tgz 23601ms (cache miss)
3538 info run fsevents@2.3.3 install node_modules/fsevents node-gyp rebuild
3539 http fetch GET 200 https://registry.npmjs.org/eslint-config-next 717ms (cache miss)
3540 silly packumentCache corgi:https://registry.npmjs.org/eslint-config-next set size:undefined disposed:false
3541 info run fsevents@2.3.3 install { code: 1, signal: null }
3542 verbose reify failed optional dependency /Users/benjamin/Projects/Kuva-v2/kuva-latest/node_modules/fsevents
3543 silly reify mark deleted [
3543 silly reify   '/Users/benjamin/Projects/Kuva-v2/kuva-latest/node_modules/fsevents'
3543 silly reify ]
3544 info run unrs-resolver@1.11.1 postinstall node_modules/unrs-resolver napi-postinstall unrs-resolver 1.11.1 check
3545 info run unrs-resolver@1.11.1 postinstall { code: 0, signal: null }
3546 silly ADD node_modules/wrappy
3547 silly ADD node_modules/path-is-absolute
3548 silly ADD node_modules/once
3549 silly ADD node_modules/inherits
3550 silly ADD node_modules/inflight
3551 silly ADD node_modules/fs.realpath
3552 silly ADD node_modules/is-weakset
3553 silly ADD node_modules/is-weakmap
3554 silly ADD node_modules/is-map
3555 silly ADD node_modules/generator-function
3556 silly ADD node_modules/async-function
3557 silly ADD node_modules/which-collection
3558 silly ADD node_modules/is-generator-function
3559 silly ADD node_modules/is-finalizationregistry
3560 silly ADD node_modules/is-async-function
3561 silly ADD node_modules/is-number-object
3562 silly ADD node_modules/is-boolean-object
3563 silly ADD node_modules/is-bigint
3564 silly ADD node_modules/isexe
3565 silly ADD node_modules/punycode
3566 silly ADD node_modules/napi-postinstall
3567 silly ADD node_modules/@unrs/resolver-binding-darwin-arm64
3568 silly ADD node_modules/which-boxed-primitive
3569 silly ADD node_modules/has-bigints
3570 silly ADD node_modules/which-builtin-type
3571 silly ADD node_modules/reflect.getprototypeof
3572 silly ADD node_modules/for-each
3573 silly ADD node_modules/strip-bom
3574 silly ADD node_modules/minimist
3575 silly ADD node_modules/json5
3576 silly ADD node_modules/@types/json5
3577 silly ADD node_modules/is-number
3578 silly ADD node_modules/thenify
3579 silly ADD node_modules/thenify-all
3580 silly ADD node_modules/any-promise
3581 silly ADD node_modules/@jridgewell/resolve-uri
3582 silly ADD node_modules/@jridgewell/trace-mapping
3583 silly ADD node_modules/@jridgewell/sourcemap-codec
3584 silly ADD node_modules/ts-interface-checker
3585 silly ADD node_modules/pirates
3586 silly ADD node_modules/mz
3587 silly ADD node_modules/lines-and-columns
3588 silly ADD node_modules/commander
3589 silly ADD node_modules/@jridgewell/gen-mapping
3590 silly ADD node_modules/pify
3591 silly ADD node_modules/util-deprecate
3592 silly ADD node_modules/cssesc
3593 silly ADD node_modules/camelcase-css
3594 silly ADD node_modules/read-cache
3595 silly ADD node_modules/postcss-value-parser
3596 silly ADD node_modules/binary-extensions
3597 silly ADD node_modules/readdirp
3598 silly ADD node_modules/is-binary-path
3599 silly ADD
3600 silly ADD node_modules/anymatch
3601 silly ADD node_modules/sucrase
3602 silly ADD node_modules/postcss-selector-parser
3603 silly ADD node_modules/postcss-nested
3604 silly ADD node_modules/postcss-load-config
3605 silly ADD node_modules/postcss-js
3606 silly ADD node_modules/postcss-import
3607 silly ADD node_modules/postcss-import/node_modules/resolve
3608 silly ADD node_modules/object-hash
3609 silly ADD node_modules/normalize-path
3610 silly ADD node_modules/lilconfig
3611 silly ADD node_modules/jiti
3612 silly ADD node_modules/dlv
3613 silly ADD node_modules/didyoumean
3614 silly ADD node_modules/chokidar
3615 silly ADD node_modules/chokidar/node_modules/glob-parent
3616 silly ADD node_modules/arg
3617 silly ADD node_modules/@alloc/quick-lru
3618 silly ADD node_modules/has-flag
3619 silly ADD node_modules/client-only
3620 silly ADD node_modules/ansi-regex
3621 silly ADD node_modules/is-fullwidth-code-point
3622 silly ADD node_modules/eastasianwidth
3623 silly ADD node_modules/side-channel-weakmap
3624 silly ADD node_modules/side-channel-map
3625 silly ADD node_modules/side-channel-list
3626 silly ADD node_modules/shebang-regex
3627 silly ADD node_modules/isarray
3628 silly ADD node_modules/queue-microtask
3629 silly ADD node_modules/supports-preserve-symlinks-flag
3630 silly ADD node_modules/path-parse
3631 silly ADD node_modules/node-exports-info
3632 silly ADD node_modules/node-exports-info/node_modules/semver
3633 silly ADD node_modules/scheduler
3634 silly ADD node_modules/js-tokens
3635 silly ADD node_modules/react-is
3636 silly ADD node_modules/object-assign
3637 silly ADD node_modules/loose-envify
3638 silly ADD node_modules/source-map-js
3639 silly ADD node_modules/picocolors
3640 silly ADD node_modules/nanoid
3641 silly ADD node_modules/lru-cache
3642 silly ADD node_modules/callsites
3643 silly ADD node_modules/yocto-queue
3644 silly ADD node_modules/p-limit
3645 silly ADD node_modules/word-wrap
3646 silly ADD node_modules/fast-levenshtein
3647 silly ADD node_modules/deep-is
3648 silly ADD node_modules/streamsearch
3649 silly ADD node_modules/@swc/counter
3650 silly ADD node_modules/styled-jsx
3651 silly ADD node_modules/graceful-fs
3652 silly ADD node_modules/caniuse-lite
3653 silly ADD node_modules/busboy
3654 silly ADD node_modules/@swc/helpers
3655 silly ADD node_modules/@next/swc-darwin-arm64
3656 silly ADD node_modules/@next/env
3657 silly ADD node_modules/concat-map
3658 silly ADD node_modules/balanced-match
3659 silly ADD node_modules/brace-expansion
3660 silly ADD node_modules/to-regex-range
3661 silly ADD node_modules/fill-range
3662 silly ADD node_modules/picomatch
3663 silly ADD node_modules/braces
3664 silly ADD node_modules/p-locate
3665 silly ADD node_modules/type-check
3666 silly ADD node_modules/prelude-ls
3667 silly ADD node_modules/language-subtag-registry
3668 silly ADD node_modules/json-buffer
3669 silly ADD node_modules/argparse
3670 silly ADD node_modules/wrap-ansi-cjs
3671 silly ADD node_modules/wrap-ansi-cjs/node_modules/emoji-regex
3672 silly ADD node_modules/wrap-ansi-cjs/node_modules/string-width
3673 silly ADD node_modules/wrap-ansi
3674 silly ADD node_modules/wrap-ansi/node_modules/ansi-regex
3675 silly ADD node_modules/wrap-ansi/node_modules/strip-ansi
3676 silly ADD node_modules/wrap-ansi/node_modules/ansi-styles
3677 silly ADD node_modules/strip-ansi-cjs
3678 silly ADD node_modules/string-width-cjs
3679 silly ADD node_modules/string-width-cjs/node_modules/emoji-regex
3680 silly ADD node_modules/string-width
3681 silly ADD node_modules/string-width/node_modules/ansi-regex
3682 silly ADD node_modules/string-width/node_modules/strip-ansi
3683 silly ADD node_modules/@pkgjs/parseargs
3684 silly ADD node_modules/@isaacs/cliui
3685 silly ADD node_modules/@isaacs/cliui/node_modules/ansi-regex
3686 silly ADD node_modules/@isaacs/cliui/node_modules/strip-ansi
3687 silly ADD node_modules/set-function-name
3688 silly ADD node_modules/is-extglob
3689 silly ADD node_modules/side-channel
3690 silly ADD node_modules/resolve-from
3691 silly ADD node_modules/parent-module
3692 silly ADD node_modules/micromatch
3693 silly ADD node_modules/path-type
3694 silly ADD node_modules/slash
3695 silly ADD node_modules/merge2
3696 silly ADD node_modules/fast-glob
3697 silly ADD node_modules/fast-glob/node_modules/glob-parent
3698 silly ADD node_modules/dir-glob
3699 silly ADD node_modules/array-union
3700 silly ADD node_modules/type-fest
3701 silly ADD node_modules/signal-exit
3702 silly ADD node_modules/path-scurry
3703 silly ADD node_modules/minipass
3704 silly ADD node_modules/jackspeak
3705 silly ADD node_modules/foreground-child
3706 silly ADD node_modules/resolve-pkg-maps
3707 silly ADD node_modules/dunder-proto
3708 silly ADD node_modules/functions-have-names
3709 silly ADD node_modules/rimraf
3710 silly ADD node_modules/rimraf/node_modules/glob
3711 silly ADD node_modules/keyv
3712 silly ADD node_modules/flatted
3713 silly ADD node_modules/path-exists
3714 silly ADD node_modules/locate-path
3715 silly ADD node_modules/flat-cache
3716 silly ADD node_modules/reusify
3717 silly ADD node_modules/acorn-jsx
3718 silly ADD node_modules/acorn
3719 silly ADD node_modules/esrecurse
3720 silly ADD node_modules/iterator.prototype
3721 silly ADD node_modules/string.prototype.repeat
3722 silly ADD node_modules/string.prototype.matchall
3723 silly ADD node_modules/prop-types
3724 silly ADD node_modules/object.entries
3725 silly ADD node_modules/estraverse
3726 silly ADD node_modules/es-iterator-helpers
3727 silly ADD node_modules/array.prototype.tosorted
3728 silly ADD node_modules/array.prototype.findlast
3729 silly ADD node_modules/string.prototype.includes
3730 silly ADD node_modules/language-tags
3731 silly ADD node_modules/jsx-ast-utils
3732 silly ADD node_modules/emoji-regex
3733 silly ADD node_modules/damerau-levenshtein
3734 silly ADD node_modules/axobject-query
3735 silly ADD node_modules/axe-core
3736 silly ADD node_modules/ast-types-flow
3737 silly ADD node_modules/aria-query
3738 silly ADD node_modules/is-symbol
3739 silly ADD node_modules/is-date-object
3740 silly ADD node_modules/has-tostringtag
3741 silly ADD node_modules/possible-typed-array-names
3742 silly ADD node_modules/which-typed-array
3743 silly ADD node_modules/unbox-primitive
3744 silly ADD node_modules/typed-array-length
3745 silly ADD node_modules/typed-array-byte-offset
3746 silly ADD node_modules/typed-array-byte-length
3747 silly ADD node_modules/typed-array-buffer
3748 silly ADD node_modules/string.prototype.trimstart
3749 silly ADD node_modules/string.prototype.trim
3750 silly ADD node_modules/stop-iteration-iterator
3751 silly ADD node_modules/set-proto
3752 silly ADD node_modules/safe-regex-test
3753 silly ADD node_modules/safe-push-apply
3754 silly ADD node_modules/safe-array-concat
3755 silly ADD node_modules/regexp.prototype.flags
3756 silly ADD node_modules/own-keys
3757 silly ADD node_modules/object.assign
3758 silly ADD node_modules/object-inspect
3759 silly ADD node_modules/is-weakref
3760 silly ADD node_modules/is-typed-array
3761 silly ADD node_modules/is-shared-array-buffer
3762 silly ADD node_modules/is-set
3763 silly ADD node_modules/is-regex
3764 silly ADD node_modules/is-negative-zero
3765 silly ADD node_modules/is-data-view
3766 silly ADD node_modules/is-callable
3767 silly ADD node_modules/is-array-buffer
3768 silly ADD node_modules/internal-slot
3769 silly ADD node_modules/has-symbols
3770 silly ADD node_modules/has-proto
3771 silly ADD node_modules/globalthis
3772 silly ADD node_modules/get-symbol-description
3773 silly ADD node_modules/get-proto
3774 silly ADD node_modules/function.prototype.name
3775 silly ADD node_modules/es-to-primitive
3776 silly ADD node_modules/es-set-tostringtag
3777 silly ADD node_modules/data-view-byte-offset
3778 silly ADD node_modules/data-view-byte-length
3779 silly ADD node_modules/data-view-buffer
3780 silly ADD node_modules/available-typed-arrays
3781 silly ADD node_modules/arraybuffer.prototype.slice
3782 silly ADD node_modules/array-buffer-byte-length
3783 silly ADD node_modules/gopd
3784 silly ADD node_modules/object-keys
3785 silly ADD node_modules/has-property-descriptors
3786 silly ADD node_modules/define-data-property
3787 silly ADD node_modules/function-bind
3788 silly ADD node_modules/set-function-length
3789 silly ADD node_modules/es-define-property
3790 silly ADD node_modules/call-bind-apply-helpers
3791 silly ADD node_modules/es-shim-unscopables
3792 silly ADD node_modules/es-errors
3793 silly ADD node_modules/math-intrinsics
3794 silly ADD node_modules/is-string
3795 silly ADD node_modules/get-intrinsic
3796 silly ADD node_modules/es-object-atoms
3797 silly ADD node_modules/es-abstract
3798 silly ADD node_modules/define-properties
3799 silly ADD node_modules/call-bound
3800 silly ADD node_modules/call-bind
3801 silly ADD node_modules/tsconfig-paths
3802 silly ADD node_modules/string.prototype.trimend
3803 silly ADD node_modules/object.values
3804 silly ADD node_modules/object.groupby
3805 silly ADD node_modules/object.fromentries
3806 silly ADD node_modules/hasown
3807 silly ADD node_modules/eslint-module-utils
3808 silly ADD node_modules/eslint-module-utils/node_modules/debug
3809 silly ADD node_modules/array.prototype.flatmap
3810 silly ADD node_modules/array.prototype.flat
3811 silly ADD node_modules/array.prototype.findlastindex
3812 silly ADD node_modules/array-includes
3813 silly ADD node_modules/@rtsao/scc
3814 silly ADD node_modules/unrs-resolver
3815 silly ADD node_modules/tinyglobby
3816 silly ADD node_modules/tinyglobby/node_modules/picomatch
3817 silly ADD node_modules/tinyglobby/node_modules/fdir
3818 silly ADD node_modules/stable-hash
3819 silly ADD node_modules/is-bun-module
3820 silly ADD node_modules/get-tsconfig
3821 silly ADD node_modules/@nolyfill/is-core-module
3822 silly ADD node_modules/resolve
3823 silly ADD node_modules/is-core-module
3824 silly ADD node_modules/ts-api-utils
3825 silly ADD node_modules/semver
3826 silly ADD node_modules/globby
3827 silly ADD node_modules/@typescript-eslint/visitor-keys
3828 silly ADD node_modules/@typescript-eslint/typescript-estree
3829 silly ADD node_modules/@typescript-eslint/typescript-estree/node_modules/brace-expansion
3830 silly ADD node_modules/@typescript-eslint/typescript-estree/node_modules/minimatch
3831 silly ADD node_modules/@typescript-eslint/types
3832 silly ADD node_modules/@typescript-eslint/scope-manager
3833 silly ADD node_modules/glob
3834 silly ADD node_modules/glob/node_modules/brace-expansion
3835 silly ADD node_modules/glob/node_modules/minimatch
3836 silly ADD node_modules/eslint-plugin-react-hooks
3837 silly ADD node_modules/eslint-plugin-react
3838 silly ADD node_modules/eslint-plugin-react/node_modules/semver
3839 silly ADD node_modules/eslint-plugin-react/node_modules/doctrine
3840 silly ADD node_modules/eslint-plugin-jsx-a11y
3841 silly ADD node_modules/eslint-plugin-import
3842 silly ADD node_modules/eslint-plugin-import/node_modules/semver
3843 silly ADD node_modules/eslint-plugin-import/node_modules/doctrine
3844 silly ADD node_modules/eslint-plugin-import/node_modules/debug
3845 silly ADD node_modules/eslint-import-resolver-typescript
3846 silly ADD node_modules/eslint-import-resolver-node
3847 silly ADD node_modules/eslint-import-resolver-node/node_modules/debug
3848 silly ADD node_modules/@typescript-eslint/parser
3849 silly ADD node_modules/@rushstack/eslint-patch
3850 silly ADD node_modules/@next/eslint-plugin-next
3851 silly ADD node_modules/ms
3852 silly ADD node_modules/which
3853 silly ADD node_modules/shebang-command
3854 silly ADD node_modules/path-key
3855 silly ADD node_modules/color-name
3856 silly ADD node_modules/color-convert
3857 silly ADD node_modules/supports-color
3858 silly ADD node_modules/ansi-styles
3859 silly ADD node_modules/uri-js
3860 silly ADD node_modules/json-schema-traverse
3861 silly ADD node_modules/fast-json-stable-stringify
3862 silly ADD node_modules/run-parallel
3863 silly ADD node_modules/@nodelib/fs.stat
3864 silly ADD node_modules/fastq
3865 silly ADD node_modules/@nodelib/fs.scandir
3866 silly ADD node_modules/@humanwhocodes/object-schema
3867 silly ADD node_modules/strip-json-comments
3868 silly ADD node_modules/import-fresh
3869 silly ADD node_modules/text-table
3870 silly ADD node_modules/strip-ansi
3871 silly ADD node_modules/optionator
3872 silly ADD node_modules/natural-compare
3873 silly ADD node_modules/minimatch
3874 silly ADD node_modules/lodash.merge
3875 silly ADD node_modules/levn
3876 silly ADD node_modules/json-stable-stringify-without-jsonify
3877 silly ADD node_modules/js-yaml
3878 silly ADD node_modules/is-path-inside
3879 silly ADD node_modules/is-glob
3880 silly ADD node_modules/imurmurhash
3881 silly ADD node_modules/ignore
3882 silly ADD node_modules/graphemer
3883 silly ADD node_modules/globals
3884 silly ADD node_modules/glob-parent
3885 silly ADD node_modules/find-up
3886 silly ADD node_modules/file-entry-cache
3887 silly ADD node_modules/fast-deep-equal
3888 silly ADD node_modules/esutils
3889 silly ADD node_modules/esquery
3890 silly ADD node_modules/espree
3891 silly ADD node_modules/eslint-visitor-keys
3892 silly ADD node_modules/eslint-scope
3893 silly ADD node_modules/escape-string-regexp
3894 silly ADD node_modules/doctrine
3895 silly ADD node_modules/debug
3896 silly ADD node_modules/cross-spawn
3897 silly ADD node_modules/chalk
3898 silly ADD node_modules/ajv
3899 silly ADD node_modules/@ungap/structured-clone
3900 silly ADD node_modules/@nodelib/fs.walk
3901 silly ADD node_modules/@humanwhocodes/module-importer
3902 silly ADD node_modules/@humanwhocodes/config-array
3903 silly ADD node_modules/@eslint/js
3904 silly ADD node_modules/@eslint/eslintrc
3905 silly ADD node_modules/@eslint-community/regexpp
3906 silly ADD node_modules/@eslint-community/eslint-utils
3907 silly ADD node_modules/csstype
3908 silly ADD node_modules/@types/prop-types
3909 silly ADD node_modules/undici-types
3910 silly ADD node_modules/iceberg-js
3911 silly ADD node_modules/ws
3912 silly ADD node_modules/@types/ws
3913 silly ADD node_modules/@supabase/phoenix
3914 silly ADD node_modules/tslib
3915 silly ADD node_modules/@supabase/storage-js
3916 silly ADD node_modules/@supabase/realtime-js
3917 silly ADD node_modules/@supabase/postgrest-js
3918 silly ADD node_modules/@supabase/functions-js
3919 silly ADD node_modules/@supabase/auth-js
3920 silly ADD node_modules/typescript
3921 silly ADD node_modules/tailwindcss
3922 silly ADD node_modules/tailwindcss/node_modules/resolve
3923 silly ADD node_modules/postcss
3924 silly ADD node_modules/react-dom
3925 silly ADD node_modules/next
3926 silly ADD node_modules/next/node_modules/postcss
3927 silly ADD node_modules/react
3928 silly ADD node_modules/lucide-react
3929 silly ADD node_modules/eslint-config-next
3930 silly ADD node_modules/eslint
3931 silly ADD node_modules/@types/react-dom
3932 silly ADD node_modules/@types/react
3933 silly ADD node_modules/@types/node
3934 silly ADD node_modules/@supabase/supabase-js
3935 verbose cwd /Users/benjamin/Projects/Kuva-v2/kuva-latest
3936 verbose os Darwin 25.1.0
3937 verbose node v24.11.0
3938 verbose npm  v11.7.0
3939 notice
3939 notice New [33mminor[39m version of npm available! [33m11.7.0[39m -> [34m11.13.0[39m
3939 notice Changelog: [34mhttps://github.com/npm/cli/releases/tag/v11.13.0[39m
3939 notice To update run: [4mnpm install -g npm@11.13.0[24m
3939 notice  { force: true, Symbol(proc-log.meta): true }
3940 verbose exit 0
3941 info ok
